center_id,meal_id,category,cuisine,center_type,op_area,latest_week,checkout_price,base_price,emailer_for_promotion,homepage_featured,orders_lag_1,orders_lag_2,orders_roll_mean_4,category_code,cuisine_code,center_type_code,discount,discount_pct,meal_label
10,1062,Beverages,Italian,TYPE_B,6.3,145,191.09,191.09,0,0,945.0,1120.0,968.5,0,2,1,0.0,0.0,Meal 1062 — Beverages (Italian)
10,1109,Rice Bowl,Indian,TYPE_B,6.3,145,292.03,292.03,0,0,1905.0,1810.0,1712.5,8,1,1,0.0,0.0,Meal 1109 — Rice Bowl (Indian)
10,1198,Extras,Thai,TYPE_B,6.3,145,171.75,171.75,0,0,540.0,270.0,432.25,3,3,1,0.0,0.0,Meal 1198 — Extras (Thai)
10,1207,Beverages,Continental,TYPE_B,6.3,145,388.0,390.0,0,0,284.0,136.0,182.5,0,0,1,2.0,0.0051282051282051,Meal 1207 — Beverages (Continental)
10,1216,Pasta,Italian,TYPE_B,6.3,145,417.13,418.13,0,0,230.0,366.0,223.0,6,2,1,1.0,0.0023916006983474,Meal 1216 — Pasta (Italian)
10,1230,Beverages,Continental,TYPE_B,6.3,145,382.24,382.24,0,0,150.0,135.0,135.25,0,0,1,0.0,0.0,Meal 1230 — Beverages (Continental)
10,1247,Biryani,Indian,TYPE_B,6.3,145,447.23,445.23,0,0,28.0,14.0,20.75,1,1,1,-2.0,-0.004492060283449,Meal 1247 — Biryani (Indian)
10,1248,Beverages,Indian,TYPE_B,6.3,145,164.96,163.96,0,0,283.0,122.0,226.75,0,1,1,-1.0,-0.0060990485484264,Meal 1248 — Beverages (Indian)
10,1311,Extras,Thai,TYPE_B,6.3,145,192.09,193.09,0,0,500.0,582.0,530.75,3,3,1,1.0,0.0051789321042001,Meal 1311 — Extras (Thai)
10,1438,Soup,Thai,TYPE_B,6.3,145,194.0,194.0,0,0,53.0,148.0,97.5,12,3,1,0.0,0.0,Meal 1438 — Soup (Thai)
10,1445,Seafood,Continental,TYPE_B,6.3,145,728.53,728.53,0,0,310.0,432.0,205.75,11,0,1,0.0,0.0,Meal 1445 — Seafood (Continental)
10,1525,Other Snacks,Thai,TYPE_B,6.3,145,321.13,320.13,0,0,405.0,595.0,479.5,5,3,1,-1.0,-0.0031237309842876,Meal 1525 — Other Snacks (Thai)
10,1543,Desert,Indian,TYPE_B,6.3,145,485.03,485.03,0,0,243.0,325.0,243.25,2,1,1,0.0,0.0,Meal 1543 — Desert (Indian)
10,1558,Pizza,Continental,TYPE_B,6.3,145,564.6,564.6,0,0,134.0,163.0,438.5,7,0,1,0.0,0.0,Meal 1558 — Pizza (Continental)
10,1571,Fish,Continental,TYPE_B,6.3,145,639.23,640.23,0,0,203.0,406.0,266.5,4,0,1,1.0,0.0015619386782874,Meal 1571 — Fish (Continental)
10,1727,Rice Bowl,Indian,TYPE_B,6.3,145,464.63,466.63,0,0,905.0,958.0,918.0,8,1,1,2.0,0.0042860510468679,Meal 1727 — Rice Bowl (Indian)
10,1754,Sandwich,Italian,TYPE_B,6.3,145,320.16,318.16,0,0,1161.0,972.0,986.0,10,2,1,-2.0,-0.0062861453356801,Meal 1754 — Sandwich (Italian)
10,1770,Biryani,Indian,TYPE_B,6.3,145,484.03,486.03,0,0,42.0,68.0,48.5,1,1,1,2.0,0.0041149723268111,Meal 1770 — Biryani (Indian)
10,1778,Beverages,Italian,TYPE_B,6.3,145,191.12,192.12,0,0,1175.0,946.0,1016.5,0,2,1,1.0,0.0052050801582344,Meal 1778 — Beverages (Italian)
10,1803,Extras,Thai,TYPE_B,6.3,145,169.75,171.75,0,0,661.0,566.0,566.5,3,3,1,2.0,0.0116448326055312,Meal 1803 — Extras (Thai)
10,1847,Soup,Thai,TYPE_B,6.3,145,196.0,196.0,0,0,14.0,82.0,54.25,12,3,1,0.0,0.0,Meal 1847 — Soup (Thai)
10,1878,Starters,Thai,TYPE_B,6.3,145,321.13,319.13,0,0,28.0,122.0,78.5,13,3,1,-2.0,-0.0062670385109516,Meal 1878 — Starters (Thai)
10,1885,Beverages,Thai,TYPE_B,6.3,145,158.14,158.14,0,0,1904.0,1986.0,1975.0,0,3,1,0.0,0.0,Meal 1885 — Beverages (Thai)
10,1902,Biryani,Indian,TYPE_B,6.3,145,446.23,445.23,0,0,150.0,80.0,98.75,1,1,1,-1.0,-0.0022460301417245,Meal 1902 — Biryani (Indian)
10,1962,Pizza,Continental,TYPE_B,6.3,145,563.6,562.6,0,0,553.0,566.0,948.25,7,0,1,-1.0,-0.0017774617845716,Meal 1962 — Pizza (Continental)
10,1971,Sandwich,Italian,TYPE_B,6.3,145,344.35,346.35,0,0,459.0,190.0,273.25,10,2,1,2.0,0.0057745055579615,Meal 1971 — Sandwich (Italian)
10,1993,Beverages,Thai,TYPE_B,6.3,145,157.14,158.14,0,0,944.0,852.0,864.25,0,3,1,1.0,0.0063235108132034,Meal 1993 — Beverages (Thai)
10,2104,Fish,Continental,TYPE_B,6.3,145,640.23,639.23,0,0,189.0,203.0,196.0,4,0,1,-1.0,-0.0015643821472709,Meal 2104 — Fish (Continental)
10,2126,Pasta,Italian,TYPE_B,6.3,145,484.03,486.03,0,0,68.0,14.0,37.25,6,2,1,2.0,0.0041149723268111,Meal 2126 — Pasta (Italian)
10,2139,Beverages,Indian,TYPE_B,6.3,145,285.18,285.18,0,0,150.0,148.0,175.5,0,1,1,0.0,0.0,Meal 2139 — Beverages (Indian)
10,2290,Rice Bowl,Indian,TYPE_B,6.3,145,289.09,290.09,0,0,2051.0,2067.0,2187.75,8,1,1,1.0,0.0034472060395049,Meal 2290 — Rice Bowl (Indian)
10,2304,Desert,Indian,TYPE_B,6.3,145,486.03,486.03,0,0,202.0,188.0,137.75,2,1,1,0.0,0.0,Meal 2304 — Desert (Indian)
10,2306,Pasta,Italian,TYPE_B,6.3,145,238.65,335.62,1,0,148.0,54.0,111.25,6,2,1,96.97,0.288927954233955,Meal 2306 — Pasta (Italian)
10,2322,Beverages,Continental,TYPE_B,6.3,145,386.06,386.06,0,0,162.0,202.0,152.0,0,0,1,0.0,0.0,Meal 2322 — Beverages (Continental)
10,2444,Seafood,Continental,TYPE_B,6.3,145,727.53,728.53,0,0,406.0,554.0,253.75,11,0,1,1.0,0.001372627070951,Meal 2444 — Seafood (Continental)
10,2490,Salad,Italian,TYPE_B,6.3,145,275.54,274.54,0,0,607.0,339.0,374.75,9,2,1,-1.0,-0.0036424564726451,Meal 2490 — Salad (Italian)
10,2492,Desert,Indian,TYPE_B,6.3,145,389.03,388.03,0,0,150.0,258.0,247.25,2,1,1,-1.0,-0.002577120325748,Meal 2492 — Desert (Indian)
10,2494,Soup,Thai,TYPE_B,6.3,145,195.0,194.0,0,0,95.0,54.0,104.5,12,3,1,-1.0,-0.0051546391752577,Meal 2494 — Soup (Thai)
10,2539,Beverages,Thai,TYPE_B,6.3,145,159.11,158.11,0,0,296.0,566.0,465.5,0,3,1,-1.0,-0.006324710644488,Meal 2539 — Beverages (Thai)
10,2569,Salad,Italian,TYPE_B,6.3,145,242.56,327.89,0,0,837.0,445.0,607.75,9,2,1,85.32999999999998,0.2602397145384122,Meal 2569 — Salad (Italian)
10,2577,Starters,Thai,TYPE_B,6.3,145,321.13,319.13,0,0,134.0,175.0,208.75,13,3,1,-2.0,-0.0062670385109516,Meal 2577 — Starters (Thai)
10,2581,Pizza,Continental,TYPE_B,6.3,145,562.6,564.6,0,0,445.0,485.0,600.75,7,0,1,2.0,0.0035423308537017,Meal 2581 — Pizza (Continental)
10,2631,Beverages,Indian,TYPE_B,6.3,145,164.93,164.93,0,0,243.0,271.0,280.75,0,1,1,0.0,0.0,Meal 2631 — Beverages (Indian)
10,2640,Starters,Thai,TYPE_B,6.3,145,321.13,319.13,0,0,379.0,244.0,314.25,13,3,1,-2.0,-0.0062670385109516,Meal 2640 — Starters (Thai)
10,2664,Salad,Italian,TYPE_B,6.3,145,244.5,328.83,0,0,865.0,540.0,682.25,9,2,1,84.32999999999998,0.2564547030380439,Meal 2664 — Salad (Italian)
10,2704,Other Snacks,Thai,TYPE_B,6.3,145,319.13,321.13,0,0,271.0,404.0,375.0,5,3,1,2.0,0.0062280073490486,Meal 2704 — Other Snacks (Thai)
10,2707,Beverages,Italian,TYPE_B,6.3,145,239.65,239.65,0,0,1296.0,1134.0,1188.0,0,2,1,0.0,0.0,Meal 2707 — Beverages (Italian)
10,2760,Other Snacks,Thai,TYPE_B,6.3,145,162.99,242.53,0,0,1094.0,270.0,540.25,5,3,1,79.53999999999999,0.3279594276996659,Meal 2760 — Other Snacks (Thai)
10,2826,Sandwich,Italian,TYPE_B,6.3,145,377.33,377.33,0,0,688.0,852.0,799.75,10,2,1,0.0,0.0,Meal 2826 — Sandwich (Italian)
10,2867,Seafood,Continental,TYPE_B,6.3,145,648.02,727.53,0,0,325.0,323.0,178.75,11,0,1,79.50999999999999,0.1092875895152089,Meal 2867 — Seafood (Continental)
10,2956,Fish,Continental,TYPE_B,6.3,145,642.14,643.14,0,0,243.0,149.0,246.5,4,0,1,1.0,0.0015548714121342,Meal 2956 — Fish (Continental)
11,1062,Beverages,Italian,TYPE_A,3.7,145,179.51,177.51,0,0,797.0,635.0,716.0,0,2,0,-2.0,-0.0112669708748802,Meal 1062 — Beverages (Italian)
11,1109,Rice Bowl,Indian,TYPE_A,3.7,145,271.6,272.6,0,0,986.0,1080.0,952.5,8,1,0,1.0,0.0036683785766691,Meal 1109 — Rice Bowl (Indian)
11,1198,Extras,Thai,TYPE_A,3.7,145,169.75,219.22,0,0,162.0,230.0,283.75,3,3,0,49.47,0.2256637168141592,Meal 1198 — Extras (Thai)
11,1207,Beverages,Continental,TYPE_A,3.7,145,377.39,375.39,0,0,96.0,109.0,122.25,0,0,0,-2.0,-0.0053277924292069,Meal 1207 — Beverages (Continental)
11,1216,Pasta,Italian,TYPE_A,3.7,145,435.56,435.56,0,0,177.0,161.0,112.0,6,2,0,0.0,0.0,Meal 1216 — Pasta (Italian)
11,1230,Beverages,Continental,TYPE_A,3.7,145,365.75,364.75,0,0,175.0,109.0,141.75,0,0,0,-1.0,-0.0027416038382453,Meal 1230 — Beverages (Continental)
11,1247,Biryani,Indian,TYPE_A,3.7,145,447.23,447.23,0,0,13.0,15.0,17.0,1,1,0,0.0,0.0,Meal 1247 — Biryani (Indian)
11,1248,Beverages,Indian,TYPE_A,3.7,145,164.93,164.93,0,0,54.0,40.0,61.0,0,1,0,0.0,0.0,Meal 1248 — Beverages (Indian)
11,1311,Extras,Thai,TYPE_A,3.7,145,188.21,188.21,0,0,338.0,297.0,425.0,3,3,0,0.0,0.0,Meal 1311 — Extras (Thai)
11,1438,Soup,Thai,TYPE_A,3.7,145,195.0,194.0,0,1,109.0,379.0,186.75,12,3,0,-1.0,-0.0051546391752577,Meal 1438 — Soup (Thai)
11,1445,Seafood,Continental,TYPE_A,3.7,145,727.53,727.53,0,0,163.0,230.0,128.5,11,0,0,0.0,0.0,Meal 1445 — Seafood (Continental)
11,1525,Other Snacks,Thai,TYPE_A,3.7,145,319.13,319.13,0,0,216.0,257.0,257.25,5,3,0,0.0,0.0,Meal 1525 — Other Snacks (Thai)
11,1543,Desert,Indian,TYPE_A,3.7,145,486.03,484.03,0,0,69.0,134.0,104.75,2,1,0,-2.0,-0.0041319752907877,Meal 1543 — Desert (Indian)
11,1558,Pizza,Continental,TYPE_A,3.7,145,563.6,564.6,0,0,148.0,107.0,415.5,7,0,0,1.0,0.0017711654268508,Meal 1558 — Pizza (Continental)
11,1571,Fish,Continental,TYPE_A,3.7,144,590.73,591.73,0,0,55.0,54.0,78.25,4,0,0,1.0,0.0016899599479492,Meal 1571 — Fish (Continental)
11,1727,Rice Bowl,Indian,TYPE_A,3.7,145,464.63,465.63,0,0,554.0,568.0,595.0,8,1,0,1.0,0.0021476279449348,Meal 1727 — Rice Bowl (Indian)
11,1754,Sandwich,Italian,TYPE_A,3.7,145,314.31,315.31,0,0,783.0,797.0,776.0,10,2,0,1.0,0.0031714820335542,Meal 1754 — Sandwich (Italian)
11,1770,Biryani,Indian,TYPE_A,3.7,144,486.03,486.03,0,0,15.0,27.0,23.75,1,1,0,0.0,0.0,Meal 1770 — Biryani (Indian)
11,1778,Beverages,Italian,TYPE_A,3.7,145,179.45,181.45,0,0,879.0,811.0,918.5,0,2,0,2.0,0.0110223201984017,Meal 1778 — Beverages (Italian)
11,1803,Extras,Thai,TYPE_A,3.7,145,186.3,208.61,0,0,420.0,473.0,473.0,3,3,0,22.31,0.1069459757442116,Meal 1803 — Extras (Thai)
11,1847,Soup,Thai,TYPE_A,3.7,145,195.0,195.0,0,1,95.0,188.0,98.0,12,3,0,0.0,0.0,Meal 1847 — Soup (Thai)
11,1878,Starters,Thai,TYPE_A,3.7,145,321.13,321.13,0,1,123.0,27.0,88.5,13,3,0,0.0,0.0,Meal 1878 — Starters (Thai)
11,1885,Beverages,Thai,TYPE_A,3.7,145,157.14,158.14,0,0,1621.0,1444.0,1448.25,0,3,0,1.0,0.0063235108132034,Meal 1885 — Beverages (Thai)
11,1902,Biryani,Indian,TYPE_A,3.7,145,446.23,445.23,0,0,42.0,41.0,41.0,1,1,0,-1.0,-0.0022460301417245,Meal 1902 — Biryani (Indian)
11,1962,Pizza,Continental,TYPE_A,3.7,145,562.6,562.6,0,0,283.0,365.0,921.75,7,0,0,0.0,0.0,Meal 1962 — Pizza (Continental)
11,1971,Sandwich,Italian,TYPE_A,3.7,145,344.35,344.35,0,0,323.0,297.0,317.75,10,2,0,0.0,0.0,Meal 1971 — Sandwich (Italian)
11,1993,Beverages,Thai,TYPE_A,3.7,145,157.14,157.14,0,0,971.0,730.0,948.75,0,3,0,0.0,0.0,Meal 1993 — Beverages (Thai)
11,2126,Pasta,Italian,TYPE_A,3.7,145,486.03,486.03,0,0,15.0,15.0,31.25,6,2,0,0.0,0.0,Meal 2126 — Pasta (Italian)
11,2139,Beverages,Indian,TYPE_A,3.7,145,288.12,289.12,0,0,94.0,107.0,66.75,0,1,0,1.0,0.0034587714443829,Meal 2139 — Beverages (Indian)
11,2290,Rice Bowl,Indian,TYPE_A,3.7,145,285.24,284.24,0,0,1121.0,836.0,877.5,8,1,0,-1.0,-0.0035181536729524,Meal 2290 — Rice Bowl (Indian)
11,2304,Desert,Indian,TYPE_A,3.7,145,486.03,484.03,0,0,53.0,148.0,80.5,2,1,0,-2.0,-0.0041319752907877,Meal 2304 — Desert (Indian)
11,2306,Pasta,Italian,TYPE_A,3.7,145,242.5,337.62,1,0,55.0,15.0,24.75,6,2,0,95.12,0.2817368639298619,Meal 2306 — Pasta (Italian)
11,2322,Beverages,Continental,TYPE_A,3.7,145,368.6,369.6,0,0,135.0,175.0,182.25,0,0,0,1.0,0.0027056277056277,Meal 2322 — Beverages (Continental)
11,2444,Seafood,Continental,TYPE_A,3.7,145,728.53,728.53,0,0,431.0,296.0,205.75,11,0,0,0.0,0.0,Meal 2444 — Seafood (Continental)
11,2490,Salad,Italian,TYPE_A,3.7,145,290.03,292.03,0,0,366.0,431.0,351.75,9,2,0,2.0,0.0068486114440297,Meal 2490 — Salad (Italian)
11,2492,Desert,Indian,TYPE_A,3.7,145,388.03,388.03,0,0,40.0,42.0,37.25,2,1,0,0.0,0.0,Meal 2492 — Desert (Indian)
11,2494,Soup,Thai,TYPE_A,3.7,145,194.0,195.0,0,1,136.0,161.0,114.5,12,3,0,1.0,0.0051282051282051,Meal 2494 — Soup (Thai)
11,2539,Beverages,Thai,TYPE_A,3.7,145,160.11,158.11,0,0,352.0,514.0,452.5,0,3,0,-2.0,-0.012649421288976,Meal 2539 — Beverages (Thai)
11,2569,Salad,Italian,TYPE_A,3.7,145,241.53,308.52,0,0,944.0,190.0,384.75,9,2,0,66.98999999999998,0.2171334111240762,Meal 2569 — Salad (Italian)
11,2577,Starters,Thai,TYPE_A,3.7,145,319.13,321.13,0,0,107.0,41.0,70.75,13,3,0,2.0,0.0062280073490486,Meal 2577 — Starters (Thai)
11,2581,Pizza,Continental,TYPE_A,3.7,145,564.6,563.6,0,0,177.0,121.0,422.75,7,0,0,-1.0,-0.0017743080198722,Meal 2581 — Pizza (Continental)
11,2631,Beverages,Indian,TYPE_A,3.7,145,163.93,163.93,0,0,53.0,107.0,104.25,0,1,0,0.0,0.0,Meal 2631 — Beverages (Indian)
11,2640,Starters,Thai,TYPE_A,3.7,145,320.13,320.13,0,0,123.0,96.0,109.0,13,3,0,0.0,0.0,Meal 2640 — Starters (Thai)
11,2664,Salad,Italian,TYPE_A,3.7,145,235.74,307.52,0,0,933.0,472.0,526.75,9,2,0,71.77999999999997,0.2334157127991674,Meal 2664 — Salad (Italian)
11,2704,Other Snacks,Thai,TYPE_A,3.7,145,321.13,319.13,0,0,176.0,163.0,193.5,5,3,0,-2.0,-0.0062670385109516,Meal 2704 — Other Snacks (Thai)
11,2707,Beverages,Italian,TYPE_A,3.7,145,237.71,236.71,0,0,1133.0,1135.0,989.5,0,2,0,-1.0,-0.0042245785982848,Meal 2707 — Beverages (Italian)
11,2760,Other Snacks,Thai,TYPE_A,3.7,145,170.78,242.53,0,1,419.0,108.0,209.75,5,3,0,71.75,0.2958396899352657,Meal 2760 — Other Snacks (Thai)
11,2826,Sandwich,Italian,TYPE_A,3.7,145,365.69,365.69,0,0,472.0,701.0,610.75,10,2,0,0.0,0.0,Meal 2826 — Sandwich (Italian)
11,2867,Seafood,Continental,TYPE_A,3.7,145,727.53,727.53,0,1,188.0,176.0,101.5,11,0,0,0.0,0.0,Meal 2867 — Seafood (Continental)
11,2956,Fish,Continental,TYPE_A,3.7,145,639.23,640.23,0,0,67.0,67.0,63.75,4,0,0,1.0,0.0015619386782874,Meal 2956 — Fish (Continental)
13,1062,Beverages,Italian,TYPE_B,6.7,145,189.21,189.21,0,0,1243.0,1093.0,1077.0,0,2,1,0.0,0.0,Meal 1062 — Beverages (Italian)
13,1109,Rice Bowl,Indian,TYPE_B,6.7,145,287.18,285.18,0,0,2161.0,1930.0,1832.5,8,1,1,-2.0,-0.0070131145241601,Meal 1109 — Rice Bowl (Indian)
13,1198,Extras,Thai,TYPE_B,6.7,145,174.6,176.6,0,0,419.0,298.0,449.75,3,3,1,2.0,0.0113250283125707,Meal 1198 — Extras (Thai)
13,1207,Beverages,Continental,TYPE_B,6.7,145,388.0,388.0,0,0,81.0,107.0,104.5,0,0,1,0.0,0.0,Meal 1207 — Beverages (Continental)
13,1216,Pasta,Italian,TYPE_B,6.7,145,408.37,409.37,0,0,284.0,324.0,223.0,6,2,1,1.0,0.0024427779270586,Meal 1216 — Pasta (Italian)
13,1230,Beverages,Continental,TYPE_B,6.7,145,378.36,376.36,0,0,163.0,163.0,179.5,0,0,1,-2.0,-0.0053140610054203,Meal 1230 — Beverages (Continental)
13,1247,Biryani,Indian,TYPE_B,6.7,145,447.23,446.23,0,0,69.0,188.0,84.5,1,1,1,-1.0,-0.0022409967953745,Meal 1247 — Biryani (Indian)
13,1248,Beverages,Indian,TYPE_B,6.7,145,164.93,163.93,0,0,109.0,109.0,98.25,0,1,1,-1.0,-0.006100164704447,Meal 1248 — Beverages (Indian)
13,1311,Extras,Thai,TYPE_B,6.7,145,150.38,200.79,0,0,485.0,445.0,543.0,3,3,1,50.41,0.2510583196374321,Meal 1311 — Extras (Thai)
13,1438,Soup,Thai,TYPE_B,6.7,145,195.0,196.0,0,0,175.0,202.0,196.0,12,3,1,1.0,0.0051020408163265,Meal 1438 — Soup (Thai)
13,1445,Seafood,Continental,TYPE_B,6.7,145,727.53,726.53,0,0,364.0,420.0,243.5,11,0,1,-1.0,-0.0013764056542744,Meal 1445 — Seafood (Continental)
13,1525,Other Snacks,Thai,TYPE_B,6.7,145,321.13,319.13,0,0,459.0,513.0,496.75,5,3,1,-2.0,-0.0062670385109516,Meal 1525 — Other Snacks (Thai)
13,1543,Desert,Indian,TYPE_B,6.7,145,484.03,485.03,0,0,298.0,310.0,263.75,2,1,1,1.0,0.0020617281405273,Meal 1543 — Desert (Indian)
13,1558,Pizza,Continental,TYPE_B,6.7,145,564.6,563.6,0,0,230.0,271.0,456.0,7,0,1,-1.0,-0.0017743080198722,Meal 1558 — Pizza (Continental)
13,1571,Fish,Continental,TYPE_B,6.7,145,641.23,639.23,0,0,351.0,284.0,300.5,4,0,1,-2.0,-0.0031287642945418,Meal 1571 — Fish (Continental)
13,1727,Rice Bowl,Indian,TYPE_B,6.7,145,455.9,456.9,0,0,825.0,986.0,814.25,8,1,1,1.0,0.0021886627270737,Meal 1727 — Rice Bowl (Indian)
13,1754,Sandwich,Italian,TYPE_B,6.7,145,317.25,315.25,0,0,1297.0,1133.0,1168.0,10,2,1,-2.0,-0.0063441712926249,Meal 1754 — Sandwich (Italian)
13,1770,Biryani,Indian,TYPE_B,6.7,145,485.03,486.03,0,0,55.0,26.0,54.0,1,1,1,1.0,0.0020574861634055,Meal 1770 — Biryani (Indian)
13,1778,Beverages,Italian,TYPE_B,6.7,145,190.18,189.18,0,0,771.0,1079.0,928.5,0,2,1,-1.0,-0.0052859710328787,Meal 1778 — Beverages (Italian)
13,1803,Extras,Thai,TYPE_B,6.7,145,192.09,192.09,0,0,581.0,473.0,594.0,3,3,1,0.0,0.0,Meal 1803 — Extras (Thai)
13,1847,Soup,Thai,TYPE_B,6.7,145,194.0,194.0,0,0,216.0,190.0,203.0,12,3,1,0.0,0.0,Meal 1847 — Soup (Thai)
13,1878,Starters,Thai,TYPE_B,6.7,145,302.7,300.7,0,0,188.0,136.0,152.25,13,3,1,-2.0,-0.0066511473229132,Meal 1878 — Starters (Thai)
13,1885,Beverages,Thai,TYPE_B,6.7,145,159.14,151.38,0,1,2403.0,3172.0,2858.75,0,3,1,-7.759999999999991,-0.0512617254591094,Meal 1885 — Beverages (Thai)
13,1902,Biryani,Indian,TYPE_B,6.7,145,446.23,446.23,0,0,109.0,107.0,104.75,1,1,1,0.0,0.0,Meal 1902 — Biryani (Indian)
13,1962,Pizza,Continental,TYPE_B,6.7,145,564.6,562.6,0,0,661.0,594.0,1188.0,7,0,1,-2.0,-0.0035549235691432,Meal 1962 — Pizza (Continental)
13,1971,Sandwich,Italian,TYPE_B,6.7,145,346.35,344.35,0,0,377.0,379.0,357.5,10,2,1,-2.0,-0.0058080441411354,Meal 1971 — Sandwich (Italian)
13,1993,Beverages,Thai,TYPE_B,6.7,145,159.14,149.41,0,1,1986.0,1876.0,1901.0,0,3,1,-9.72999999999999,-0.0651228164112174,Meal 1993 — Beverages (Thai)
13,2104,Fish,Continental,TYPE_B,6.7,145,641.23,641.23,0,0,109.0,177.0,146.0,4,0,1,0.0,0.0,Meal 2104 — Fish (Continental)
13,2126,Pasta,Italian,TYPE_B,6.7,145,484.03,507.31,0,1,82.0,15.0,34.0,6,2,1,23.28000000000003,0.0458891013384321,Meal 2126 — Pasta (Italian)
13,2139,Beverages,Indian,TYPE_B,6.7,145,292.03,290.03,0,0,148.0,94.0,145.0,0,1,1,-2.0,-0.0068958383615488,Meal 2139 — Beverages (Indian)
13,2290,Rice Bowl,Indian,TYPE_B,6.7,145,290.09,289.09,0,0,2350.0,2283.0,2262.0,8,1,1,-1.0,-0.0034591303746238,Meal 2290 — Rice Bowl (Indian)
13,2304,Desert,Indian,TYPE_B,6.7,145,486.03,485.03,0,0,175.0,148.0,144.5,2,1,1,-1.0,-0.0020617281405273,Meal 2304 — Desert (Indian)
13,2306,Pasta,Italian,TYPE_B,6.7,145,247.38,335.62,1,0,82.0,54.0,84.75,6,2,1,88.24000000000001,0.2629163935403135,Meal 2306 — Pasta (Italian)
13,2322,Beverages,Continental,TYPE_B,6.7,145,377.36,378.36,0,0,204.0,162.0,206.5,0,0,1,1.0,0.0026429855164393,Meal 2322 — Beverages (Continental)
13,2444,Seafood,Continental,TYPE_B,6.7,145,726.53,726.53,0,0,487.0,593.0,324.25,11,0,1,0.0,0.0,Meal 2444 — Seafood (Continental)
13,2490,Salad,Italian,TYPE_B,6.7,145,291.03,292.03,0,0,323.0,351.0,381.25,9,2,1,1.0,0.0034243057220148,Meal 2490 — Salad (Italian)
13,2492,Desert,Indian,TYPE_B,6.7,145,387.03,387.03,0,0,42.0,96.0,85.75,2,1,1,0.0,0.0,Meal 2492 — Desert (Indian)
13,2494,Soup,Thai,TYPE_B,6.7,145,195.0,194.0,0,0,177.0,216.0,213.25,12,3,1,-1.0,-0.0051546391752577,Meal 2494 — Soup (Thai)
13,2539,Beverages,Thai,TYPE_B,6.7,145,157.2,150.38,0,1,730.0,676.0,658.5,0,3,1,-6.819999999999993,-0.0453517755020614,Meal 2539 — Beverages (Thai)
13,2569,Salad,Italian,TYPE_B,6.7,145,241.53,337.56,0,0,1066.0,473.0,587.5,9,2,1,96.03,0.2844827586206896,Meal 2569 — Salad (Italian)
13,2577,Starters,Thai,TYPE_B,6.7,145,321.13,320.13,0,1,243.0,298.0,246.5,13,3,1,-1.0,-0.0031237309842876,Meal 2577 — Starters (Thai)
13,2581,Pizza,Continental,TYPE_B,6.7,145,564.6,563.6,0,0,244.0,285.0,588.25,7,0,1,-1.0,-0.0017743080198722,Meal 2581 — Pizza (Continental)
13,2631,Beverages,Indian,TYPE_B,6.7,145,163.96,162.96,0,0,257.0,134.0,202.25,0,1,1,-1.0,-0.0061364752086401,Meal 2631 — Beverages (Indian)
13,2640,Starters,Thai,TYPE_B,6.7,145,321.13,319.13,0,0,566.0,473.0,499.5,13,3,1,-2.0,-0.0062670385109516,Meal 2640 — Starters (Thai)
13,2664,Salad,Italian,TYPE_B,6.7,145,241.59,335.62,0,0,1106.0,418.0,574.0,9,2,1,94.03,0.2801680471962338,Meal 2664 — Salad (Italian)
13,2704,Other Snacks,Thai,TYPE_B,6.7,145,319.13,320.13,0,0,325.0,377.0,347.25,5,3,1,1.0,0.0031237309842876,Meal 2704 — Other Snacks (Thai)
13,2707,Beverages,Italian,TYPE_B,6.7,145,230.86,231.86,0,0,2012.0,1782.0,1856.5,0,2,1,1.0,0.0043129474682998,Meal 2707 — Beverages (Italian)
13,2760,Other Snacks,Thai,TYPE_B,6.7,145,162.99,241.53,0,1,1715.0,392.0,681.75,5,3,1,78.53999999999999,0.3251769966463793,Meal 2760 — Other Snacks (Thai)
13,2826,Sandwich,Italian,TYPE_B,6.7,145,379.33,378.33,0,0,879.0,998.0,979.0,10,2,1,-1.0,-0.0026431950942299,Meal 2826 — Sandwich (Italian)
13,2867,Seafood,Continental,TYPE_B,6.7,145,727.53,727.53,0,1,460.0,445.0,280.5,11,0,1,0.0,0.0,Meal 2867 — Seafood (Continental)
13,2956,Fish,Continental,TYPE_B,6.7,145,637.29,638.29,0,0,311.0,310.0,293.5,4,0,1,1.0,0.0015666859891271,Meal 2956 — Fish (Continental)
14,1062,Beverages,Italian,TYPE_C,2.7,145,193.03,193.03,0,0,447.0,325.0,412.0,0,2,2,0.0,0.0,Meal 1062 — Beverages (Italian)
14,1109,Rice Bowl,Indian,TYPE_C,2.7,145,290.06,291.06,0,0,296.0,472.0,347.75,8,1,2,1.0,0.003435717721432,Meal 1109 — Rice Bowl (Indian)
14,1198,Extras,Thai,TYPE_C,2.7,64,143.62,179.51,0,0,121.0,177.0,162.25,3,3,2,35.889999999999986,0.1999331513564703,Meal 1198 — Extras (Thai)
14,1207,Beverages,Continental,TYPE_C,2.7,145,383.15,384.15,0,0,107.0,188.0,151.25,0,0,2,1.0,0.0026031498112716,Meal 1207 — Beverages (Continental)
14,1216,Pasta,Italian,TYPE_C,2.7,145,418.13,418.13,0,0,42.0,149.0,68.0,6,2,2,0.0,0.0,Meal 1216 — Pasta (Italian)
14,1230,Beverages,Continental,TYPE_C,2.7,145,380.3,380.3,0,0,284.0,229.0,222.5,0,0,2,0.0,0.0,Meal 1230 — Beverages (Continental)
14,1247,Biryani,Indian,TYPE_C,2.7,144,447.23,445.23,0,0,15.0,14.0,31.5,1,1,2,-2.0,-0.004492060283449,Meal 1247 — Biryani (Indian)
14,1248,Beverages,Indian,TYPE_C,2.7,145,163.93,165.93,0,0,81.0,94.0,83.75,0,1,2,2.0,0.012053275477611,Meal 1248 — Beverages (Indian)
14,1311,Extras,Thai,TYPE_C,2.7,145,339.53,338.53,0,0,134.0,136.0,145.5,3,3,2,-1.0,-0.002953947951437,Meal 1311 — Extras (Thai)
14,1438,Soup,Thai,TYPE_C,2.7,145,196.0,195.0,0,0,41.0,54.0,57.5,12,3,2,-1.0,-0.0051282051282051,Meal 1438 — Soup (Thai)
14,1445,Seafood,Continental,TYPE_C,2.7,145,726.53,727.53,0,0,149.0,203.0,101.25,11,0,2,1.0,0.0013745137657553,Meal 1445 — Seafood (Continental)
14,1525,Other Snacks,Thai,TYPE_C,2.7,145,320.13,319.13,0,0,27.0,81.0,81.25,5,3,2,-1.0,-0.0031335192554758,Meal 1525 — Other Snacks (Thai)
14,1543,Desert,Indian,TYPE_C,2.7,145,486.03,486.03,0,0,55.0,67.0,51.5,2,1,2,0.0,0.0,Meal 1543 — Desert (Indian)
14,1558,Pizza,Continental,TYPE_C,2.7,145,562.6,563.6,0,0,149.0,26.0,199.0,7,0,2,1.0,0.0017743080198722,Meal 1558 — Pizza (Continental)
14,1571,Fish,Continental,TYPE_C,2.7,145,640.23,640.23,0,0,40.0,28.0,60.75,4,0,2,0.0,0.0,Meal 1571 — Fish (Continental)
14,1727,Rice Bowl,Indian,TYPE_C,2.7,145,466.63,466.63,0,0,297.0,244.0,280.75,8,1,2,0.0,0.0,Meal 1727 — Rice Bowl (Indian)
14,1754,Sandwich,Italian,TYPE_C,2.7,145,318.16,319.16,0,0,324.0,420.0,321.0,10,2,2,1.0,0.0031332247148765,Meal 1754 — Sandwich (Italian)
14,1770,Biryani,Indian,TYPE_C,2.7,144,484.03,485.03,0,0,13.0,14.0,17.25,1,1,2,1.0,0.0020617281405273,Meal 1770 — Biryani (Indian)
14,1778,Beverages,Italian,TYPE_C,2.7,145,192.09,193.09,0,0,377.0,446.0,381.5,0,2,2,1.0,0.0051789321042001,Meal 1778 — Beverages (Italian)
14,1803,Extras,Thai,TYPE_C,2.7,145,169.75,195.03,0,0,96.0,150.0,176.25,3,3,2,25.28,0.1296210839358047,Meal 1803 — Extras (Thai)
14,1847,Soup,Thai,TYPE_C,2.7,145,194.0,196.0,0,0,122.0,95.0,85.25,12,3,2,2.0,0.010204081632653,Meal 1847 — Soup (Thai)
14,1878,Starters,Thai,TYPE_C,2.7,145,321.13,319.13,0,0,26.0,40.0,27.25,13,3,2,-2.0,-0.0062670385109516,Meal 1878 — Starters (Thai)
14,1885,Beverages,Thai,TYPE_C,2.7,145,159.11,158.11,0,0,702.0,797.0,745.75,0,3,2,-1.0,-0.006324710644488,Meal 1885 — Beverages (Thai)
14,1902,Biryani,Indian,TYPE_C,2.7,145,447.23,447.23,0,0,28.0,14.0,20.75,1,1,2,0.0,0.0,Meal 1902 — Biryani (Indian)
14,1962,Pizza,Continental,TYPE_C,2.7,145,564.6,563.6,0,0,148.0,123.0,442.5,7,0,2,-1.0,-0.0017743080198722,Meal 1962 — Pizza (Continental)
14,1971,Sandwich,Italian,TYPE_C,2.7,145,346.35,345.35,0,0,94.0,109.0,88.0,10,2,2,-1.0,-0.0028956131460836,Meal 1971 — Sandwich (Italian)
14,1993,Beverages,Thai,TYPE_C,2.7,145,160.11,150.38,0,1,823.0,404.0,620.25,0,3,2,-9.730000000000018,-0.0647027530256684,Meal 1993 — Beverages (Thai)
14,2126,Pasta,Italian,TYPE_C,2.7,145,486.03,485.03,0,0,14.0,15.0,41.5,6,2,2,-1.0,-0.0020617281405273,Meal 2126 — Pasta (Italian)
14,2139,Beverages,Indian,TYPE_C,2.7,145,290.03,292.03,0,0,41.0,40.0,34.0,0,1,2,2.0,0.0068486114440297,Meal 2139 — Beverages (Indian)
14,2290,Rice Bowl,Indian,TYPE_C,2.7,145,250.32,298.79,0,0,568.0,350.0,388.0,8,1,2,48.47000000000003,0.1622209578633824,Meal 2290 — Rice Bowl (Indian)
14,2304,Desert,Indian,TYPE_C,2.7,145,486.03,486.03,0,0,28.0,27.0,34.0,2,1,2,0.0,0.0,Meal 2304 — Desert (Indian)
14,2306,Pasta,Italian,TYPE_C,2.7,145,243.5,337.62,1,0,14.0,53.0,23.5,6,2,2,94.12,0.2787749540903975,Meal 2306 — Pasta (Italian)
14,2322,Beverages,Continental,TYPE_C,2.7,145,385.12,386.12,0,0,204.0,122.0,170.0,0,0,2,1.0,0.0025898684346835,Meal 2322 — Beverages (Continental)
14,2444,Seafood,Continental,TYPE_C,2.7,144,486.03,726.53,1,1,175.0,14.0,53.75,11,0,2,240.5,0.3310255598529998,Meal 2444 — Seafood (Continental)
14,2490,Salad,Italian,TYPE_C,2.7,145,290.03,291.03,0,0,231.0,257.0,209.5,9,2,2,1.0,0.0034360718826237,Meal 2490 — Salad (Italian)
14,2492,Desert,Indian,TYPE_C,2.7,145,387.03,389.03,0,0,15.0,41.0,40.75,2,1,2,2.0,0.0051409916972984,Meal 2492 — Desert (Indian)
14,2494,Soup,Thai,TYPE_C,2.7,145,194.0,196.0,0,0,80.0,42.0,47.5,12,3,2,2.0,0.010204081632653,Meal 2494 — Soup (Thai)
14,2539,Beverages,Thai,TYPE_C,2.7,145,158.14,158.14,0,0,269.0,216.0,219.75,0,3,2,0.0,0.0,Meal 2539 — Beverages (Thai)
14,2569,Salad,Italian,TYPE_C,2.7,145,246.41,339.56,0,0,365.0,175.0,202.75,9,2,2,93.15,0.2743255978324891,Meal 2569 — Salad (Italian)
14,2577,Starters,Thai,TYPE_C,2.7,142,320.13,320.13,0,0,13.0,15.0,14.0,13,3,2,0.0,0.0,Meal 2577 — Starters (Thai)
14,2581,Pizza,Continental,TYPE_C,2.7,145,562.66,561.66,0,0,176.0,80.0,320.5,7,0,2,-1.0,-0.0017804365630452,Meal 2581 — Pizza (Continental)
14,2631,Beverages,Indian,TYPE_C,2.7,145,165.93,163.93,0,0,108.0,82.0,88.0,0,1,2,-2.0,-0.012200329408894,Meal 2631 — Beverages (Indian)
14,2640,Starters,Thai,TYPE_C,2.7,143,320.13,319.13,0,0,13.0,68.0,37.25,13,3,2,-1.0,-0.0031335192554758,Meal 2640 — Starters (Thai)
14,2664,Salad,Italian,TYPE_C,2.7,145,255.17,337.56,0,0,256.0,163.0,162.25,9,2,2,82.39000000000001,0.2440751273847612,Meal 2664 — Salad (Italian)
14,2704,Other Snacks,Thai,TYPE_C,2.7,145,321.13,319.13,0,1,41.0,14.0,24.0,5,3,2,-2.0,-0.0062670385109516,Meal 2704 — Other Snacks (Thai)
14,2707,Beverages,Italian,TYPE_C,2.7,145,237.71,236.71,0,0,499.0,499.0,482.25,0,2,2,-1.0,-0.0042245785982848,Meal 2707 — Beverages (Italian)
14,2760,Other Snacks,Thai,TYPE_C,2.7,145,162.99,242.53,0,1,230.0,54.0,84.25,5,3,2,79.53999999999999,0.3279594276996659,Meal 2760 — Other Snacks (Thai)
14,2826,Sandwich,Italian,TYPE_C,2.7,145,378.33,379.33,0,0,405.0,486.0,429.0,10,2,2,1.0,0.0026362270318719,Meal 2826 — Sandwich (Italian)
14,2867,Seafood,Continental,TYPE_C,2.7,144,484.03,726.53,1,1,163.0,40.0,74.25,11,0,2,242.5,0.3337783711615487,Meal 2867 — Seafood (Continental)
17,1062,Beverages,Italian,TYPE_A,3.2,145,190.12,190.12,0,0,405.0,501.0,379.0,0,2,0,0.0,0.0,Meal 1062 — Beverages (Italian)
17,1109,Rice Bowl,Indian,TYPE_A,3.2,145,258.08,286.18,0,0,350.0,379.0,307.5,8,1,0,28.100000000000023,0.0981899503808792,Meal 1109 — Rice Bowl (Indian)
17,1198,Extras,Thai,TYPE_A,3.2,145,185.3,228.01,0,0,81.0,203.0,129.0,3,3,0,42.70999999999998,0.187316345774308,Meal 1198 — Extras (Thai)
17,1207,Beverages,Continental,TYPE_A,3.2,145,389.0,390.0,0,0,67.0,80.0,70.5,0,0,0,1.0,0.0025641025641025,Meal 1207 — Beverages (Continental)
17,1216,Pasta,Italian,TYPE_A,3.2,145,416.13,416.13,0,0,67.0,121.0,73.75,6,2,0,0.0,0.0,Meal 1216 — Pasta (Italian)
17,1230,Beverages,Continental,TYPE_A,3.2,145,370.6,369.6,0,0,258.0,122.0,118.25,0,0,0,-1.0,-0.0027056277056277,Meal 1230 — Beverages (Continental)
17,1247,Biryani,Indian,TYPE_A,3.2,145,447.23,447.23,0,0,15.0,42.0,34.25,1,1,0,0.0,0.0,Meal 1247 — Biryani (Indian)
17,1248,Beverages,Indian,TYPE_A,3.2,145,163.93,164.93,0,0,55.0,27.0,54.75,0,1,0,1.0,0.0060631783180743,Meal 1248 — Beverages (Indian)
17,1311,Extras,Thai,TYPE_A,3.2,145,181.39,248.38,0,0,216.0,150.0,196.5,3,3,0,66.99000000000001,0.2697077059344553,Meal 1311 — Extras (Thai)
17,1438,Soup,Thai,TYPE_A,3.2,145,195.0,194.0,0,0,82.0,14.0,34.25,12,3,0,-1.0,-0.0051546391752577,Meal 1438 — Soup (Thai)
17,1445,Seafood,Continental,TYPE_A,3.2,145,728.53,728.53,0,0,257.0,285.0,152.0,11,0,0,0.0,0.0,Meal 1445 — Seafood (Continental)
17,1525,Other Snacks,Thai,TYPE_A,3.2,145,320.13,319.13,0,0,67.0,69.0,85.25,5,3,0,-1.0,-0.0031335192554758,Meal 1525 — Other Snacks (Thai)
17,1543,Desert,Indian,TYPE_A,3.2,145,485.03,484.03,0,0,40.0,41.0,61.25,2,1,0,-1.0,-0.0020659876453938,Meal 1543 — Desert (Indian)
17,1558,Pizza,Continental,TYPE_A,3.2,145,562.6,564.6,0,0,109.0,41.0,165.5,7,0,0,2.0,0.0035423308537017,Meal 1558 — Pizza (Continental)
17,1571,Fish,Continental,TYPE_A,3.2,145,639.23,640.23,0,0,54.0,80.0,81.0,4,0,0,1.0,0.0015619386782874,Meal 1571 — Fish (Continental)
17,1727,Rice Bowl,Indian,TYPE_A,3.2,145,464.63,466.63,0,0,243.0,202.0,223.25,8,1,0,2.0,0.0042860510468679,Meal 1727 — Rice Bowl (Indian)
17,1754,Sandwich,Italian,TYPE_A,3.2,145,319.16,320.16,0,0,68.0,161.0,152.25,10,2,0,1.0,0.0031234382808595,Meal 1754 — Sandwich (Italian)
17,1770,Biryani,Indian,TYPE_A,3.2,140,486.03,486.03,0,0,14.0,28.0,24.5,1,1,0,0.0,0.0,Meal 1770 — Biryani (Indian)
17,1778,Beverages,Italian,TYPE_A,3.2,145,191.09,191.09,0,0,256.0,460.0,297.25,0,2,0,0.0,0.0,Meal 1778 — Beverages (Italian)
17,1803,Extras,Thai,TYPE_A,3.2,145,157.17,195.03,0,0,217.0,163.0,200.0,3,3,0,37.860000000000014,0.1941239809260114,Meal 1803 — Extras (Thai)
17,1847,Soup,Thai,TYPE_A,3.2,145,194.0,196.0,0,0,81.0,40.0,37.0,12,3,0,2.0,0.010204081632653,Meal 1847 — Soup (Thai)
17,1878,Starters,Thai,TYPE_A,3.2,145,320.13,319.13,0,0,26.0,69.0,43.75,13,3,0,-1.0,-0.0031335192554758,Meal 1878 — Starters (Thai)
17,1885,Beverages,Thai,TYPE_A,3.2,145,159.11,160.11,0,0,608.0,634.0,604.5,0,3,0,1.0,0.006245706077072,Meal 1885 — Beverages (Thai)
17,1902,Biryani,Indian,TYPE_A,3.2,145,447.23,447.23,0,0,15.0,26.0,27.0,1,1,0,0.0,0.0,Meal 1902 — Biryani (Indian)
17,1962,Pizza,Continental,TYPE_A,3.2,145,562.6,562.6,0,0,231.0,136.0,365.25,7,0,0,0.0,0.0,Meal 1962 — Pizza (Continental)
17,1971,Sandwich,Italian,TYPE_A,3.2,145,344.35,346.35,0,0,161.0,188.0,127.5,10,2,0,2.0,0.0057745055579615,Meal 1971 — Sandwich (Italian)
17,1993,Beverages,Thai,TYPE_A,3.2,145,158.11,159.11,0,0,459.0,460.0,438.5,0,3,0,1.0,0.0062849600905034,Meal 1993 — Beverages (Thai)
17,2126,Pasta,Italian,TYPE_A,3.2,145,486.03,509.31,0,1,28.0,28.0,24.25,6,2,0,23.28000000000003,0.0457089002768452,Meal 2126 — Pasta (Italian)
17,2139,Beverages,Indian,TYPE_A,3.2,145,290.03,290.03,0,0,40.0,13.0,23.5,0,1,0,0.0,0.0,Meal 2139 — Beverages (Indian)
17,2290,Rice Bowl,Indian,TYPE_A,3.2,145,299.79,297.79,0,0,420.0,379.0,375.5,8,1,0,-2.0,-0.0067161422478928,Meal 2290 — Rice Bowl (Indian)
17,2304,Desert,Indian,TYPE_A,3.2,145,485.03,486.03,0,0,41.0,68.0,51.25,2,1,0,1.0,0.0020574861634055,Meal 2304 — Desert (Indian)
17,2306,Pasta,Italian,TYPE_A,3.2,145,243.5,335.62,1,0,67.0,26.0,33.25,6,2,0,92.12,0.274477087181932,Meal 2306 — Pasta (Italian)
17,2322,Beverages,Continental,TYPE_A,3.2,145,378.33,378.33,0,0,135.0,150.0,132.5,0,0,0,0.0,0.0,Meal 2322 — Beverages (Continental)
17,2444,Seafood,Continental,TYPE_A,3.2,145,727.53,728.53,0,0,297.0,258.0,155.25,11,0,0,1.0,0.001372627070951,Meal 2444 — Seafood (Continental)
17,2490,Salad,Italian,TYPE_A,3.2,145,291.03,291.03,0,0,81.0,81.0,91.5,9,2,0,0.0,0.0,Meal 2490 — Salad (Italian)
17,2492,Desert,Indian,TYPE_A,3.2,145,389.03,388.03,0,0,40.0,41.0,44.0,2,1,0,-1.0,-0.002577120325748,Meal 2492 — Desert (Indian)
17,2494,Soup,Thai,TYPE_A,3.2,111,242.5,243.5,0,0,14.0,42.0,31.5,12,3,0,1.0,0.0041067761806981,Meal 2494 — Soup (Thai)
17,2539,Beverages,Thai,TYPE_A,3.2,145,158.11,159.11,0,0,188.0,162.0,195.5,0,3,0,1.0,0.0062849600905034,Meal 2539 — Beverages (Thai)
17,2569,Salad,Italian,TYPE_A,3.2,145,242.53,338.56,0,0,270.0,96.0,155.25,9,2,0,96.03,0.2836424858223062,Meal 2569 — Salad (Italian)
17,2577,Starters,Thai,TYPE_A,3.2,145,320.13,321.13,0,0,55.0,27.0,60.75,13,3,0,1.0,0.0031140036745243,Meal 2577 — Starters (Thai)
17,2581,Pizza,Continental,TYPE_A,3.2,145,564.6,563.6,0,0,82.0,109.0,186.5,7,0,0,-1.0,-0.0017743080198722,Meal 2581 — Pizza (Continental)
17,2631,Beverages,Indian,TYPE_A,3.2,145,162.02,162.02,0,0,26.0,41.0,44.0,0,1,0,0.0,0.0,Meal 2631 — Beverages (Indian)
17,2640,Starters,Thai,TYPE_A,3.2,145,320.13,319.13,0,0,68.0,55.0,115.75,13,3,0,-1.0,-0.0031335192554758,Meal 2640 — Starters (Thai)
17,2664,Salad,Italian,TYPE_A,3.2,145,242.53,336.62,0,0,377.0,297.0,300.75,9,2,0,94.09,0.2795139920385004,Meal 2664 — Salad (Italian)
17,2704,Other Snacks,Thai,TYPE_A,3.2,145,321.13,321.13,0,0,68.0,53.0,50.25,5,3,0,0.0,0.0,Meal 2704 — Other Snacks (Thai)
17,2707,Beverages,Italian,TYPE_A,3.2,145,239.62,238.62,0,0,568.0,420.0,439.25,0,2,0,-1.0,-0.0041907635571201,Meal 2707 — Beverages (Italian)
17,2760,Other Snacks,Thai,TYPE_A,3.2,145,161.99,241.53,0,0,162.0,54.0,115.0,5,3,0,79.53999999999999,0.3293172690763052,Meal 2760 — Other Snacks (Thai)
17,2826,Sandwich,Italian,TYPE_A,3.2,145,378.33,378.33,0,0,230.0,269.0,229.5,10,2,0,0.0,0.0,Meal 2826 — Sandwich (Italian)
17,2867,Seafood,Continental,TYPE_A,3.2,144,486.03,726.53,1,1,175.0,26.0,57.25,11,0,0,240.5,0.3310255598529998,Meal 2867 — Seafood (Continental)
20,1062,Beverages,Italian,TYPE_A,4.0,145,188.21,187.21,0,0,297.0,323.0,347.5,0,2,0,-1.0,-0.005341595000267,Meal 1062 — Beverages (Italian)
20,1109,Rice Bowl,Indian,TYPE_A,4.0,145,295.91,294.91,0,0,501.0,472.0,483.0,8,1,0,-1.0,-0.0033908650096639,Meal 1109 — Rice Bowl (Indian)
20,1198,Extras,Thai,TYPE_A,4.0,145,189.18,188.18,0,0,242.0,216.0,219.25,3,3,0,-1.0,-0.0053140610054203,Meal 1198 — Extras (Thai)
20,1207,Beverages,Continental,TYPE_A,4.0,145,365.75,365.75,0,0,94.0,80.0,70.5,0,0,0,0.0,0.0,Meal 1207 — Beverages (Continental)
20,1216,Pasta,Italian,TYPE_A,4.0,145,417.13,418.13,0,0,109.0,81.0,57.75,6,2,0,1.0,0.0023916006983474,Meal 1216 — Pasta (Italian)
20,1230,Beverages,Continental,TYPE_A,4.0,145,373.48,373.48,0,0,15.0,95.0,68.0,0,0,0,0.0,0.0,Meal 1230 — Beverages (Continental)
20,1247,Biryani,Indian,TYPE_A,4.0,145,445.23,446.23,0,0,15.0,40.0,40.75,1,1,0,1.0,0.0022409967953745,Meal 1247 — Biryani (Indian)
20,1248,Beverages,Indian,TYPE_A,4.0,145,163.93,164.93,0,0,68.0,15.0,48.0,0,1,0,1.0,0.0060631783180743,Meal 1248 — Beverages (Indian)
20,1311,Extras,Thai,TYPE_A,4.0,145,152.35,182.42,0,0,204.0,203.0,230.25,3,3,0,30.069999999999997,0.1648393816467492,Meal 1311 — Extras (Thai)
20,1438,Soup,Thai,TYPE_A,4.0,145,196.0,196.0,0,0,121.0,109.0,125.25,12,3,0,0.0,0.0,Meal 1438 — Soup (Thai)
20,1445,Seafood,Continental,TYPE_A,4.0,145,726.53,726.53,0,0,134.0,55.0,70.75,11,0,0,0.0,0.0,Meal 1445 — Seafood (Continental)
20,1525,Other Snacks,Thai,TYPE_A,4.0,145,321.13,321.13,0,0,149.0,161.0,155.0,5,3,0,0.0,0.0,Meal 1525 — Other Snacks (Thai)
20,1543,Desert,Indian,TYPE_A,4.0,145,486.03,484.03,0,0,96.0,54.0,60.75,2,1,0,-2.0,-0.0041319752907877,Meal 1543 — Desert (Indian)
20,1558,Pizza,Continental,TYPE_A,4.0,145,562.6,563.6,0,0,122.0,80.0,240.25,7,0,0,1.0,0.0017743080198722,Meal 1558 — Pizza (Continental)
20,1571,Fish,Continental,TYPE_A,4.0,145,640.23,641.23,0,0,81.0,81.0,64.5,4,0,0,1.0,0.0015595028304976,Meal 1571 — Fish (Continental)
20,1727,Rice Bowl,Indian,TYPE_A,4.0,145,466.63,464.63,0,0,217.0,163.0,209.25,8,1,0,-2.0,-0.0043045003551212,Meal 1727 — Rice Bowl (Indian)
20,1754,Sandwich,Italian,TYPE_A,4.0,145,320.16,318.16,0,0,418.0,431.0,363.75,10,2,0,-2.0,-0.0062861453356801,Meal 1754 — Sandwich (Italian)
20,1770,Biryani,Indian,TYPE_A,4.0,145,485.03,486.03,0,0,13.0,15.0,13.75,1,1,0,1.0,0.0020574861634055,Meal 1770 — Biryani (Indian)
20,1778,Beverages,Italian,TYPE_A,4.0,145,189.18,189.18,0,0,391.0,284.0,337.5,0,2,0,0.0,0.0,Meal 1778 — Beverages (Italian)
20,1803,Extras,Thai,TYPE_A,4.0,145,226.01,226.01,0,0,256.0,229.0,239.75,3,3,0,0.0,0.0,Meal 1803 — Extras (Thai)
20,1847,Soup,Thai,TYPE_A,4.0,145,196.0,195.0,0,0,134.0,67.0,97.5,12,3,0,-1.0,-0.0051282051282051,Meal 1847 — Soup (Thai)
20,1878,Starters,Thai,TYPE_A,4.0,145,320.13,321.13,0,0,27.0,68.0,61.25,13,3,0,1.0,0.0031140036745243,Meal 1878 — Starters (Thai)
20,1885,Beverages,Thai,TYPE_A,4.0,145,157.14,158.14,0,0,730.0,823.0,878.0,0,3,0,1.0,0.0063235108132034,Meal 1885 — Beverages (Thai)
20,1902,Biryani,Indian,TYPE_A,4.0,145,447.23,445.23,0,0,14.0,15.0,34.75,1,1,0,-2.0,-0.004492060283449,Meal 1902 — Biryani (Indian)
20,1962,Pizza,Continental,TYPE_A,4.0,145,562.6,562.6,0,0,242.0,190.0,607.75,7,0,0,0.0,0.0,Meal 1962 — Pizza (Continental)
20,1971,Sandwich,Italian,TYPE_A,4.0,145,346.35,346.35,0,0,81.0,95.0,102.0,10,2,0,0.0,0.0,Meal 1971 — Sandwich (Italian)
20,1993,Beverages,Thai,TYPE_A,4.0,145,157.14,158.14,0,0,512.0,406.0,462.0,0,3,0,1.0,0.0063235108132034,Meal 1993 — Beverages (Thai)
20,2104,Fish,Continental,TYPE_A,4.0,145,641.23,641.23,0,0,41.0,94.0,51.0,4,0,0,0.0,0.0,Meal 2104 — Fish (Continental)
20,2126,Pasta,Italian,TYPE_A,4.0,145,486.03,507.31,0,1,15.0,27.0,77.75,6,2,0,21.28000000000003,0.0419467386804912,Meal 2126 — Pasta (Italian)
20,2139,Beverages,Indian,TYPE_A,4.0,145,290.03,291.03,0,0,55.0,55.0,64.75,0,1,0,1.0,0.0034360718826237,Meal 2139 — Beverages (Indian)
20,2290,Rice Bowl,Indian,TYPE_A,4.0,145,253.2,298.79,0,0,608.0,566.0,529.75,8,1,0,45.59000000000003,0.1525820810602765,Meal 2290 — Rice Bowl (Indian)
20,2304,Desert,Indian,TYPE_A,4.0,145,486.03,485.03,0,0,82.0,41.0,47.5,2,1,0,-1.0,-0.0020617281405273,Meal 2304 — Desert (Indian)
20,2306,Pasta,Italian,TYPE_A,4.0,145,244.5,307.55,1,0,55.0,41.0,40.5,6,2,0,63.05000000000001,0.2050073158835962,Meal 2306 — Pasta (Italian)
20,2322,Beverages,Continental,TYPE_A,4.0,145,390.0,389.0,0,0,81.0,42.0,85.0,0,0,0,-1.0,-0.0025706940874035,Meal 2322 — Beverages (Continental)
20,2444,Seafood,Continental,TYPE_A,4.0,145,727.53,727.53,0,0,257.0,217.0,132.5,11,0,0,0.0,0.0,Meal 2444 — Seafood (Continental)
20,2490,Salad,Italian,TYPE_A,4.0,145,292.03,292.03,0,0,96.0,216.0,142.25,9,2,0,0.0,0.0,Meal 2490 — Salad (Italian)
20,2492,Desert,Indian,TYPE_A,4.0,145,388.03,388.03,0,0,13.0,69.0,51.0,2,1,0,0.0,0.0,Meal 2492 — Desert (Indian)
20,2494,Soup,Thai,TYPE_A,4.0,145,195.0,196.0,0,0,94.0,68.0,68.0,12,3,0,1.0,0.0051020408163265,Meal 2494 — Soup (Thai)
20,2539,Beverages,Thai,TYPE_A,4.0,145,159.11,158.11,0,0,231.0,122.0,213.0,0,3,0,-1.0,-0.006324710644488,Meal 2539 — Beverages (Thai)
20,2569,Salad,Italian,TYPE_A,4.0,145,241.53,338.56,0,0,298.0,123.0,192.75,9,2,0,97.03,0.2865961720226843,Meal 2569 — Salad (Italian)
20,2577,Starters,Thai,TYPE_A,4.0,145,320.13,319.13,0,0,82.0,54.0,64.25,13,3,0,-1.0,-0.0031335192554758,Meal 2577 — Starters (Thai)
20,2581,Pizza,Continental,TYPE_A,4.0,145,562.6,563.6,0,0,135.0,188.0,313.75,7,0,0,1.0,0.0017743080198722,Meal 2581 — Pizza (Continental)
20,2631,Beverages,Indian,TYPE_A,4.0,145,163.93,165.93,0,0,80.0,108.0,87.5,0,1,0,2.0,0.012053275477611,Meal 2631 — Beverages (Indian)
20,2640,Starters,Thai,TYPE_A,4.0,145,320.13,320.13,0,0,123.0,189.0,169.0,13,3,0,0.0,0.0,Meal 2640 — Starters (Thai)
20,2664,Salad,Italian,TYPE_A,4.0,145,242.53,338.56,0,0,204.0,94.0,145.5,9,2,0,96.03,0.2836424858223062,Meal 2664 — Salad (Italian)
20,2704,Other Snacks,Thai,TYPE_A,4.0,145,319.13,320.13,0,0,107.0,149.0,131.25,5,3,0,1.0,0.0031237309842876,Meal 2704 — Other Snacks (Thai)
20,2707,Beverages,Italian,TYPE_A,4.0,145,239.62,239.62,0,0,715.0,527.0,628.25,0,2,0,0.0,0.0,Meal 2707 — Beverages (Italian)
20,2760,Other Snacks,Thai,TYPE_A,4.0,145,168.84,243.53,0,0,122.0,122.0,108.25,5,3,0,74.69,0.3066973268180512,Meal 2760 — Other Snacks (Thai)
20,2826,Sandwich,Italian,TYPE_A,4.0,145,377.33,378.33,0,0,269.0,352.0,256.5,10,2,0,1.0,0.0026431950942299,Meal 2826 — Sandwich (Italian)
20,2867,Seafood,Continental,TYPE_A,4.0,145,726.53,727.53,0,0,95.0,176.0,74.25,11,0,0,1.0,0.0013745137657553,Meal 2867 — Seafood (Continental)
20,2956,Fish,Continental,TYPE_A,4.0,145,641.23,641.23,0,0,69.0,80.0,70.5,4,0,0,0.0,0.0,Meal 2956 — Fish (Continental)
23,1062,Beverages,Italian,TYPE_A,3.4,145,195.03,194.03,0,0,635.0,433.0,459.5,0,2,0,-1.0,-0.0051538421893521,Meal 1062 — Beverages (Italian)
23,1109,Rice Bowl,Indian,TYPE_A,3.4,145,287.12,288.12,0,0,620.0,770.0,651.5,8,1,0,1.0,0.0034707760655282,Meal 1109 — Rice Bowl (Indian)
23,1198,Extras,Thai,TYPE_A,3.4,145,194.03,194.03,0,0,95.0,81.0,78.0,3,3,0,0.0,0.0,Meal 1198 — Extras (Thai)
23,1207,Beverages,Continental,TYPE_A,3.4,145,376.36,378.36,0,0,134.0,67.0,100.5,0,0,0,2.0,0.0052859710328787,Meal 1207 — Beverages (Continental)
23,1216,Pasta,Italian,TYPE_A,3.4,145,423.95,422.95,0,0,122.0,69.0,68.25,6,2,0,-1.0,-0.0023643456673365,Meal 1216 — Pasta (Italian)
23,1230,Beverages,Continental,TYPE_A,3.4,145,379.27,381.27,0,0,188.0,81.0,95.0,0,0,0,2.0,0.0052456264589398,Meal 1230 — Beverages (Continental)
23,1247,Biryani,Indian,TYPE_A,3.4,145,446.23,446.23,0,0,13.0,14.0,17.25,1,1,0,0.0,0.0,Meal 1247 — Biryani (Indian)
23,1248,Beverages,Indian,TYPE_A,3.4,145,163.93,163.93,0,0,27.0,15.0,44.25,0,1,0,0.0,0.0,Meal 1248 — Beverages (Indian)
23,1311,Extras,Thai,TYPE_A,3.4,145,152.35,228.01,0,0,96.0,161.0,161.75,3,3,0,75.66,0.3318275514231832,Meal 1311 — Extras (Thai)
23,1438,Soup,Thai,TYPE_A,3.4,145,195.0,244.5,0,1,296.0,298.0,257.0,12,3,0,49.5,0.2024539877300613,Meal 1438 — Soup (Thai)
23,1445,Seafood,Continental,TYPE_A,3.4,144,484.03,727.53,1,1,325.0,28.0,108.25,11,0,0,243.5,0.3346941019614312,Meal 1445 — Seafood (Continental)
23,1525,Other Snacks,Thai,TYPE_A,3.4,145,319.13,321.13,0,0,96.0,55.0,78.75,5,3,0,2.0,0.0062280073490486,Meal 1525 — Other Snacks (Thai)
23,1543,Desert,Indian,TYPE_A,3.4,145,485.03,486.03,0,0,28.0,55.0,48.0,2,1,0,1.0,0.0020574861634055,Meal 1543 — Desert (Indian)
23,1558,Pizza,Continental,TYPE_A,3.4,145,564.6,563.6,0,0,95.0,134.0,270.25,7,0,0,-1.0,-0.0017743080198722,Meal 1558 — Pizza (Continental)
23,1571,Fish,Continental,TYPE_A,3.4,145,640.23,639.23,0,0,107.0,69.0,81.25,4,0,0,-1.0,-0.0015643821472709,Meal 1571 — Fish (Continental)
23,1727,Rice Bowl,Indian,TYPE_A,3.4,145,466.63,464.63,0,0,231.0,297.0,273.75,8,1,0,-2.0,-0.0043045003551212,Meal 1727 — Rice Bowl (Indian)
23,1754,Sandwich,Italian,TYPE_A,3.4,145,318.16,319.16,0,0,580.0,433.0,479.0,10,2,0,1.0,0.0031332247148765,Meal 1754 — Sandwich (Italian)
23,1770,Biryani,Indian,TYPE_A,3.4,144,485.03,485.03,0,0,15.0,28.0,21.25,1,1,0,0.0,0.0,Meal 1770 — Biryani (Indian)
23,1778,Beverages,Italian,TYPE_A,3.4,145,182.39,183.39,0,0,567.0,715.0,546.5,0,2,0,1.0,0.0054528600250831,Meal 1778 — Beverages (Italian)
23,1803,Extras,Thai,TYPE_A,3.4,145,145.5,228.01,0,0,121.0,41.0,85.0,3,3,0,82.50999999999999,0.3618700934169553,Meal 1803 — Extras (Thai)
23,1847,Soup,Thai,TYPE_A,3.4,145,194.0,242.5,0,1,188.0,189.0,188.5,12,3,0,48.5,0.2,Meal 1847 — Soup (Thai)
23,1878,Starters,Thai,TYPE_A,3.4,145,321.13,321.13,0,0,41.0,40.0,40.75,13,3,0,0.0,0.0,Meal 1878 — Starters (Thai)
23,1885,Beverages,Thai,TYPE_A,3.4,145,160.11,160.11,0,0,432.0,674.0,505.75,0,3,0,0.0,0.0,Meal 1885 — Beverages (Thai)
23,1902,Biryani,Indian,TYPE_A,3.4,145,447.23,445.23,0,0,13.0,15.0,17.0,1,1,0,-2.0,-0.004492060283449,Meal 1902 — Biryani (Indian)
23,1962,Pizza,Continental,TYPE_A,3.4,145,562.6,562.6,0,0,203.0,284.0,513.25,7,0,0,0.0,0.0,Meal 1962 — Pizza (Continental)
23,1971,Sandwich,Italian,TYPE_A,3.4,145,346.35,344.35,0,0,176.0,229.0,165.5,10,2,0,-2.0,-0.0058080441411354,Meal 1971 — Sandwich (Italian)
23,1993,Beverages,Thai,TYPE_A,3.4,145,160.11,160.11,0,0,391.0,406.0,405.5,0,3,0,0.0,0.0,Meal 1993 — Beverages (Thai)
23,2126,Pasta,Italian,TYPE_A,3.4,142,510.25,511.25,0,0,41.0,26.0,40.75,6,2,0,1.0,0.0019559902200488,Meal 2126 — Pasta (Italian)
23,2139,Beverages,Indian,TYPE_A,3.4,145,292.03,291.03,0,0,14.0,13.0,27.0,0,1,0,-1.0,-0.0034360718826237,Meal 2139 — Beverages (Indian)
23,2290,Rice Bowl,Indian,TYPE_A,3.4,145,238.62,274.57,0,0,647.0,702.0,610.75,8,1,0,35.94999999999999,0.1309320027679644,Meal 2290 — Rice Bowl (Indian)
23,2304,Desert,Indian,TYPE_A,3.4,145,485.03,486.03,0,0,40.0,53.0,50.25,2,1,0,1.0,0.0020574861634055,Meal 2304 — Desert (Indian)
23,2306,Pasta,Italian,TYPE_A,3.4,142,336.62,335.62,0,0,53.0,14.0,23.75,6,2,0,-1.0,-0.0029795602169119,Meal 2306 — Pasta (Italian)
23,2322,Beverages,Continental,TYPE_A,3.4,145,381.24,381.24,0,0,135.0,81.0,101.5,0,0,0,0.0,0.0,Meal 2322 — Beverages (Continental)
23,2444,Seafood,Continental,TYPE_A,3.4,144,484.03,726.53,1,1,163.0,15.0,55.0,11,0,0,242.5,0.3337783711615487,Meal 2444 — Seafood (Continental)
23,2490,Salad,Italian,TYPE_A,3.4,145,291.03,292.03,0,0,217.0,175.0,196.0,9,2,0,1.0,0.0034243057220148,Meal 2490 — Salad (Italian)
23,2492,Desert,Indian,TYPE_A,3.4,145,387.03,388.03,0,0,28.0,27.0,37.5,2,1,0,1.0,0.002577120325748,Meal 2492 — Desert (Indian)
23,2494,Soup,Thai,TYPE_A,3.4,145,196.0,242.5,0,1,123.0,229.0,138.5,12,3,0,46.5,0.1917525773195876,Meal 2494 — Soup (Thai)
23,2539,Beverages,Thai,TYPE_A,3.4,145,160.11,158.11,0,0,135.0,109.0,101.75,0,3,0,-2.0,-0.012649421288976,Meal 2539 — Beverages (Thai)
23,2569,Salad,Italian,TYPE_A,3.4,145,242.53,323.07,0,0,594.0,285.0,253.25,9,2,0,80.53999999999999,0.2492958182437242,Meal 2569 — Salad (Italian)
23,2577,Starters,Thai,TYPE_A,3.4,145,321.13,321.13,0,0,26.0,41.0,27.0,13,3,0,0.0,0.0,Meal 2577 — Starters (Thai)
23,2581,Pizza,Continental,TYPE_A,3.4,145,563.6,562.6,0,0,189.0,189.0,459.0,7,0,0,-1.0,-0.0017774617845716,Meal 2581 — Pizza (Continental)
23,2631,Beverages,Indian,TYPE_A,3.4,145,159.11,160.11,0,0,81.0,54.0,47.25,0,1,0,1.0,0.006245706077072,Meal 2631 — Beverages (Indian)
23,2640,Starters,Thai,TYPE_A,3.4,145,321.13,321.13,0,0,40.0,81.0,54.0,13,3,0,0.0,0.0,Meal 2640 — Starters (Thai)
23,2664,Salad,Italian,TYPE_A,3.4,145,241.53,322.07,0,0,513.0,176.0,222.75,9,2,0,80.53999999999999,0.2500698605893128,Meal 2664 — Salad (Italian)
23,2704,Other Snacks,Thai,TYPE_A,3.4,145,320.13,321.13,0,0,55.0,69.0,54.25,5,3,0,1.0,0.0031140036745243,Meal 2704 — Other Snacks (Thai)
23,2707,Beverages,Italian,TYPE_A,3.4,145,240.62,239.62,0,0,729.0,703.0,752.5,0,2,0,-1.0,-0.0041732743510558,Meal 2707 — Beverages (Italian)
23,2760,Other Snacks,Thai,TYPE_A,3.4,145,163.99,241.53,0,1,177.0,55.0,84.75,5,3,0,77.53999999999999,0.3210367242164534,Meal 2760 — Other Snacks (Thai)
23,2826,Sandwich,Italian,TYPE_A,3.4,145,379.33,378.33,0,0,527.0,717.0,554.25,10,2,0,-1.0,-0.0026431950942299,Meal 2826 — Sandwich (Italian)
23,2867,Seafood,Continental,TYPE_A,3.4,144,485.03,726.53,1,0,54.0,13.0,27.25,11,0,0,241.5,0.3324019655072743,Meal 2867 — Seafood (Continental)
23,2956,Fish,Continental,TYPE_A,3.4,145,640.23,640.23,0,0,55.0,53.0,54.0,4,0,0,0.0,0.0,Meal 2956 — Fish (Continental)
24,1062,Beverages,Italian,TYPE_B,3.6,145,191.09,191.09,0,0,798.0,892.0,850.75,0,2,1,0.0,0.0,Meal 1062 — Beverages (Italian)
24,1109,Rice Bowl,Indian,TYPE_B,3.6,145,286.21,286.21,0,0,958.0,906.0,932.0,8,1,1,0.0,0.0,Meal 1109 — Rice Bowl (Indian)
24,1198,Extras,Thai,TYPE_B,3.6,145,190.12,263.87,0,0,68.0,149.0,159.25,3,3,1,73.75,0.2794936900746579,Meal 1198 — Extras (Thai)
24,1207,Beverages,Continental,TYPE_B,3.6,145,369.57,371.57,0,0,121.0,81.0,128.0,0,0,1,2.0,0.0053825658691498,Meal 1207 — Beverages (Continental)
24,1216,Pasta,Italian,TYPE_B,3.6,145,434.56,434.56,0,0,161.0,215.0,134.0,6,2,1,0.0,0.0,Meal 1216 — Pasta (Italian)
24,1230,Beverages,Continental,TYPE_B,3.6,145,377.36,377.36,0,0,109.0,162.0,108.25,0,0,1,0.0,0.0,Meal 1230 — Beverages (Continental)
24,1247,Biryani,Indian,TYPE_B,3.6,85,437.53,435.53,0,0,40.0,80.0,54.0,1,1,1,-2.0,-0.0045921061694946,Meal 1247 — Biryani (Indian)
24,1248,Beverages,Indian,TYPE_B,3.6,3,98.0,247.35,0,0,296.0,81.0,188.5,0,1,1,149.35,0.6038002829997978,Meal 1248 — Beverages (Indian)
24,1311,Extras,Thai,TYPE_B,3.6,145,155.23,195.03,0,0,189.0,189.0,233.0,3,3,1,39.80000000000001,0.2040711685381736,Meal 1311 — Extras (Thai)
24,1438,Soup,Thai,TYPE_B,3.6,145,194.0,195.0,0,0,163.0,94.0,169.5,12,3,1,1.0,0.0051282051282051,Meal 1438 — Soup (Thai)
24,1445,Seafood,Continental,TYPE_B,3.6,145,728.53,728.53,0,0,324.0,244.0,172.75,11,0,1,0.0,0.0,Meal 1445 — Seafood (Continental)
24,1525,Other Snacks,Thai,TYPE_B,3.6,145,321.13,320.13,0,0,269.0,257.0,272.75,5,3,1,-1.0,-0.0031237309842876,Meal 1525 — Other Snacks (Thai)
24,1543,Desert,Indian,TYPE_B,3.6,145,484.03,486.03,0,0,338.0,243.0,239.75,2,1,1,2.0,0.0041149723268111,Meal 1543 — Desert (Indian)
24,1558,Pizza,Continental,TYPE_B,3.6,145,564.6,562.6,0,0,270.0,215.0,499.25,7,0,1,-2.0,-0.0035549235691432,Meal 1558 — Pizza (Continental)
24,1571,Fish,Continental,TYPE_B,3.6,145,639.23,639.23,0,0,121.0,150.0,138.75,4,0,1,0.0,0.0,Meal 1571 — Fish (Continental)
24,1727,Rice Bowl,Indian,TYPE_B,3.6,145,465.63,465.63,0,0,485.0,568.0,530.0,8,1,1,0.0,0.0,Meal 1727 — Rice Bowl (Indian)
24,1754,Sandwich,Italian,TYPE_B,3.6,145,318.16,319.16,0,0,513.0,486.0,557.5,10,2,1,1.0,0.0031332247148765,Meal 1754 — Sandwich (Italian)
24,1770,Biryani,Indian,TYPE_B,3.6,145,484.03,486.03,0,0,68.0,40.0,81.0,1,1,1,2.0,0.0041149723268111,Meal 1770 — Biryani (Indian)
24,1778,Beverages,Italian,TYPE_B,3.6,145,192.12,192.12,0,0,998.0,959.0,907.5,0,2,1,0.0,0.0,Meal 1778 — Beverages (Italian)
24,1803,Extras,Thai,TYPE_B,3.6,145,171.75,215.4,0,0,297.0,256.0,263.25,3,3,1,43.650000000000006,0.2026462395543175,Meal 1803 — Extras (Thai)
24,1847,Soup,Thai,TYPE_B,3.6,145,195.0,196.0,0,0,28.0,80.0,87.5,12,3,1,1.0,0.0051020408163265,Meal 1847 — Soup (Thai)
24,1878,Starters,Thai,TYPE_B,3.6,145,320.13,320.13,0,0,150.0,136.0,135.5,13,3,1,0.0,0.0,Meal 1878 — Starters (Thai)
24,1885,Beverages,Thai,TYPE_B,3.6,145,159.11,159.11,0,0,1984.0,1958.0,1805.5,0,3,1,0.0,0.0,Meal 1885 — Beverages (Thai)
24,1902,Biryani,Indian,TYPE_B,3.6,145,446.23,445.23,0,0,53.0,42.0,33.5,1,1,1,-1.0,-0.0022460301417245,Meal 1902 — Biryani (Indian)
24,1962,Pizza,Continental,TYPE_B,3.6,145,562.6,564.6,0,0,406.0,378.0,965.5,7,0,1,2.0,0.0035423308537017,Meal 1962 — Pizza (Continental)
24,1971,Sandwich,Italian,TYPE_B,3.6,145,349.2,351.2,0,0,257.0,216.0,297.25,10,2,1,2.0,0.0056947608200455,Meal 1971 — Sandwich (Italian)
24,1993,Beverages,Thai,TYPE_B,3.6,145,160.11,160.11,0,0,1270.0,1241.0,1140.75,0,3,1,0.0,0.0,Meal 1993 — Beverages (Thai)
24,2126,Pasta,Italian,TYPE_B,3.6,145,486.03,484.03,0,0,15.0,95.0,142.25,6,2,1,-2.0,-0.0041319752907877,Meal 2126 — Pasta (Italian)
24,2139,Beverages,Indian,TYPE_B,3.6,145,285.21,285.21,0,0,162.0,135.0,192.5,0,1,1,0.0,0.0,Meal 2139 — Beverages (Indian)
24,2290,Rice Bowl,Indian,TYPE_B,3.6,145,298.79,297.79,0,0,1040.0,1337.0,1113.75,8,1,1,-1.0,-0.0033580711239464,Meal 2290 — Rice Bowl (Indian)
24,2304,Desert,Indian,TYPE_B,3.6,145,485.03,484.03,0,0,162.0,122.0,125.75,2,1,1,-1.0,-0.0020659876453938,Meal 2304 — Desert (Indian)
24,2306,Pasta,Italian,TYPE_B,3.6,145,244.5,337.62,1,0,41.0,80.0,57.25,6,2,1,93.12,0.275813044250933,Meal 2306 — Pasta (Italian)
24,2322,Beverages,Continental,TYPE_B,3.6,145,379.3,378.3,0,0,204.0,175.0,168.75,0,0,1,-1.0,-0.0026434047052603,Meal 2322 — Beverages (Continental)
24,2444,Seafood,Continental,TYPE_B,3.6,145,726.53,727.53,0,0,323.0,392.0,199.25,11,0,1,1.0,0.0013745137657553,Meal 2444 — Seafood (Continental)
24,2490,Salad,Italian,TYPE_B,3.6,145,278.45,276.45,0,0,325.0,190.0,284.5,9,2,1,-2.0,-0.0072345812986073,Meal 2490 — Salad (Italian)
24,2492,Desert,Indian,TYPE_B,3.6,4,389.03,388.03,0,0,163.0,94.0,112.66666666666669,2,1,1,-1.0,-0.002577120325748,Meal 2492 — Desert (Indian)
24,2494,Soup,Thai,TYPE_B,3.6,145,195.0,196.0,0,0,256.0,204.0,223.25,12,3,1,1.0,0.0051020408163265,Meal 2494 — Soup (Thai)
24,2539,Beverages,Thai,TYPE_B,3.6,145,159.11,160.11,0,0,404.0,527.0,435.75,0,3,1,1.0,0.006245706077072,Meal 2539 — Beverages (Thai)
24,2569,Salad,Italian,TYPE_B,3.6,145,234.74,314.34,0,0,676.0,473.0,449.0,9,2,1,79.59999999999997,0.2532289877203028,Meal 2569 — Salad (Italian)
24,2577,Starters,Thai,TYPE_B,3.6,145,298.82,298.82,0,0,121.0,121.0,145.0,13,3,1,0.0,0.0,Meal 2577 — Starters (Thai)
24,2581,Pizza,Continental,TYPE_B,3.6,145,564.6,564.6,0,0,310.0,324.0,628.0,7,0,1,0.0,0.0,Meal 2581 — Pizza (Continental)
24,2631,Beverages,Indian,TYPE_B,3.6,134,53.41,86.39,1,0,161.0,190.0,145.5,0,1,1,32.980000000000004,0.3817571478180345,Meal 2631 — Beverages (Indian)
24,2640,Starters,Thai,TYPE_B,3.6,145,320.13,321.13,0,0,229.0,231.0,209.5,13,3,1,1.0,0.0031140036745243,Meal 2640 — Starters (Thai)
24,2664,Salad,Italian,TYPE_B,3.6,145,243.53,322.1,0,0,674.0,446.0,445.25,9,2,1,78.57000000000002,0.2439304563800062,Meal 2664 — Salad (Italian)
24,2704,Other Snacks,Thai,TYPE_B,3.6,145,321.13,320.13,0,0,189.0,284.0,277.0,5,3,1,-1.0,-0.0031237309842876,Meal 2704 — Other Snacks (Thai)
24,2707,Beverages,Italian,TYPE_B,3.6,145,229.95,228.95,0,0,865.0,877.0,948.5,0,2,1,-1.0,-0.0043677658877484,Meal 2707 — Beverages (Italian)
24,2760,Other Snacks,Thai,TYPE_B,3.6,145,169.78,243.53,0,1,472.0,134.0,273.25,5,3,1,73.75,0.3028374327598243,Meal 2760 — Other Snacks (Thai)
24,2826,Sandwich,Italian,TYPE_B,3.6,145,379.33,377.33,0,0,594.0,905.0,742.5,10,2,1,-2.0,-0.0053004001802136,Meal 2826 — Sandwich (Italian)
24,2867,Seafood,Continental,TYPE_B,3.6,145,726.53,727.53,0,0,379.0,350.0,199.0,11,0,1,1.0,0.0013745137657553,Meal 2867 — Seafood (Continental)
24,2956,Fish,Continental,TYPE_B,3.6,145,641.23,639.23,0,0,135.0,80.0,114.5,4,0,1,-2.0,-0.0031287642945418,Meal 2956 — Fish (Continental)
26,1062,Beverages,Italian,TYPE_C,3.0,145,154.26,155.23,1,1,472.0,431.0,432.25,0,2,2,0.9699999999999988,0.0062487921149262,Meal 1062 — Beverages (Italian)
26,1109,Rice Bowl,Indian,TYPE_C,3.0,145,311.43,309.43,0,0,271.0,284.0,254.0,8,1,2,-2.0,-0.0064634973984422,Meal 1109 — Rice Bowl (Indian)
26,1207,Beverages,Continental,TYPE_C,3.0,145,354.05,356.05,0,0,121.0,109.0,94.75,0,0,2,2.0,0.0056171885971071,Meal 1207 — Beverages (Continental)
26,1216,Pasta,Italian,TYPE_C,3.0,145,414.25,414.25,0,0,55.0,107.0,60.5,6,2,2,0.0,0.0,Meal 1216 — Pasta (Italian)
26,1230,Beverages,Continental,TYPE_C,3.0,145,359.87,360.87,0,0,204.0,176.0,186.25,0,0,2,1.0,0.0027710809986975,Meal 1230 — Beverages (Continental)
26,1247,Biryani,Indian,TYPE_C,3.0,140,403.58,401.58,0,0,26.0,15.0,17.0,1,1,2,-2.0,-0.004980327705563,Meal 1247 — Biryani (Indian)
26,1248,Beverages,Indian,TYPE_C,3.0,145,150.41,149.41,0,0,27.0,27.0,37.25,0,1,2,-1.0,-0.0066929924369185,Meal 1248 — Beverages (Indian)
26,1445,Seafood,Continental,TYPE_C,3.0,144,582.03,728.53,1,0,69.0,26.0,37.75,11,0,2,146.5,0.2010898658943351,Meal 1445 — Seafood (Continental)
26,1525,Other Snacks,Thai,TYPE_C,3.0,144,319.13,319.13,0,0,14.0,28.0,27.25,5,3,2,0.0,0.0,Meal 1525 — Other Snacks (Thai)
26,1543,Desert,Indian,TYPE_C,3.0,145,484.09,483.09,0,0,14.0,15.0,44.5,2,1,2,-1.0,-0.0020700076590283,Meal 1543 — Desert (Indian)
26,1558,Pizza,Continental,TYPE_C,3.0,145,548.08,547.08,0,0,163.0,176.0,210.0,7,0,2,-1.0,-0.0018278862323608,Meal 1558 — Pizza (Continental)
26,1727,Rice Bowl,Indian,TYPE_C,3.0,145,446.23,446.23,0,0,243.0,177.0,166.25,8,1,2,0.0,0.0,Meal 1727 — Rice Bowl (Indian)
26,1754,Sandwich,Italian,TYPE_C,3.0,145,330.83,329.83,0,0,351.0,337.0,337.0,10,2,2,-1.0,-0.0030318649001,Meal 1754 — Sandwich (Italian)
26,1770,Biryani,Indian,TYPE_C,3.0,143,485.03,486.03,0,0,28.0,13.0,16.75,1,1,2,1.0,0.0020574861634055,Meal 1770 — Biryani (Indian)
26,1778,Beverages,Italian,TYPE_C,3.0,145,154.23,175.6,1,1,298.0,258.0,277.5,0,2,2,21.370000000000005,0.1216970387243736,Meal 1778 — Beverages (Italian)
26,1878,Starters,Thai,TYPE_C,3.0,145,319.13,321.13,0,0,14.0,13.0,20.75,13,3,2,2.0,0.0062280073490486,Meal 1878 — Starters (Thai)
26,1885,Beverages,Thai,TYPE_C,3.0,145,138.74,139.74,0,0,162.0,148.0,205.75,0,3,2,1.0,0.007156147130385,Meal 1885 — Beverages (Thai)
26,1902,Biryani,Indian,TYPE_C,3.0,141,445.23,446.23,0,0,28.0,28.0,21.0,1,1,2,1.0,0.0022409967953745,Meal 1902 — Biryani (Indian)
26,1962,Pizza,Continental,TYPE_C,3.0,145,549.08,548.08,0,0,177.0,81.0,229.75,7,0,2,-1.0,-0.0018245511604145,Meal 1962 — Pizza (Continental)
26,1971,Sandwich,Italian,TYPE_C,3.0,145,328.86,329.86,0,0,122.0,53.0,84.25,10,2,2,1.0,0.0030315891590371,Meal 1971 — Sandwich (Italian)
26,1993,Beverages,Thai,TYPE_C,3.0,145,131.92,132.92,0,0,215.0,189.0,209.25,0,3,2,1.0,0.0075233222991272,Meal 1993 — Beverages (Thai)
26,2126,Pasta,Italian,TYPE_C,3.0,145,436.53,508.31,0,0,27.0,42.0,27.25,6,2,2,71.78000000000003,0.1412130392870492,Meal 2126 — Pasta (Italian)
26,2139,Beverages,Indian,TYPE_C,3.0,145,260.93,260.93,0,0,54.0,13.0,40.5,0,1,2,0.0,0.0,Meal 2139 — Beverages (Indian)
26,2290,Rice Bowl,Indian,TYPE_C,3.0,145,271.63,270.63,0,0,377.0,378.0,350.75,8,1,2,-1.0,-0.0036950818460628,Meal 2290 — Rice Bowl (Indian)
26,2304,Desert,Indian,TYPE_C,3.0,145,482.09,484.09,0,0,14.0,40.0,20.0,2,1,2,2.0,0.0041314631576772,Meal 2304 — Desert (Indian)
26,2306,Pasta,Italian,TYPE_C,3.0,144,291.03,336.62,0,0,14.0,107.0,57.5,6,2,2,45.59000000000003,0.1354346146990672,Meal 2306 — Pasta (Italian)
26,2322,Beverages,Continental,TYPE_C,3.0,145,350.17,350.17,0,0,150.0,55.0,122.25,0,0,2,0.0,0.0,Meal 2322 — Beverages (Continental)
26,2444,Seafood,Continental,TYPE_C,3.0,144,582.03,727.53,1,0,26.0,15.0,24.0,11,0,2,145.5,0.1999917529174054,Meal 2444 — Seafood (Continental)
26,2490,Salad,Italian,TYPE_C,3.0,145,292.03,292.03,0,0,190.0,175.0,175.75,9,2,2,0.0,0.0,Meal 2490 — Salad (Italian)
26,2492,Desert,Indian,TYPE_C,3.0,145,456.93,456.93,0,0,14.0,95.0,51.0,2,1,2,0.0,0.0,Meal 2492 — Desert (Indian)
26,2539,Beverages,Thai,TYPE_C,3.0,145,143.56,145.56,0,0,53.0,53.0,50.25,0,3,2,2.0,0.0137400384721077,Meal 2539 — Beverages (Thai)
26,2569,Salad,Italian,TYPE_C,3.0,145,243.5,323.07,0,0,661.0,311.0,324.0,9,2,2,79.57,0.2462933729532299,Meal 2569 — Salad (Italian)
26,2577,Starters,Thai,TYPE_C,3.0,85,194.03,282.33,1,0,13.0,15.0,14.25,13,3,2,88.29999999999998,0.3127545779761271,Meal 2577 — Starters (Thai)
26,2581,Pizza,Continental,TYPE_C,3.0,145,547.08,548.08,0,0,95.0,161.0,185.75,7,0,2,1.0,0.0018245511604145,Meal 2581 — Pizza (Continental)
26,2631,Beverages,Indian,TYPE_C,3.0,145,149.38,149.38,0,0,54.0,67.0,74.25,0,1,2,0.0,0.0,Meal 2631 — Beverages (Indian)
26,2640,Starters,Thai,TYPE_C,3.0,145,319.13,319.13,0,0,95.0,40.0,71.5,13,3,2,0.0,0.0,Meal 2640 — Starters (Thai)
26,2664,Salad,Italian,TYPE_C,3.0,145,248.35,321.07,0,0,512.0,432.0,340.75,9,2,2,72.72,0.2264926651509016,Meal 2664 — Salad (Italian)
26,2704,Other Snacks,Thai,TYPE_C,3.0,145,320.13,319.13,0,0,15.0,15.0,21.5,5,3,2,-1.0,-0.0031335192554758,Meal 2704 — Other Snacks (Thai)
26,2707,Beverages,Italian,TYPE_C,3.0,145,202.76,236.74,0,0,203.0,189.0,199.5,0,2,2,33.98000000000002,0.1435329897778154,Meal 2707 — Beverages (Italian)
26,2760,Other Snacks,Thai,TYPE_C,3.0,145,182.36,260.93,0,0,53.0,14.0,30.75,5,3,2,78.57,0.3011152416356877,Meal 2760 — Other Snacks (Thai)
26,2826,Sandwich,Italian,TYPE_C,3.0,145,325.92,325.92,0,0,94.0,230.0,155.5,10,2,2,0.0,0.0,Meal 2826 — Sandwich (Italian)
26,2867,Seafood,Continental,TYPE_C,3.0,144,581.03,728.53,1,0,54.0,15.0,24.0,11,0,2,147.5,0.2024624929652862,Meal 2867 — Seafood (Continental)
27,1062,Beverages,Italian,TYPE_A,4.5,145,192.12,190.12,0,0,674.0,850.0,725.25,0,2,0,-2.0,-0.0105196717862402,Meal 1062 — Beverages (Italian)
27,1109,Rice Bowl,Indian,TYPE_A,4.5,145,299.79,299.79,0,0,1027.0,959.0,921.75,8,1,0,0.0,0.0,Meal 1109 — Rice Bowl (Indian)
27,1198,Extras,Thai,TYPE_A,4.5,145,171.75,189.18,0,0,121.0,108.0,91.0,3,3,0,17.430000000000007,0.0921344751030764,Meal 1198 — Extras (Thai)
27,1207,Beverages,Continental,TYPE_A,4.5,145,389.0,388.0,0,0,149.0,229.0,135.25,0,0,0,-1.0,-0.0025773195876288,Meal 1207 — Beverages (Continental)
27,1216,Pasta,Italian,TYPE_A,4.5,145,436.56,434.56,0,0,94.0,162.0,91.0,6,2,0,-2.0,-0.0046023564064801,Meal 1216 — Pasta (Italian)
27,1230,Beverages,Continental,TYPE_A,4.5,145,385.12,384.12,0,0,148.0,177.0,149.0,0,0,0,-1.0,-0.002603353118817,Meal 1230 — Beverages (Continental)
27,1247,Biryani,Indian,TYPE_A,4.5,145,445.23,446.23,0,0,14.0,14.0,24.5,1,1,0,1.0,0.0022409967953745,Meal 1247 — Biryani (Indian)
27,1248,Beverages,Indian,TYPE_A,4.5,145,165.93,165.93,0,0,40.0,68.0,63.75,0,1,0,0.0,0.0,Meal 1248 — Beverages (Indian)
27,1311,Extras,Thai,TYPE_A,4.5,145,171.75,297.85,0,0,41.0,81.0,68.25,3,3,0,126.10000000000002,0.4233674668457277,Meal 1311 — Extras (Thai)
27,1438,Soup,Thai,TYPE_A,4.5,145,196.0,194.0,0,0,311.0,256.0,263.75,12,3,0,-2.0,-0.0103092783505154,Meal 1438 — Soup (Thai)
27,1445,Seafood,Continental,TYPE_A,4.5,145,667.39,666.39,0,0,231.0,391.0,165.75,11,0,0,-1.0,-0.0015006227584447,Meal 1445 — Seafood (Continental)
27,1525,Other Snacks,Thai,TYPE_A,4.5,145,320.13,319.13,0,0,108.0,135.0,152.25,5,3,0,-1.0,-0.0031335192554758,Meal 1525 — Other Snacks (Thai)
27,1543,Desert,Indian,TYPE_A,4.5,145,486.03,485.03,0,0,67.0,69.0,91.25,2,1,0,-1.0,-0.0020617281405273,Meal 1543 — Desert (Indian)
27,1558,Pizza,Continental,TYPE_A,4.5,145,564.6,548.08,0,1,230.0,135.0,378.0,7,0,0,-16.519999999999982,-0.0301415851700481,Meal 1558 — Pizza (Continental)
27,1571,Fish,Continental,TYPE_A,4.5,145,641.23,641.23,0,0,80.0,54.0,67.0,4,0,0,0.0,0.0,Meal 1571 — Fish (Continental)
27,1727,Rice Bowl,Indian,TYPE_A,4.5,145,466.63,464.63,0,0,420.0,351.0,372.0,8,1,0,-2.0,-0.0043045003551212,Meal 1727 — Rice Bowl (Indian)
27,1754,Sandwich,Italian,TYPE_A,4.5,145,318.16,318.16,0,0,460.0,514.0,462.75,10,2,0,0.0,0.0,Meal 1754 — Sandwich (Italian)
27,1770,Biryani,Indian,TYPE_A,4.5,145,486.03,484.03,0,0,15.0,15.0,14.5,1,1,0,-2.0,-0.0041319752907877,Meal 1770 — Biryani (Indian)
27,1778,Beverages,Italian,TYPE_A,4.5,145,192.12,191.12,0,0,783.0,770.0,726.25,0,2,0,-1.0,-0.0052323147760569,Meal 1778 — Beverages (Italian)
27,1803,Extras,Thai,TYPE_A,4.5,145,155.23,272.63,0,0,68.0,176.0,115.0,3,3,0,117.4,0.4306202545574588,Meal 1803 — Extras (Thai)
27,1847,Soup,Thai,TYPE_A,4.5,145,196.0,196.0,0,0,108.0,244.0,176.25,12,3,0,0.0,0.0,Meal 1847 — Soup (Thai)
27,1878,Starters,Thai,TYPE_A,4.5,145,319.13,320.13,0,0,27.0,54.0,51.25,13,3,0,1.0,0.0031237309842876,Meal 1878 — Starters (Thai)
27,1885,Beverages,Thai,TYPE_A,4.5,145,159.11,151.35,0,1,1743.0,1742.0,1620.75,0,3,0,-7.760000000000019,-0.0512718863561283,Meal 1885 — Beverages (Thai)
27,1902,Biryani,Indian,TYPE_A,4.5,144,447.23,446.23,0,0,40.0,14.0,37.75,1,1,0,-1.0,-0.0022409967953745,Meal 1902 — Biryani (Indian)
27,1962,Pizza,Continental,TYPE_A,4.5,145,563.6,562.6,0,0,284.0,311.0,604.25,7,0,0,-1.0,-0.0017774617845716,Meal 1962 — Pizza (Continental)
27,1971,Sandwich,Italian,TYPE_A,4.5,145,344.35,346.35,0,0,161.0,123.0,135.25,10,2,0,2.0,0.0057745055579615,Meal 1971 — Sandwich (Italian)
27,1993,Beverages,Thai,TYPE_A,4.5,145,156.17,151.38,0,1,1094.0,986.0,1110.75,0,3,0,-4.789999999999992,-0.0316422248645791,Meal 1993 — Beverages (Thai)
27,2126,Pasta,Italian,TYPE_A,4.5,142,507.31,509.31,0,0,40.0,53.0,73.5,6,2,0,2.0,0.0039268814670829,Meal 2126 — Pasta (Italian)
27,2139,Beverages,Indian,TYPE_A,4.5,145,292.03,292.03,0,0,95.0,26.0,51.25,0,1,0,0.0,0.0,Meal 2139 — Beverages (Indian)
27,2290,Rice Bowl,Indian,TYPE_A,4.5,145,298.79,298.79,0,0,1107.0,1255.0,971.5,8,1,0,0.0,0.0,Meal 2290 — Rice Bowl (Indian)
27,2304,Desert,Indian,TYPE_A,4.5,145,484.03,484.03,0,0,53.0,67.0,64.0,2,1,0,0.0,0.0,Meal 2304 — Desert (Indian)
27,2306,Pasta,Italian,TYPE_A,4.5,145,244.5,335.62,1,0,13.0,14.0,23.75,6,2,0,91.12,0.27149752696502,Meal 2306 — Pasta (Italian)
27,2322,Beverages,Continental,TYPE_A,4.5,145,380.24,380.24,0,0,217.0,162.0,176.0,0,0,0,0.0,0.0,Meal 2322 — Beverages (Continental)
27,2444,Seafood,Continental,TYPE_A,4.5,145,728.53,727.53,0,0,215.0,189.0,114.75,11,0,0,-1.0,-0.0013745137657553,Meal 2444 — Seafood (Continental)
27,2490,Salad,Italian,TYPE_A,4.5,145,292.03,291.03,0,0,190.0,256.0,229.25,9,2,0,-1.0,-0.0034360718826237,Meal 2490 — Salad (Italian)
27,2492,Desert,Indian,TYPE_A,4.5,145,389.03,387.03,0,0,26.0,69.0,67.25,2,1,0,-2.0,-0.0051675580704338,Meal 2492 — Desert (Indian)
27,2494,Soup,Thai,TYPE_A,4.5,145,196.0,196.0,0,0,393.0,258.0,358.25,12,3,0,0.0,0.0,Meal 2494 — Soup (Thai)
27,2539,Beverages,Thai,TYPE_A,4.5,145,158.14,158.14,0,0,163.0,176.0,243.0,0,3,0,0.0,0.0,Meal 2539 — Beverages (Thai)
27,2569,Salad,Italian,TYPE_A,4.5,145,245.47,338.56,0,0,863.0,337.0,431.75,9,2,0,93.09,0.2749586483931947,Meal 2569 — Salad (Italian)
27,2577,Starters,Thai,TYPE_A,4.5,145,320.13,321.13,0,0,107.0,26.0,57.0,13,3,0,1.0,0.0031140036745243,Meal 2577 — Starters (Thai)
27,2581,Pizza,Continental,TYPE_A,4.5,145,563.6,562.6,0,0,270.0,189.0,557.25,7,0,0,-1.0,-0.0017774617845716,Meal 2581 — Pizza (Continental)
27,2631,Beverages,Indian,TYPE_A,4.5,145,162.02,162.02,0,0,13.0,68.0,67.25,0,1,0,0.0,0.0,Meal 2631 — Beverages (Indian)
27,2640,Starters,Thai,TYPE_A,4.5,145,319.13,320.13,0,0,95.0,81.0,104.75,13,3,0,1.0,0.0031237309842876,Meal 2640 — Starters (Thai)
27,2664,Salad,Italian,TYPE_A,4.5,145,224.13,337.56,0,0,851.0,163.0,338.25,9,2,0,113.43,0.3360291503732669,Meal 2664 — Salad (Italian)
27,2704,Other Snacks,Thai,TYPE_A,4.5,145,320.13,321.13,0,0,81.0,80.0,101.0,5,3,0,1.0,0.0031140036745243,Meal 2704 — Other Snacks (Thai)
27,2707,Beverages,Italian,TYPE_A,4.5,145,234.8,232.8,0,0,863.0,1093.0,1012.5,0,2,0,-2.0,-0.0085910652920962,Meal 2707 — Beverages (Italian)
27,2760,Other Snacks,Thai,TYPE_A,4.5,145,163.99,242.53,0,1,296.0,94.0,135.0,5,3,0,78.53999999999999,0.3238362264462128,Meal 2760 — Other Snacks (Thai)
27,2826,Sandwich,Italian,TYPE_A,4.5,145,375.45,375.45,0,0,621.0,595.0,547.0,10,2,0,0.0,0.0,Meal 2826 — Sandwich (Italian)
27,2867,Seafood,Continental,TYPE_A,4.5,145,726.53,727.53,0,0,203.0,176.0,101.5,11,0,0,1.0,0.0013745137657553,Meal 2867 — Seafood (Continental)
27,2956,Fish,Continental,TYPE_A,4.5,145,640.23,640.23,0,0,55.0,42.0,75.25,4,0,0,0.0,0.0,Meal 2956 — Fish (Continental)
29,1062,Beverages,Italian,TYPE_C,4.0,145,157.2,178.51,1,1,352.0,622.0,438.75,0,2,2,21.31,0.1193770657106044,Meal 1062 — Beverages (Italian)
29,1109,Rice Bowl,Indian,TYPE_C,4.0,145,275.48,275.48,0,0,325.0,216.0,219.5,8,1,2,0.0,0.0,Meal 1109 — Rice Bowl (Indian)
29,1207,Beverages,Continental,TYPE_C,4.0,145,369.63,368.63,0,0,13.0,27.0,40.5,0,0,2,-1.0,-0.0027127471990885,Meal 1207 — Beverages (Continental)
29,1216,Pasta,Italian,TYPE_C,4.0,145,417.13,417.13,0,0,190.0,202.0,118.5,6,2,2,0.0,0.0,Meal 1216 — Pasta (Italian)
29,1230,Beverages,Continental,TYPE_C,4.0,145,352.14,353.14,0,0,53.0,13.0,50.5,0,0,2,1.0,0.0028317381208585,Meal 1230 — Beverages (Continental)
29,1247,Biryani,Indian,TYPE_C,4.0,144,447.23,446.23,0,0,27.0,15.0,17.75,1,1,2,-1.0,-0.0022409967953745,Meal 1247 — Biryani (Indian)
29,1248,Beverages,Indian,TYPE_C,4.0,145,146.5,146.5,0,0,41.0,53.0,40.25,0,1,2,0.0,0.0,Meal 1248 — Beverages (Indian)
29,1445,Seafood,Continental,TYPE_C,4.0,145,727.53,726.53,0,0,40.0,55.0,30.5,11,0,2,-1.0,-0.0013764056542744,Meal 1445 — Seafood (Continental)
29,1525,Other Snacks,Thai,TYPE_C,4.0,145,320.13,320.13,0,0,55.0,27.0,30.25,5,3,2,0.0,0.0,Meal 1525 — Other Snacks (Thai)
29,1543,Desert,Indian,TYPE_C,4.0,145,484.09,484.09,0,0,54.0,69.0,54.0,2,1,2,0.0,0.0,Meal 1543 — Desert (Indian)
29,1558,Pizza,Continental,TYPE_C,4.0,145,512.19,512.19,0,0,269.0,136.0,212.75,7,0,2,0.0,0.0,Meal 1558 — Pizza (Continental)
29,1571,Fish,Continental,TYPE_C,4.0,145,582.03,583.03,0,0,14.0,28.0,30.75,4,0,2,1.0,0.0017151776066411,Meal 1571 — Fish (Continental)
29,1727,Rice Bowl,Indian,TYPE_C,4.0,145,422.95,422.95,0,0,108.0,175.0,155.25,8,1,2,0.0,0.0,Meal 1727 — Rice Bowl (Indian)
29,1754,Sandwich,Italian,TYPE_C,4.0,145,286.18,287.18,0,0,836.0,906.0,746.25,10,2,2,1.0,0.0034821366390417,Meal 1754 — Sandwich (Italian)
29,1770,Biryani,Indian,TYPE_C,4.0,145,425.83,484.03,0,0,13.0,14.0,17.0,1,1,2,58.19999999999999,0.1202404809619238,Meal 1770 — Biryani (Indian)
29,1778,Beverages,Italian,TYPE_C,4.0,145,164.93,155.26,1,0,188.0,96.0,135.25,0,2,2,-9.670000000000016,-0.0622826226974109,Meal 1778 — Beverages (Italian)
29,1878,Starters,Thai,TYPE_C,4.0,145,319.13,321.13,0,0,27.0,54.0,37.25,13,3,2,2.0,0.0062280073490486,Meal 1878 — Starters (Thai)
29,1885,Beverages,Thai,TYPE_C,4.0,145,121.25,122.25,0,0,136.0,176.0,146.0,0,3,2,1.0,0.0081799591002045,Meal 1885 — Beverages (Thai)
29,1902,Biryani,Indian,TYPE_C,4.0,140,445.23,445.23,0,0,41.0,53.0,31.0,1,1,2,0.0,0.0,Meal 1902 — Biryani (Indian)
29,1962,Pizza,Continental,TYPE_C,4.0,145,513.19,513.19,0,0,134.0,122.0,257.0,7,0,2,0.0,0.0,Meal 1962 — Pizza (Continental)
29,1971,Sandwich,Italian,TYPE_C,4.0,145,291.06,289.06,0,0,188.0,297.0,293.5,10,2,2,-2.0,-0.0069189787587352,Meal 1971 — Sandwich (Italian)
29,1993,Beverages,Thai,TYPE_C,4.0,145,121.28,120.28,0,0,175.0,217.0,196.5,0,3,2,-1.0,-0.0083139341536415,Meal 1993 — Beverages (Thai)
29,2104,Fish,Continental,TYPE_C,4.0,145,582.03,581.03,0,0,26.0,26.0,23.5,4,0,2,-1.0,-0.0017210815276319,Meal 2104 — Fish (Continental)
29,2126,Pasta,Italian,TYPE_C,4.0,145,508.31,507.31,0,1,13.0,26.0,29.75,6,2,2,-1.0,-0.0019711813289704,Meal 2126 — Pasta (Italian)
29,2139,Beverages,Indian,TYPE_C,4.0,145,287.15,288.15,0,0,27.0,13.0,33.75,0,1,2,1.0,0.0034704147145583,Meal 2139 — Beverages (Indian)
29,2290,Rice Bowl,Indian,TYPE_C,4.0,145,247.35,247.35,0,0,607.0,513.0,641.25,8,1,2,0.0,0.0,Meal 2290 — Rice Bowl (Indian)
29,2304,Desert,Indian,TYPE_C,4.0,145,483.09,482.09,0,0,41.0,41.0,31.25,2,1,2,-1.0,-0.0020743014789769,Meal 2304 — Desert (Indian)
29,2306,Pasta,Italian,TYPE_C,4.0,145,242.53,335.62,1,0,13.0,14.0,23.75,6,2,2,93.09,0.2773672605923366,Meal 2306 — Pasta (Italian)
29,2322,Beverages,Continental,TYPE_C,4.0,145,353.08,354.08,0,0,81.0,80.0,80.5,0,0,2,1.0,0.0028242205151378,Meal 2322 — Beverages (Continental)
29,2444,Seafood,Continental,TYPE_C,4.0,144,582.03,726.53,1,0,14.0,27.0,17.0,11,0,2,144.5,0.1988906170426548,Meal 2444 — Seafood (Continental)
29,2490,Salad,Italian,TYPE_C,4.0,145,279.36,279.36,0,0,325.0,121.0,182.75,9,2,2,0.0,0.0,Meal 2490 — Salad (Italian)
29,2492,Desert,Indian,TYPE_C,4.0,145,447.23,446.23,0,0,28.0,28.0,30.75,2,1,2,-1.0,-0.0022409967953745,Meal 2492 — Desert (Indian)
29,2539,Beverages,Thai,TYPE_C,4.0,145,121.31,120.31,0,0,68.0,82.0,88.75,0,3,2,-1.0,-0.0083118610256836,Meal 2539 — Beverages (Thai)
29,2569,Salad,Italian,TYPE_C,4.0,145,245.47,340.53,0,0,622.0,877.0,617.5,9,2,2,95.05999999999996,0.2791530848970721,Meal 2569 — Salad (Italian)
29,2577,Starters,Thai,TYPE_C,4.0,145,321.13,319.13,0,0,69.0,13.0,34.0,13,3,2,-2.0,-0.0062670385109516,Meal 2577 — Starters (Thai)
29,2581,Pizza,Continental,TYPE_C,4.0,145,512.19,512.19,0,0,95.0,107.0,152.25,7,0,2,0.0,0.0,Meal 2581 — Pizza (Continental)
29,2631,Beverages,Indian,TYPE_C,4.0,145,149.38,149.38,0,0,67.0,68.0,61.0,0,1,2,0.0,0.0,Meal 2631 — Beverages (Indian)
29,2640,Starters,Thai,TYPE_C,4.0,145,321.13,319.13,0,0,82.0,42.0,61.75,13,3,2,-2.0,-0.0062670385109516,Meal 2640 — Starters (Thai)
29,2664,Salad,Italian,TYPE_C,4.0,145,248.38,340.53,0,0,365.0,661.0,428.5,9,2,2,92.14999999999998,0.2706075822981822,Meal 2664 — Salad (Italian)
29,2704,Other Snacks,Thai,TYPE_C,4.0,145,320.13,320.13,0,0,14.0,54.0,34.5,5,3,2,0.0,0.0,Meal 2704 — Other Snacks (Thai)
29,2707,Beverages,Italian,TYPE_C,4.0,145,200.82,200.82,0,0,420.0,217.0,257.0,0,2,2,0.0,0.0,Meal 2707 — Beverages (Italian)
29,2760,Other Snacks,Thai,TYPE_C,4.0,145,182.36,260.93,0,0,42.0,42.0,44.75,5,3,2,78.57,0.3011152416356877,Meal 2760 — Other Snacks (Thai)
29,2826,Sandwich,Italian,TYPE_C,4.0,145,327.92,325.92,0,0,190.0,284.0,226.75,10,2,2,-2.0,-0.0061364752086401,Meal 2826 — Sandwich (Italian)
29,2867,Seafood,Continental,TYPE_C,4.0,140,726.53,727.53,0,0,42.0,28.0,24.5,11,0,2,1.0,0.0013745137657553,Meal 2867 — Seafood (Continental)
29,2956,Fish,Continental,TYPE_C,4.0,141,581.03,582.03,0,0,28.0,14.0,20.5,4,0,2,1.0,0.0017181244953009,Meal 2956 — Fish (Continental)
30,1062,Beverages,Italian,TYPE_A,3.5,145,189.18,189.18,0,0,404.0,501.0,465.75,0,2,0,0.0,0.0,Meal 1062 — Beverages (Italian)
30,1109,Rice Bowl,Indian,TYPE_A,3.5,145,265.81,265.81,0,0,783.0,675.0,658.0,8,1,0,0.0,0.0,Meal 1109 — Rice Bowl (Indian)
30,1198,Extras,Thai,TYPE_A,3.5,145,203.73,243.53,0,0,229.0,215.0,208.75,3,3,0,39.80000000000001,0.1634295569334374,Meal 1198 — Extras (Thai)
30,1207,Beverages,Continental,TYPE_A,3.5,145,384.15,384.15,0,0,161.0,55.0,104.75,0,0,0,0.0,0.0,Meal 1207 — Beverages (Continental)
30,1216,Pasta,Italian,TYPE_A,3.5,145,416.13,416.13,0,0,149.0,53.0,63.75,6,2,0,0.0,0.0,Meal 1216 — Pasta (Italian)
30,1230,Beverages,Continental,TYPE_A,3.5,145,388.0,388.0,0,0,109.0,96.0,112.75,0,0,0,0.0,0.0,Meal 1230 — Beverages (Continental)
30,1247,Biryani,Indian,TYPE_A,3.5,145,446.23,445.23,0,0,14.0,55.0,34.25,1,1,0,-1.0,-0.0022460301417245,Meal 1247 — Biryani (Indian)
30,1248,Beverages,Indian,TYPE_A,3.5,145,164.93,163.93,0,0,96.0,27.0,58.0,0,1,0,-1.0,-0.006100164704447,Meal 1248 — Beverages (Indian)
30,1311,Extras,Thai,TYPE_A,3.5,145,170.75,339.53,0,0,176.0,150.0,203.0,3,3,0,168.77999999999997,0.4970989308750331,Meal 1311 — Extras (Thai)
30,1438,Soup,Thai,TYPE_A,3.5,145,194.0,195.0,0,0,94.0,81.0,81.5,12,3,0,1.0,0.0051282051282051,Meal 1438 — Soup (Thai)
30,1445,Seafood,Continental,TYPE_A,3.5,145,728.53,727.53,0,0,283.0,378.0,172.0,11,0,0,-1.0,-0.0013745137657553,Meal 1445 — Seafood (Continental)
30,1525,Other Snacks,Thai,TYPE_A,3.5,145,320.13,321.13,0,0,41.0,162.0,155.25,5,3,0,1.0,0.0031140036745243,Meal 1525 — Other Snacks (Thai)
30,1543,Desert,Indian,TYPE_A,3.5,145,486.03,486.03,0,0,67.0,27.0,44.0,2,1,0,0.0,0.0,Meal 1543 — Desert (Indian)
30,1558,Pizza,Continental,TYPE_A,3.5,145,562.6,563.6,0,0,162.0,177.0,425.75,7,0,0,1.0,0.0017743080198722,Meal 1558 — Pizza (Continental)
30,1571,Fish,Continental,TYPE_A,3.5,145,641.23,641.23,0,0,28.0,27.0,58.0,4,0,0,0.0,0.0,Meal 1571 — Fish (Continental)
30,1727,Rice Bowl,Indian,TYPE_A,3.5,145,465.63,464.63,0,0,271.0,420.0,311.0,8,1,0,-1.0,-0.0021522501775606,Meal 1727 — Rice Bowl (Indian)
30,1754,Sandwich,Italian,TYPE_A,3.5,145,320.16,318.16,0,0,581.0,622.0,634.5,10,2,0,-2.0,-0.0062861453356801,Meal 1754 — Sandwich (Italian)
30,1770,Biryani,Indian,TYPE_A,3.5,145,485.03,485.03,0,0,15.0,41.0,24.0,1,1,0,0.0,0.0,Meal 1770 — Biryani (Indian)
30,1778,Beverages,Italian,TYPE_A,3.5,145,189.21,187.21,0,0,378.0,607.0,479.25,0,2,0,-2.0,-0.0106831900005341,Meal 1778 — Beverages (Italian)
30,1803,Extras,Thai,TYPE_A,3.5,145,193.03,194.03,0,0,351.0,242.0,293.75,3,3,0,1.0,0.0051538421893521,Meal 1803 — Extras (Thai)
30,1847,Soup,Thai,TYPE_A,3.5,145,195.0,195.0,0,0,149.0,82.0,101.5,12,3,0,0.0,0.0,Meal 1847 — Soup (Thai)
30,1878,Starters,Thai,TYPE_A,3.5,145,321.13,320.13,0,0,42.0,53.0,84.25,13,3,0,-1.0,-0.0031237309842876,Meal 1878 — Starters (Thai)
30,1885,Beverages,Thai,TYPE_A,3.5,145,158.11,159.11,0,0,1147.0,1012.0,1053.25,0,3,0,1.0,0.0062849600905034,Meal 1885 — Beverages (Thai)
30,1902,Biryani,Indian,TYPE_A,3.5,145,447.23,447.23,0,0,28.0,14.0,31.0,1,1,0,0.0,0.0,Meal 1902 — Biryani (Indian)
30,1962,Pizza,Continental,TYPE_A,3.5,145,563.6,564.6,0,0,257.0,175.0,661.5,7,0,0,1.0,0.0017711654268508,Meal 1962 — Pizza (Continental)
30,1971,Sandwich,Italian,TYPE_A,3.5,145,345.35,344.35,0,0,188.0,256.0,208.75,10,2,0,-1.0,-0.0029040220705677,Meal 1971 — Sandwich (Italian)
30,1993,Beverages,Thai,TYPE_A,3.5,145,160.11,160.11,0,0,648.0,797.0,770.25,0,3,0,0.0,0.0,Meal 1993 — Beverages (Thai)
30,2126,Pasta,Italian,TYPE_A,3.5,145,485.03,509.31,0,1,27.0,15.0,37.5,6,2,0,24.28000000000003,0.0476723410103866,Meal 2126 — Pasta (Italian)
30,2139,Beverages,Indian,TYPE_A,3.5,145,291.03,292.03,0,0,28.0,53.0,63.75,0,1,0,1.0,0.0034243057220148,Meal 2139 — Beverages (Indian)
30,2290,Rice Bowl,Indian,TYPE_A,3.5,145,285.18,287.18,0,0,406.0,594.0,523.75,8,1,0,2.0,0.0069642732780834,Meal 2290 — Rice Bowl (Indian)
30,2304,Desert,Indian,TYPE_A,3.5,145,484.03,485.03,0,0,13.0,40.0,33.75,2,1,0,1.0,0.0020617281405273,Meal 2304 — Desert (Indian)
30,2306,Pasta,Italian,TYPE_A,3.5,145,243.5,335.62,1,0,13.0,42.0,37.5,6,2,0,92.12,0.274477087181932,Meal 2306 — Pasta (Italian)
30,2322,Beverages,Continental,TYPE_A,3.5,145,389.0,388.0,0,0,231.0,257.0,270.5,0,0,0,-1.0,-0.0025773195876288,Meal 2322 — Beverages (Continental)
30,2444,Seafood,Continental,TYPE_A,3.5,145,726.53,727.53,0,0,243.0,312.0,169.25,11,0,0,1.0,0.0013745137657553,Meal 2444 — Seafood (Continental)
30,2490,Salad,Italian,TYPE_A,3.5,145,292.03,290.03,0,0,283.0,310.0,290.5,9,2,0,-2.0,-0.0068958383615488,Meal 2490 — Salad (Italian)
30,2492,Desert,Indian,TYPE_A,3.5,145,388.03,388.03,0,0,13.0,81.0,73.75,2,1,0,0.0,0.0,Meal 2492 — Desert (Indian)
30,2494,Soup,Thai,TYPE_A,3.5,145,195.0,195.0,0,0,54.0,41.0,37.25,12,3,0,0.0,0.0,Meal 2494 — Soup (Thai)
30,2539,Beverages,Thai,TYPE_A,3.5,145,158.11,158.11,0,0,296.0,379.0,411.25,0,3,0,0.0,0.0,Meal 2539 — Beverages (Thai)
30,2569,Salad,Italian,TYPE_A,3.5,145,246.41,335.62,0,0,837.0,257.0,331.0,9,2,0,89.21000000000001,0.2658065669507181,Meal 2569 — Salad (Italian)
30,2577,Starters,Thai,TYPE_A,3.5,145,319.13,320.13,0,0,150.0,96.0,119.25,13,3,0,1.0,0.0031237309842876,Meal 2577 — Starters (Thai)
30,2581,Pizza,Continental,TYPE_A,3.5,145,563.6,562.6,0,0,161.0,150.0,435.5,7,0,0,-1.0,-0.0017774617845716,Meal 2581 — Pizza (Continental)
30,2631,Beverages,Indian,TYPE_A,3.5,145,165.93,164.93,0,0,80.0,96.0,91.0,0,1,0,-1.0,-0.0060631783180743,Meal 2631 — Beverages (Indian)
30,2640,Starters,Thai,TYPE_A,3.5,145,321.13,319.13,0,0,108.0,217.0,148.75,13,3,0,-2.0,-0.0062670385109516,Meal 2640 — Starters (Thai)
30,2664,Salad,Italian,TYPE_A,3.5,145,248.35,338.56,0,0,582.0,177.0,243.75,9,2,0,90.21,0.2664520321361058,Meal 2664 — Salad (Italian)
30,2704,Other Snacks,Thai,TYPE_A,3.5,145,321.13,319.13,0,0,188.0,162.0,182.25,5,3,0,-2.0,-0.0062670385109516,Meal 2704 — Other Snacks (Thai)
30,2707,Beverages,Italian,TYPE_A,3.5,145,236.68,238.68,0,0,595.0,662.0,557.25,0,2,0,2.0,0.008379420144126,Meal 2707 — Beverages (Italian)
30,2760,Other Snacks,Thai,TYPE_A,3.5,145,161.99,242.53,0,0,366.0,13.0,169.0,5,3,0,80.53999999999999,0.3320826289531192,Meal 2760 — Other Snacks (Thai)
30,2826,Sandwich,Italian,TYPE_A,3.5,145,377.33,378.33,0,0,486.0,351.0,391.75,10,2,0,1.0,0.0026431950942299,Meal 2826 — Sandwich (Italian)
30,2867,Seafood,Continental,TYPE_A,3.5,145,728.53,727.53,0,0,121.0,150.0,77.75,11,0,0,-1.0,-0.0013745137657553,Meal 2867 — Seafood (Continental)
30,2956,Fish,Continental,TYPE_A,3.5,145,641.23,639.23,0,0,53.0,55.0,44.25,4,0,0,-2.0,-0.0031287642945418,Meal 2956 — Fish (Continental)
32,1062,Beverages,Italian,TYPE_A,3.8,145,156.2,155.2,1,0,258.0,310.0,311.0,0,2,0,-1.0,-0.0064432989690721,Meal 1062 — Beverages (Italian)
32,1109,Rice Bowl,Indian,TYPE_A,3.8,145,298.76,300.76,0,0,418.0,431.0,387.75,8,1,0,2.0,0.0066498204548477,Meal 1109 — Rice Bowl (Indian)
32,1207,Beverages,Continental,TYPE_A,3.8,145,369.63,367.63,0,0,135.0,108.0,149.25,0,0,0,-2.0,-0.0054402524277126,Meal 1207 — Beverages (Continental)
32,1216,Pasta,Italian,TYPE_A,3.8,145,395.79,396.79,0,0,40.0,80.0,44.0,6,2,0,1.0,0.0025202248040525,Meal 1216 — Pasta (Italian)
32,1230,Beverages,Continental,TYPE_A,3.8,145,369.63,369.63,0,0,163.0,67.0,149.0,0,0,0,0.0,0.0,Meal 1230 — Beverages (Continental)
32,1247,Biryani,Indian,TYPE_A,3.8,144,446.23,447.23,0,0,14.0,27.0,20.25,1,1,0,1.0,0.0022359859580081,Meal 1247 — Biryani (Indian)
32,1248,Beverages,Indian,TYPE_A,3.8,145,155.26,155.26,0,0,14.0,81.0,47.25,0,1,0,0.0,0.0,Meal 1248 — Beverages (Indian)
32,1445,Seafood,Continental,TYPE_A,3.8,144,582.03,727.53,1,0,107.0,14.0,50.25,11,0,0,145.5,0.1999917529174054,Meal 1445 — Seafood (Continental)
32,1525,Other Snacks,Thai,TYPE_A,3.8,145,319.13,319.13,0,0,40.0,26.0,67.75,5,3,0,0.0,0.0,Meal 1525 — Other Snacks (Thai)
32,1543,Desert,Indian,TYPE_A,3.8,145,483.09,483.09,0,0,54.0,54.0,101.75,2,1,0,0.0,0.0,Meal 1543 — Desert (Indian)
32,1558,Pizza,Continental,TYPE_A,3.8,145,513.19,511.19,0,0,216.0,202.0,310.5,7,0,0,-2.000000000000057,-0.0039124396017137,Meal 1558 — Pizza (Continental)
32,1571,Fish,Continental,TYPE_A,3.8,145,582.03,581.03,0,0,136.0,41.0,98.75,4,0,0,-1.0,-0.0017210815276319,Meal 1571 — Fish (Continental)
32,1727,Rice Bowl,Indian,TYPE_A,3.8,145,423.95,422.95,0,0,229.0,270.0,300.5,8,1,0,-1.0,-0.0023643456673365,Meal 1727 — Rice Bowl (Indian)
32,1754,Sandwich,Italian,TYPE_A,3.8,145,292.03,291.03,0,0,743.0,701.0,692.5,10,2,0,-1.0,-0.0034360718826237,Meal 1754 — Sandwich (Italian)
32,1770,Biryani,Indian,TYPE_A,3.8,142,484.03,484.03,0,0,14.0,14.0,14.25,1,1,0,0.0,0.0,Meal 1770 — Biryani (Indian)
32,1778,Beverages,Italian,TYPE_A,3.8,145,156.17,155.23,1,0,323.0,296.0,289.75,0,2,0,-0.9399999999999976,-0.0060555305031243,Meal 1778 — Beverages (Italian)
32,1878,Starters,Thai,TYPE_A,3.8,145,319.13,321.13,0,0,123.0,107.0,95.0,13,3,0,2.0,0.0062280073490486,Meal 1878 — Starters (Thai)
32,1885,Beverages,Thai,TYPE_A,3.8,145,118.37,118.37,0,0,432.0,311.0,290.75,0,3,0,0.0,0.0,Meal 1885 — Beverages (Thai)
32,1902,Biryani,Indian,TYPE_A,3.8,145,445.23,446.23,0,0,13.0,28.0,27.0,1,1,0,1.0,0.0022409967953745,Meal 1902 — Biryani (Indian)
32,1962,Pizza,Continental,TYPE_A,3.8,145,512.19,513.19,0,0,366.0,204.0,331.75,7,0,0,1.0,0.0019485960365556,Meal 1962 — Pizza (Continental)
32,1971,Sandwich,Italian,TYPE_A,3.8,145,291.06,291.06,0,0,378.0,311.0,321.25,10,2,0,0.0,0.0,Meal 1971 — Sandwich (Italian)
32,1993,Beverages,Thai,TYPE_A,3.8,145,120.34,118.34,0,0,405.0,458.0,418.25,0,3,0,-2.0,-0.0169004563123204,Meal 1993 — Beverages (Thai)
32,2104,Fish,Continental,TYPE_A,3.8,145,582.03,582.03,0,0,163.0,189.0,145.5,4,0,0,0.0,0.0,Meal 2104 — Fish (Continental)
32,2126,Pasta,Italian,TYPE_A,3.8,145,435.53,509.31,0,1,28.0,67.0,57.5,6,2,0,73.78000000000003,0.1448626573206888,Meal 2126 — Pasta (Italian)
32,2139,Beverages,Indian,TYPE_A,3.8,145,287.15,288.15,0,0,82.0,41.0,47.75,0,1,0,1.0,0.0034704147145583,Meal 2139 — Beverages (Indian)
32,2290,Rice Bowl,Indian,TYPE_A,3.8,145,261.96,261.96,0,0,716.0,877.0,658.0,8,1,0,0.0,0.0,Meal 2290 — Rice Bowl (Indian)
32,2304,Desert,Indian,TYPE_A,3.8,145,484.09,482.09,0,0,26.0,54.0,43.75,2,1,0,-2.0,-0.0041486029579539,Meal 2304 — Desert (Indian)
32,2306,Pasta,Italian,TYPE_A,3.8,145,243.53,337.62,1,0,13.0,27.0,36.75,6,2,0,94.09,0.2786860967952135,Meal 2306 — Pasta (Italian)
32,2322,Beverages,Continental,TYPE_A,3.8,145,358.96,356.96,0,0,136.0,177.0,156.0,0,0,0,-2.0,-0.0056028686687584,Meal 2322 — Beverages (Continental)
32,2444,Seafood,Continental,TYPE_A,3.8,144,581.03,728.53,1,0,67.0,54.0,44.0,11,0,0,147.5,0.2024624929652862,Meal 2444 — Seafood (Continental)
32,2490,Salad,Italian,TYPE_A,3.8,145,279.36,279.36,0,0,296.0,257.0,229.0,9,2,0,0.0,0.0,Meal 2490 — Salad (Italian)
32,2492,Desert,Indian,TYPE_A,3.8,145,447.23,445.23,0,0,107.0,15.0,47.25,2,1,0,-2.0,-0.004492060283449,Meal 2492 — Desert (Indian)
32,2539,Beverages,Thai,TYPE_A,3.8,145,121.31,119.31,0,0,177.0,121.0,139.0,0,3,0,-2.0,-0.0167630542284804,Meal 2539 — Beverages (Thai)
32,2569,Salad,Italian,TYPE_A,3.8,145,244.44,339.53,0,0,823.0,445.0,533.0,9,2,0,95.08999999999996,0.2800636173534002,Meal 2569 — Salad (Italian)
32,2577,Starters,Thai,TYPE_A,3.8,145,319.13,321.13,0,0,27.0,41.0,50.5,13,3,0,2.0,0.0062280073490486,Meal 2577 — Starters (Thai)
32,2581,Pizza,Continental,TYPE_A,3.8,145,511.19,513.19,0,0,297.0,215.0,395.0,7,0,0,2.000000000000057,0.0038971920731114,Meal 2581 — Pizza (Continental)
32,2631,Beverages,Indian,TYPE_A,3.8,145,151.32,153.32,0,0,148.0,107.0,121.25,0,1,0,2.0,0.0130446125750065,Meal 2631 — Beverages (Indian)
32,2640,Starters,Thai,TYPE_A,3.8,145,320.13,321.13,0,0,215.0,134.0,182.0,13,3,0,1.0,0.0031140036745243,Meal 2640 — Starters (Thai)
32,2664,Salad,Italian,TYPE_A,3.8,145,239.62,339.53,0,0,636.0,433.0,401.75,9,2,0,99.90999999999995,0.2942597119547609,Meal 2664 — Salad (Italian)
32,2704,Other Snacks,Thai,TYPE_A,3.8,145,321.13,321.13,0,0,204.0,122.0,189.0,5,3,0,0.0,0.0,Meal 2704 — Other Snacks (Thai)
32,2707,Beverages,Italian,TYPE_A,3.8,145,203.73,202.73,0,0,310.0,391.0,327.25,0,2,0,-1.0,-0.0049326690672322,Meal 2707 — Beverages (Italian)
32,2760,Other Snacks,Thai,TYPE_A,3.8,145,183.36,261.93,0,0,28.0,26.0,41.0,5,3,0,78.57,0.2999656396747222,Meal 2760 — Other Snacks (Thai)
32,2826,Sandwich,Italian,TYPE_A,3.8,145,325.92,327.92,0,0,258.0,364.0,341.25,10,2,0,2.0,0.0060990485484264,Meal 2826 — Sandwich (Italian)
32,2867,Seafood,Continental,TYPE_A,3.8,145,581.03,727.53,0,0,67.0,41.0,37.25,11,0,0,146.5,0.2013662666831608,Meal 2867 — Seafood (Continental)
32,2956,Fish,Continental,TYPE_A,3.8,145,582.03,581.03,0,0,55.0,68.0,64.25,4,0,0,-1.0,-0.0017210815276319,Meal 2956 — Fish (Continental)
34,1062,Beverages,Italian,TYPE_B,4.2,145,155.2,179.45,1,1,189.0,161.0,202.25,0,2,1,24.25,0.1351351351351351,Meal 1062 — Beverages (Italian)
34,1109,Rice Bowl,Indian,TYPE_B,4.2,145,295.88,295.88,0,0,350.0,485.0,347.75,8,1,1,0.0,0.0,Meal 1109 — Rice Bowl (Indian)
34,1207,Beverages,Continental,TYPE_B,4.2,145,348.23,349.23,0,0,53.0,41.0,41.0,0,0,1,1.0,0.0028634424304899,Meal 1207 — Beverages (Continental)
34,1216,Pasta,Italian,TYPE_B,4.2,144,290.03,416.13,0,0,109.0,15.0,48.25,6,2,1,126.10000000000002,0.3030303030303031,Meal 1216 — Pasta (Italian)
34,1230,Beverages,Continental,TYPE_B,4.2,145,350.2,349.2,0,0,28.0,42.0,51.75,0,0,1,-1.0,-0.0028636884306987,Meal 1230 — Beverages (Continental)
34,1247,Biryani,Indian,TYPE_B,4.2,145,445.23,447.23,0,0,15.0,13.0,17.5,1,1,1,2.0,0.0044719719160163,Meal 1247 — Biryani (Indian)
34,1248,Beverages,Indian,TYPE_B,4.2,144,153.26,154.26,0,0,40.0,26.0,43.5,0,1,1,1.0,0.0064825619084662,Meal 1248 — Beverages (Indian)
34,1445,Seafood,Continental,TYPE_B,4.2,145,726.53,726.53,0,0,54.0,67.0,61.25,11,0,1,0.0,0.0,Meal 1445 — Seafood (Continental)
34,1525,Other Snacks,Thai,TYPE_B,4.2,145,320.13,321.13,0,0,95.0,96.0,78.25,5,3,1,1.0,0.0031140036745243,Meal 1525 — Other Snacks (Thai)
34,1543,Desert,Indian,TYPE_B,4.2,145,482.09,484.09,0,0,95.0,54.0,67.75,2,1,1,2.0,0.0041314631576772,Meal 1543 — Desert (Indian)
34,1558,Pizza,Continental,TYPE_B,4.2,145,511.19,513.19,0,0,95.0,42.0,189.75,7,0,1,2.000000000000057,0.0038971920731114,Meal 1558 — Pizza (Continental)
34,1571,Fish,Continental,TYPE_B,4.2,145,583.03,583.03,0,0,176.0,188.0,162.0,4,0,1,0.0,0.0,Meal 1571 — Fish (Continental)
34,1727,Rice Bowl,Indian,TYPE_B,4.2,145,422.95,422.95,0,0,231.0,230.0,213.25,8,1,1,0.0,0.0,Meal 1727 — Rice Bowl (Indian)
34,1754,Sandwich,Italian,TYPE_B,4.2,145,292.03,290.03,0,0,378.0,420.0,405.5,10,2,1,-2.0,-0.0068958383615488,Meal 1754 — Sandwich (Italian)
34,1770,Biryani,Indian,TYPE_B,4.2,144,486.03,486.03,0,0,26.0,15.0,17.75,1,1,1,0.0,0.0,Meal 1770 — Biryani (Indian)
34,1778,Beverages,Italian,TYPE_B,4.2,145,153.32,161.05,1,1,150.0,149.0,139.25,0,2,1,7.730000000000018,0.047997516299286,Meal 1778 — Beverages (Italian)
34,1878,Starters,Thai,TYPE_B,4.2,145,321.13,321.13,0,0,189.0,122.0,165.0,13,3,1,0.0,0.0,Meal 1878 — Starters (Thai)
34,1885,Beverages,Thai,TYPE_B,4.2,145,119.31,120.31,0,0,338.0,500.0,439.0,0,3,1,1.0,0.0083118610256836,Meal 1885 — Beverages (Thai)
34,1902,Biryani,Indian,TYPE_B,4.2,145,445.23,447.23,0,0,13.0,15.0,17.5,1,1,1,2.0,0.0044719719160163,Meal 1902 — Biryani (Indian)
34,1962,Pizza,Continental,TYPE_B,4.2,145,512.19,513.19,0,0,202.0,95.0,388.25,7,0,1,1.0,0.0019485960365556,Meal 1962 — Pizza (Continental)
34,1971,Sandwich,Italian,TYPE_B,4.2,145,289.06,291.06,0,0,217.0,271.0,219.5,10,2,1,2.0,0.006871435442864,Meal 1971 — Sandwich (Italian)
34,1993,Beverages,Thai,TYPE_B,4.2,145,122.25,122.25,0,0,365.0,217.0,264.0,0,3,1,0.0,0.0,Meal 1993 — Beverages (Thai)
34,2104,Fish,Continental,TYPE_B,4.2,145,582.03,582.03,0,0,150.0,53.0,94.75,4,0,1,0.0,0.0,Meal 2104 — Fish (Continental)
34,2126,Pasta,Italian,TYPE_B,4.2,142,509.31,509.31,0,0,40.0,54.0,47.5,6,2,1,0.0,0.0,Meal 2126 — Pasta (Italian)
34,2139,Beverages,Indian,TYPE_B,4.2,145,292.03,290.03,0,0,55.0,28.0,34.5,0,1,1,-2.0,-0.0068958383615488,Meal 2139 — Beverages (Indian)
34,2290,Rice Bowl,Indian,TYPE_B,4.2,145,260.96,259.96,0,0,406.0,539.0,445.75,8,1,1,-1.0,-0.0038467456531774,Meal 2290 — Rice Bowl (Indian)
34,2304,Desert,Indian,TYPE_B,4.2,145,484.09,483.09,0,0,53.0,41.0,30.25,2,1,1,-1.0,-0.0020700076590283,Meal 2304 — Desert (Indian)
34,2306,Pasta,Italian,TYPE_B,4.2,145,243.53,336.62,1,0,27.0,55.0,40.75,6,2,1,93.09,0.276543283227378,Meal 2306 — Pasta (Italian)
34,2322,Beverages,Continental,TYPE_B,4.2,145,368.63,368.63,0,0,55.0,96.0,98.5,0,0,1,0.0,0.0,Meal 2322 — Beverages (Continental)
34,2444,Seafood,Continental,TYPE_B,4.2,145,727.53,728.53,0,0,42.0,69.0,38.25,11,0,1,1.0,0.001372627070951,Meal 2444 — Seafood (Continental)
34,2490,Salad,Italian,TYPE_B,4.2,145,279.36,280.36,0,0,54.0,108.0,87.25,9,2,1,1.0,0.0035668426309031,Meal 2490 — Salad (Italian)
34,2492,Desert,Indian,TYPE_B,4.2,145,447.23,447.23,0,0,40.0,81.0,50.25,2,1,1,0.0,0.0,Meal 2492 — Desert (Indian)
34,2539,Beverages,Thai,TYPE_B,4.2,145,117.37,119.37,0,0,177.0,217.0,193.0,0,3,1,2.0,0.0167546284661137,Meal 2539 — Beverages (Thai)
34,2569,Salad,Italian,TYPE_B,4.2,145,242.5,285.24,0,0,231.0,148.0,199.25,9,2,1,42.74000000000001,0.1498387322956107,Meal 2569 — Salad (Italian)
34,2577,Starters,Thai,TYPE_B,4.2,145,321.13,321.13,0,0,55.0,15.0,41.0,13,3,1,0.0,0.0,Meal 2577 — Starters (Thai)
34,2581,Pizza,Continental,TYPE_B,4.2,145,512.19,511.19,0,0,135.0,161.0,276.75,7,0,1,-1.0000000000000568,-0.0019562198008569,Meal 2581 — Pizza (Continental)
34,2631,Beverages,Indian,TYPE_B,4.2,144,142.65,140.65,0,0,68.0,26.0,40.5,0,1,1,-2.0,-0.014219694276573,Meal 2631 — Beverages (Indian)
34,2640,Starters,Thai,TYPE_B,4.2,145,320.13,319.13,0,0,107.0,229.0,134.5,13,3,1,-1.0,-0.0031335192554758,Meal 2640 — Starters (Thai)
34,2664,Salad,Italian,TYPE_B,4.2,145,243.5,340.53,0,0,202.0,162.0,151.5,9,2,1,97.02999999999996,0.2849381845946024,Meal 2664 — Salad (Italian)
34,2704,Other Snacks,Thai,TYPE_B,4.2,145,320.13,321.13,0,0,204.0,216.0,159.25,5,3,1,1.0,0.0031140036745243,Meal 2704 — Other Snacks (Thai)
34,2707,Beverages,Italian,TYPE_B,4.2,145,210.52,211.52,0,0,474.0,161.0,307.25,0,2,1,1.0,0.0047276853252647,Meal 2707 — Beverages (Italian)
34,2760,Other Snacks,Thai,TYPE_B,4.2,145,183.36,260.93,0,0,94.0,122.0,108.0,5,3,1,77.57,0.2972827961522247,Meal 2760 — Other Snacks (Thai)
34,2826,Sandwich,Italian,TYPE_B,4.2,145,327.92,327.92,0,0,540.0,379.0,392.25,10,2,1,0.0,0.0,Meal 2826 — Sandwich (Italian)
34,2867,Seafood,Continental,TYPE_B,4.2,145,726.53,728.53,0,0,162.0,94.0,94.25,11,0,1,2.0,0.0027452541419021,Meal 2867 — Seafood (Continental)
34,2956,Fish,Continental,TYPE_B,4.2,145,582.03,582.03,0,0,204.0,94.0,128.75,4,0,1,0.0,0.0,Meal 2956 — Fish (Continental)
36,1062,Beverages,Italian,TYPE_B,4.4,145,190.15,189.15,0,0,404.0,432.0,469.25,0,2,1,-1.0,-0.0052868094105207,Meal 1062 — Beverages (Italian)
36,1109,Rice Bowl,Indian,TYPE_B,4.4,145,298.79,298.79,0,0,688.0,972.0,742.5,8,1,1,0.0,0.0,Meal 1109 — Rice Bowl (Indian)
36,1198,Extras,Thai,TYPE_B,4.4,145,170.75,227.01,0,0,80.0,229.0,195.5,3,3,1,56.25999999999999,0.2478304920488084,Meal 1198 — Extras (Thai)
36,1207,Beverages,Continental,TYPE_B,4.4,145,388.0,389.0,0,0,28.0,68.0,44.25,0,0,1,1.0,0.0025706940874035,Meal 1207 — Beverages (Continental)
36,1216,Pasta,Italian,TYPE_B,4.4,145,417.13,417.13,0,0,27.0,94.0,67.25,6,2,1,0.0,0.0,Meal 1216 — Pasta (Italian)
36,1230,Beverages,Continental,TYPE_B,4.4,145,388.0,389.0,0,0,123.0,55.0,98.75,0,0,1,1.0,0.0025706940874035,Meal 1230 — Beverages (Continental)
36,1247,Biryani,Indian,TYPE_B,4.4,145,445.23,447.23,0,0,40.0,40.0,40.5,1,1,1,2.0,0.0044719719160163,Meal 1247 — Biryani (Indian)
36,1248,Beverages,Indian,TYPE_B,4.4,145,164.93,163.93,0,0,40.0,41.0,40.5,0,1,1,-1.0,-0.006100164704447,Meal 1248 — Beverages (Indian)
36,1311,Extras,Thai,TYPE_B,4.4,145,163.02,194.97,0,0,352.0,190.0,267.25,3,3,1,31.94999999999999,0.1638713648253577,Meal 1311 — Extras (Thai)
36,1438,Soup,Thai,TYPE_B,4.4,145,196.0,194.0,0,0,177.0,134.0,138.75,12,3,1,-2.0,-0.0103092783505154,Meal 1438 — Soup (Thai)
36,1445,Seafood,Continental,TYPE_B,4.4,145,727.53,727.53,0,0,242.0,352.0,185.5,11,0,1,0.0,0.0,Meal 1445 — Seafood (Continental)
36,1525,Other Snacks,Thai,TYPE_B,4.4,145,320.13,319.13,0,0,230.0,297.0,276.75,5,3,1,-1.0,-0.0031335192554758,Meal 1525 — Other Snacks (Thai)
36,1543,Desert,Indian,TYPE_B,4.4,145,484.03,484.03,0,0,122.0,69.0,78.0,2,1,1,0.0,0.0,Meal 1543 — Desert (Indian)
36,1558,Pizza,Continental,TYPE_B,4.4,145,564.6,564.6,0,0,96.0,135.0,270.25,7,0,1,0.0,0.0,Meal 1558 — Pizza (Continental)
36,1571,Fish,Continental,TYPE_B,4.4,145,640.23,641.23,0,0,94.0,53.0,114.25,4,0,1,1.0,0.0015595028304976,Meal 1571 — Fish (Continental)
36,1727,Rice Bowl,Indian,TYPE_B,4.4,145,464.63,464.63,0,0,163.0,270.0,243.25,8,1,1,0.0,0.0,Meal 1727 — Rice Bowl (Indian)
36,1754,Sandwich,Italian,TYPE_B,4.4,145,318.16,318.16,0,0,661.0,703.0,594.5,10,2,1,0.0,0.0,Meal 1754 — Sandwich (Italian)
36,1770,Biryani,Indian,TYPE_B,4.4,145,486.03,486.03,0,0,13.0,26.0,36.5,1,1,1,0.0,0.0,Meal 1770 — Biryani (Indian)
36,1778,Beverages,Italian,TYPE_B,4.4,145,190.18,190.18,0,0,582.0,431.0,483.25,0,2,1,0.0,0.0,Meal 1778 — Beverages (Italian)
36,1803,Extras,Thai,TYPE_B,4.4,145,217.31,216.31,0,0,231.0,136.0,250.25,3,3,1,-1.0,-0.0046229947760159,Meal 1803 — Extras (Thai)
36,1847,Soup,Thai,TYPE_B,4.4,145,195.0,194.0,0,0,123.0,82.0,108.25,12,3,1,-1.0,-0.0051546391752577,Meal 1847 — Soup (Thai)
36,1878,Starters,Thai,TYPE_B,4.4,145,320.13,321.13,0,1,149.0,134.0,135.0,13,3,1,1.0,0.0031140036745243,Meal 1878 — Starters (Thai)
36,1885,Beverages,Thai,TYPE_B,4.4,145,157.17,158.17,0,0,1189.0,1215.0,1228.5,0,3,1,1.0,0.0063223114370613,Meal 1885 — Beverages (Thai)
36,1902,Biryani,Indian,TYPE_B,4.4,145,445.23,446.23,0,0,15.0,26.0,37.25,1,1,1,1.0,0.0022409967953745,Meal 1902 — Biryani (Indian)
36,1962,Pizza,Continental,TYPE_B,4.4,145,563.6,562.6,0,0,406.0,312.0,702.5,7,0,1,-1.0,-0.0017774617845716,Meal 1962 — Pizza (Continental)
36,1971,Sandwich,Italian,TYPE_B,4.4,145,346.35,344.35,0,0,230.0,188.0,229.5,10,2,1,-2.0,-0.0058080441411354,Meal 1971 — Sandwich (Italian)
36,1993,Beverages,Thai,TYPE_B,4.4,145,157.14,157.14,0,0,621.0,634.0,611.0,0,3,1,0.0,0.0,Meal 1993 — Beverages (Thai)
36,2126,Pasta,Italian,TYPE_B,4.4,145,485.03,485.03,0,0,28.0,13.0,47.0,6,2,1,0.0,0.0,Meal 2126 — Pasta (Italian)
36,2139,Beverages,Indian,TYPE_B,4.4,145,281.33,282.33,0,0,28.0,122.0,68.25,0,1,1,1.0,0.0035419544504657,Meal 2139 — Beverages (Indian)
36,2290,Rice Bowl,Indian,TYPE_B,4.4,145,282.33,281.33,0,0,784.0,756.0,662.0,8,1,1,-1.0,-0.0035545444851242,Meal 2290 — Rice Bowl (Indian)
36,2304,Desert,Indian,TYPE_B,4.4,145,485.03,484.03,0,0,54.0,96.0,51.25,2,1,1,-1.0,-0.0020659876453938,Meal 2304 — Desert (Indian)
36,2306,Pasta,Italian,TYPE_B,4.4,145,244.5,336.62,1,1,41.0,14.0,30.5,6,2,1,92.12,0.2736616956805894,Meal 2306 — Pasta (Italian)
36,2322,Beverages,Continental,TYPE_B,4.4,145,383.18,383.18,0,0,107.0,162.0,115.0,0,0,1,0.0,0.0,Meal 2322 — Beverages (Continental)
36,2444,Seafood,Continental,TYPE_B,4.4,145,728.53,727.53,0,0,256.0,324.0,181.75,11,0,1,-1.0,-0.0013745137657553,Meal 2444 — Seafood (Continental)
36,2490,Salad,Italian,TYPE_B,4.4,145,292.03,291.03,0,0,231.0,258.0,217.0,9,2,1,-1.0,-0.0034360718826237,Meal 2490 — Salad (Italian)
36,2492,Desert,Indian,TYPE_B,4.4,145,389.03,388.03,0,0,67.0,55.0,54.25,2,1,1,-1.0,-0.002577120325748,Meal 2492 — Desert (Indian)
36,2494,Soup,Thai,TYPE_B,4.4,145,196.0,244.5,0,1,188.0,121.0,155.0,12,3,1,48.5,0.1983640081799591,Meal 2494 — Soup (Thai)
36,2539,Beverages,Thai,TYPE_B,4.4,145,160.11,158.11,0,0,189.0,242.0,249.5,0,3,1,-2.0,-0.012649421288976,Meal 2539 — Beverages (Thai)
36,2569,Salad,Italian,TYPE_B,4.4,145,242.53,339.56,0,0,648.0,244.0,341.0,9,2,1,97.03,0.2857521498409707,Meal 2569 — Salad (Italian)
36,2577,Starters,Thai,TYPE_B,4.4,145,320.13,319.13,0,0,14.0,26.0,60.75,13,3,1,-1.0,-0.0031335192554758,Meal 2577 — Starters (Thai)
36,2581,Pizza,Continental,TYPE_B,4.4,145,564.6,563.6,0,0,271.0,121.0,334.25,7,0,1,-1.0,-0.0017743080198722,Meal 2581 — Pizza (Continental)
36,2631,Beverages,Indian,TYPE_B,4.4,145,155.26,153.26,0,0,54.0,69.0,57.25,0,1,1,-2.0,-0.0130497194310322,Meal 2631 — Beverages (Indian)
36,2640,Starters,Thai,TYPE_B,4.4,145,320.13,321.13,0,0,230.0,136.0,219.75,13,3,1,1.0,0.0031140036745243,Meal 2640 — Starters (Thai)
36,2664,Salad,Italian,TYPE_B,4.4,145,242.53,336.65,0,0,649.0,216.0,307.75,9,2,1,94.11999999999998,0.2795781969404425,Meal 2664 — Salad (Italian)
36,2704,Other Snacks,Thai,TYPE_B,4.4,145,319.13,320.13,0,0,121.0,188.0,181.75,5,3,1,1.0,0.0031237309842876,Meal 2704 — Other Snacks (Thai)
36,2707,Beverages,Italian,TYPE_B,4.4,145,231.83,231.83,0,0,582.0,851.0,783.5,0,2,1,0.0,0.0,Meal 2707 — Beverages (Italian)
36,2760,Other Snacks,Thai,TYPE_B,4.4,145,165.93,241.53,0,0,311.0,271.0,271.0,5,3,1,75.6,0.3130045957023972,Meal 2760 — Other Snacks (Thai)
36,2826,Sandwich,Italian,TYPE_B,4.4,145,377.33,378.33,0,0,418.0,513.0,472.25,10,2,1,1.0,0.0026431950942299,Meal 2826 — Sandwich (Italian)
36,2867,Seafood,Continental,TYPE_B,4.4,145,728.53,726.53,0,0,148.0,257.0,128.25,11,0,1,-2.0,-0.0027528113085488,Meal 2867 — Seafood (Continental)
36,2956,Fish,Continental,TYPE_B,4.4,145,639.23,639.23,0,0,149.0,175.0,155.75,4,0,1,0.0,0.0,Meal 2956 — Fish (Continental)
39,1062,Beverages,Italian,TYPE_C,3.8,145,159.11,157.14,1,0,391.0,338.0,371.5,0,2,2,-1.9700000000000275,-0.0125365915743924,Meal 1062 — Beverages (Italian)
39,1109,Rice Bowl,Indian,TYPE_C,3.8,145,284.24,284.24,0,0,271.0,270.0,229.5,8,1,2,0.0,0.0,Meal 1109 — Rice Bowl (Indian)
39,1207,Beverages,Continental,TYPE_C,3.8,145,358.96,357.96,0,0,27.0,40.0,40.5,0,0,2,-1.0,-0.0027936082243826,Meal 1207 — Beverages (Continental)
39,1216,Pasta,Italian,TYPE_C,3.8,145,416.13,418.13,0,0,53.0,80.0,56.75,6,2,2,2.0,0.0047832013966948,Meal 1216 — Pasta (Italian)
39,1230,Beverages,Continental,TYPE_C,3.8,145,350.2,349.2,0,0,54.0,81.0,74.5,0,0,2,-1.0,-0.0028636884306987,Meal 1230 — Beverages (Continental)
39,1247,Biryani,Indian,TYPE_C,3.8,145,446.23,446.23,0,0,15.0,13.0,20.25,1,1,2,0.0,0.0,Meal 1247 — Biryani (Indian)
39,1248,Beverages,Indian,TYPE_C,3.8,145,154.26,155.26,0,0,28.0,161.0,81.5,0,1,2,1.0,0.006440808965606,Meal 1248 — Beverages (Indian)
39,1445,Seafood,Continental,TYPE_C,3.8,145,727.53,727.53,0,0,54.0,40.0,33.75,11,0,2,0.0,0.0,Meal 1445 — Seafood (Continental)
39,1525,Other Snacks,Thai,TYPE_C,3.8,145,320.13,321.13,0,0,14.0,26.0,17.25,5,3,2,1.0,0.0031140036745243,Meal 1525 — Other Snacks (Thai)
39,1543,Desert,Indian,TYPE_C,3.8,145,484.09,482.09,0,0,136.0,108.0,121.5,2,1,2,-2.0,-0.0041486029579539,Meal 1543 — Desert (Indian)
39,1558,Pizza,Continental,TYPE_C,3.8,145,512.19,513.19,0,0,270.0,190.0,280.5,7,0,2,1.0,0.0019485960365556,Meal 1558 — Pizza (Continental)
39,1571,Fish,Continental,TYPE_C,3.8,142,581.03,582.03,0,0,14.0,15.0,17.5,4,0,2,1.0,0.0017181244953009,Meal 1571 — Fish (Continental)
39,1727,Rice Bowl,Indian,TYPE_C,3.8,145,423.95,421.95,0,0,365.0,636.0,347.75,8,1,2,-2.0,-0.004739898092191,Meal 1727 — Rice Bowl (Indian)
39,1754,Sandwich,Italian,TYPE_C,3.8,145,288.15,287.15,0,0,1080.0,1080.0,1039.25,10,2,2,-1.0,-0.0034825004353125,Meal 1754 — Sandwich (Italian)
39,1770,Biryani,Indian,TYPE_C,3.8,143,484.03,485.03,0,0,26.0,14.0,23.5,1,1,2,1.0,0.0020617281405273,Meal 1770 — Biryani (Indian)
39,1778,Beverages,Italian,TYPE_C,3.8,145,152.32,161.08,1,0,175.0,202.0,202.5,0,2,2,8.76000000000002,0.0543829153215794,Meal 1778 — Beverages (Italian)
39,1878,Starters,Thai,TYPE_C,3.8,145,321.13,321.13,0,0,40.0,15.0,48.0,13,3,2,0.0,0.0,Meal 1878 — Starters (Thai)
39,1885,Beverages,Thai,TYPE_C,3.8,145,119.31,120.31,0,0,150.0,202.0,209.0,0,3,2,1.0,0.0083118610256836,Meal 1885 — Beverages (Thai)
39,1902,Biryani,Indian,TYPE_C,3.8,142,447.23,445.23,0,0,14.0,14.0,14.25,1,1,2,-2.0,-0.004492060283449,Meal 1902 — Biryani (Indian)
39,1962,Pizza,Continental,TYPE_C,3.8,145,511.19,512.19,0,0,350.0,256.0,414.5,7,0,2,1.0000000000000568,0.0019524004763858,Meal 1962 — Pizza (Continental)
39,1971,Sandwich,Italian,TYPE_C,3.8,145,291.06,289.06,0,0,540.0,419.0,412.25,10,2,2,-2.0,-0.0069189787587352,Meal 1971 — Sandwich (Italian)
39,1993,Beverages,Thai,TYPE_C,3.8,145,116.4,116.4,0,0,283.0,323.0,303.25,0,3,2,0.0,0.0,Meal 1993 — Beverages (Thai)
39,2104,Fish,Continental,TYPE_C,3.8,143,581.03,581.03,0,0,26.0,27.0,37.0,4,0,2,0.0,0.0,Meal 2104 — Fish (Continental)
39,2126,Pasta,Italian,TYPE_C,3.8,145,436.53,507.31,0,0,54.0,27.0,44.0,6,2,2,70.78000000000003,0.1395202144645286,Meal 2126 — Pasta (Italian)
39,2139,Beverages,Indian,TYPE_C,3.8,145,260.93,261.93,0,0,15.0,14.0,24.0,0,1,2,1.0,0.0038178139197495,Meal 2139 — Beverages (Indian)
39,2290,Rice Bowl,Indian,TYPE_C,3.8,145,251.26,250.26,0,0,310.0,688.0,564.0,8,1,2,-1.0,-0.0039958443219052,Meal 2290 — Rice Bowl (Indian)
39,2304,Desert,Indian,TYPE_C,3.8,145,482.09,482.09,0,0,96.0,123.0,85.75,2,1,2,0.0,0.0,Meal 2304 — Desert (Indian)
39,2306,Pasta,Italian,TYPE_C,3.8,145,241.53,335.62,1,0,14.0,54.0,54.25,6,2,2,94.09,0.2803468208092485,Meal 2306 — Pasta (Italian)
39,2322,Beverages,Continental,TYPE_C,3.8,141,368.63,369.63,0,0,108.0,67.0,61.25,0,0,2,1.0,0.0027054081108135,Meal 2322 — Beverages (Continental)
39,2444,Seafood,Continental,TYPE_C,3.8,144,583.03,726.53,1,1,26.0,28.0,44.5,11,0,2,143.5,0.1975142113883803,Meal 2444 — Seafood (Continental)
39,2490,Salad,Italian,TYPE_C,3.8,145,274.57,273.57,0,0,365.0,244.0,270.25,9,2,2,-1.0,-0.0036553715685199,Meal 2490 — Salad (Italian)
39,2492,Desert,Indian,TYPE_C,3.8,145,446.23,446.23,0,0,55.0,67.0,71.5,2,1,2,0.0,0.0,Meal 2492 — Desert (Indian)
39,2539,Beverages,Thai,TYPE_C,3.8,145,120.34,120.34,0,0,108.0,123.0,111.75,0,3,2,0.0,0.0,Meal 2539 — Beverages (Thai)
39,2569,Salad,Italian,TYPE_C,3.8,145,243.53,334.71,0,0,1095.0,1552.0,1060.25,9,2,2,91.17999999999998,0.2724149263541572,Meal 2569 — Salad (Italian)
39,2577,Starters,Thai,TYPE_C,3.8,145,321.13,320.13,0,0,15.0,13.0,16.75,13,3,2,-1.0,-0.0031237309842876,Meal 2577 — Starters (Thai)
39,2581,Pizza,Continental,TYPE_C,3.8,145,512.19,512.19,0,0,189.0,134.0,280.0,7,0,2,0.0,0.0,Meal 2581 — Pizza (Continental)
39,2631,Beverages,Indian,TYPE_C,3.8,145,153.26,153.26,0,0,150.0,134.0,132.25,0,1,2,0.0,0.0,Meal 2631 — Beverages (Indian)
39,2640,Starters,Thai,TYPE_C,3.8,145,321.13,321.13,0,0,68.0,55.0,51.5,13,3,2,0.0,0.0,Meal 2640 — Starters (Thai)
39,2664,Salad,Italian,TYPE_C,3.8,145,243.47,283.3,0,0,729.0,1242.0,816.5,9,2,2,39.83000000000001,0.1405930109424638,Meal 2664 — Salad (Italian)
39,2704,Other Snacks,Thai,TYPE_C,3.8,145,319.13,320.13,0,0,41.0,26.0,37.25,5,3,2,1.0,0.0031237309842876,Meal 2704 — Other Snacks (Thai)
39,2707,Beverages,Italian,TYPE_C,3.8,145,192.09,193.09,0,0,177.0,285.0,254.0,0,2,2,1.0,0.0051789321042001,Meal 2707 — Beverages (Italian)
39,2760,Other Snacks,Thai,TYPE_C,3.8,145,183.36,261.93,0,0,28.0,40.0,27.25,5,3,2,78.57,0.2999656396747222,Meal 2760 — Other Snacks (Thai)
39,2826,Sandwich,Italian,TYPE_C,3.8,145,327.92,327.92,0,0,176.0,431.0,283.25,10,2,2,0.0,0.0,Meal 2826 — Sandwich (Italian)
39,2867,Seafood,Continental,TYPE_C,3.8,144,582.03,726.53,1,1,27.0,28.0,24.0,11,0,2,144.5,0.1988906170426548,Meal 2867 — Seafood (Continental)
39,2956,Fish,Continental,TYPE_C,3.8,80,583.03,581.03,0,0,54.0,28.0,32.333333333333336,4,0,2,-2.0,-0.0034421630552639,Meal 2956 — Fish (Continental)
41,1062,Beverages,Italian,TYPE_C,1.9,145,195.03,195.03,0,0,135.0,163.0,128.0,0,2,2,0.0,0.0,Meal 1062 — Beverages (Italian)
41,1109,Rice Bowl,Indian,TYPE_C,1.9,145,310.43,309.43,0,0,123.0,217.0,166.5,8,1,2,-1.0,-0.0032317486992211,Meal 1109 — Rice Bowl (Indian)
41,1198,Extras,Thai,TYPE_C,1.9,44,161.05,321.13,0,0,94.0,15.0,51.25,3,3,2,160.07999999999998,0.4984897082178556,Meal 1198 — Extras (Thai)
41,1207,Beverages,Continental,TYPE_C,1.9,145,390.0,388.0,0,0,40.0,40.0,57.75,0,0,2,-2.0,-0.0051546391752577,Meal 1207 — Beverages (Continental)
41,1216,Pasta,Italian,TYPE_C,1.9,144,291.03,418.13,0,0,28.0,14.0,27.5,6,2,2,127.10000000000002,0.3039724487599551,Meal 1216 — Pasta (Italian)
41,1230,Beverages,Continental,TYPE_C,1.9,145,386.12,533.53,0,0,163.0,69.0,74.75,0,0,2,147.40999999999997,0.2762918673739058,Meal 1230 — Beverages (Continental)
41,1247,Biryani,Indian,TYPE_C,1.9,129,445.23,447.23,0,0,28.0,26.0,20.5,1,1,2,2.0,0.0044719719160163,Meal 1247 — Biryani (Indian)
41,1248,Beverages,Indian,TYPE_C,1.9,16,45.62,253.23,0,0,27.0,15.0,21.0,0,1,2,207.61,0.8198475694033093,Meal 1248 — Beverages (Indian)
41,1311,Extras,Thai,TYPE_C,1.9,43,162.05,214.43,0,0,121.0,54.0,74.0,3,3,2,52.38,0.2442755211490929,Meal 1311 — Extras (Thai)
41,1438,Soup,Thai,TYPE_C,1.9,145,196.0,195.0,0,0,14.0,40.0,37.25,12,3,2,-1.0,-0.0051282051282051,Meal 1438 — Soup (Thai)
41,1445,Seafood,Continental,TYPE_C,1.9,37,668.33,668.33,0,0,13.0,15.0,13.75,11,0,2,0.0,0.0,Meal 1445 — Seafood (Continental)
41,1525,Other Snacks,Thai,TYPE_C,1.9,141,321.13,321.13,0,0,54.0,14.0,30.5,5,3,2,0.0,0.0,Meal 1525 — Other Snacks (Thai)
41,1543,Desert,Indian,TYPE_C,1.9,145,486.03,486.03,0,0,53.0,95.0,57.5,2,1,2,0.0,0.0,Meal 1543 — Desert (Indian)
41,1558,Pizza,Continental,TYPE_C,1.9,145,564.6,562.6,0,0,94.0,68.0,84.25,7,0,2,-2.0,-0.0035549235691432,Meal 1558 — Pizza (Continental)
41,1727,Rice Bowl,Indian,TYPE_C,1.9,145,372.48,466.63,0,0,41.0,161.0,162.25,8,1,2,94.14999999999998,0.2017658530313095,Meal 1727 — Rice Bowl (Indian)
41,1754,Sandwich,Italian,TYPE_C,1.9,145,319.16,318.16,0,0,324.0,365.0,286.5,10,2,2,-1.0,-0.00314307266784,Meal 1754 — Sandwich (Italian)
41,1770,Biryani,Indian,TYPE_C,1.9,145,484.03,485.03,0,0,14.0,13.0,13.25,1,1,2,1.0,0.0020617281405273,Meal 1770 — Biryani (Indian)
41,1778,Beverages,Italian,TYPE_C,1.9,145,193.03,193.03,0,0,162.0,230.0,169.0,0,2,2,0.0,0.0,Meal 1778 — Beverages (Italian)
41,1803,Extras,Thai,TYPE_C,1.9,44,162.05,214.43,0,0,54.0,94.0,74.5,3,3,2,52.38,0.2442755211490929,Meal 1803 — Extras (Thai)
41,1847,Soup,Thai,TYPE_C,1.9,144,196.0,194.0,0,0,13.0,14.0,17.0,12,3,2,-2.0,-0.0103092783505154,Meal 1847 — Soup (Thai)
41,1878,Starters,Thai,TYPE_C,1.9,140,320.13,319.13,0,0,15.0,15.0,20.75,13,3,2,-1.0,-0.0031335192554758,Meal 1878 — Starters (Thai)
41,1885,Beverages,Thai,TYPE_C,1.9,145,160.11,159.11,0,0,176.0,96.0,132.5,0,3,2,-1.0,-0.0062849600905034,Meal 1885 — Beverages (Thai)
41,1902,Biryani,Indian,TYPE_C,1.9,132,445.23,446.23,0,0,26.0,15.0,17.25,1,1,2,1.0,0.0022409967953745,Meal 1902 — Biryani (Indian)
41,1962,Pizza,Continental,TYPE_C,1.9,145,562.6,563.6,0,0,204.0,161.0,202.5,7,0,2,1.0,0.0017743080198722,Meal 1962 — Pizza (Continental)
41,1971,Sandwich,Italian,TYPE_C,1.9,145,345.35,344.35,0,0,69.0,40.0,41.0,10,2,2,-1.0,-0.0029040220705677,Meal 1971 — Sandwich (Italian)
41,1993,Beverages,Thai,TYPE_C,1.9,145,158.11,160.11,0,0,109.0,134.0,98.0,0,3,2,2.0,0.012491412154144,Meal 1993 — Beverages (Thai)
41,2126,Pasta,Italian,TYPE_C,1.9,145,486.03,485.03,0,0,13.0,15.0,17.25,6,2,2,-1.0,-0.0020617281405273,Meal 2126 — Pasta (Italian)
41,2139,Beverages,Indian,TYPE_C,1.9,145,262.93,291.03,0,0,13.0,14.0,27.0,0,1,2,28.09999999999997,0.0965536199017282,Meal 2139 — Beverages (Indian)
41,2290,Rice Bowl,Indian,TYPE_C,1.9,145,257.11,297.79,0,0,419.0,310.0,273.0,8,1,2,40.68000000000001,0.1366063333221397,Meal 2290 — Rice Bowl (Indian)
41,2304,Desert,Indian,TYPE_C,1.9,144,485.03,486.03,0,0,28.0,54.0,30.25,2,1,2,1.0,0.0020574861634055,Meal 2304 — Desert (Indian)
41,2306,Pasta,Italian,TYPE_C,1.9,144,290.03,336.62,0,0,14.0,15.0,14.0,6,2,2,46.59000000000003,0.1384053235101896,Meal 2306 — Pasta (Italian)
41,2322,Beverages,Continental,TYPE_C,1.9,145,389.0,461.75,0,0,162.0,67.0,90.75,0,0,2,72.75,0.15755278830536,Meal 2322 — Beverages (Continental)
41,2490,Salad,Italian,TYPE_C,1.9,145,291.03,290.03,0,0,176.0,134.0,155.0,9,2,2,-1.0,-0.0034479191807744,Meal 2490 — Salad (Italian)
41,2492,Desert,Indian,TYPE_C,1.9,113,387.03,387.03,0,0,28.0,27.0,47.5,2,1,2,0.0,0.0,Meal 2492 — Desert (Indian)
41,2539,Beverages,Thai,TYPE_C,1.9,145,160.11,159.11,0,0,67.0,81.0,53.75,0,3,2,-1.0,-0.0062849600905034,Meal 2539 — Beverages (Thai)
41,2569,Salad,Italian,TYPE_C,1.9,145,273.54,337.56,0,0,190.0,149.0,115.0,9,2,2,64.01999999999998,0.189655172413793,Meal 2569 — Salad (Italian)
41,2577,Starters,Thai,TYPE_C,1.9,144,321.13,319.13,0,0,13.0,15.0,13.75,13,3,2,-2.0,-0.0062670385109516,Meal 2577 — Starters (Thai)
41,2581,Pizza,Continental,TYPE_C,1.9,145,563.6,562.6,0,0,310.0,134.0,205.5,7,0,2,-1.0,-0.0017774617845716,Meal 2581 — Pizza (Continental)
41,2631,Beverages,Indian,TYPE_C,1.9,20,252.23,252.23,0,0,54.0,41.0,68.25,0,1,2,0.0,0.0,Meal 2631 — Beverages (Indian)
41,2640,Starters,Thai,TYPE_C,1.9,144,319.13,321.13,0,0,40.0,26.0,24.0,13,3,2,2.0,0.0062280073490486,Meal 2640 — Starters (Thai)
41,2664,Salad,Italian,TYPE_C,1.9,145,291.03,324.95,0,0,298.0,350.0,206.0,9,2,2,33.920000000000016,0.1043852900446223,Meal 2664 — Salad (Italian)
41,2704,Other Snacks,Thai,TYPE_C,1.9,145,320.13,320.13,0,0,13.0,14.0,17.0,5,3,2,0.0,0.0,Meal 2704 — Other Snacks (Thai)
41,2707,Beverages,Italian,TYPE_C,1.9,145,241.53,241.53,0,0,26.0,42.0,60.5,0,2,2,0.0,0.0,Meal 2707 — Beverages (Italian)
41,2760,Other Snacks,Thai,TYPE_C,1.9,144,163.99,241.53,0,0,42.0,15.0,21.25,5,3,2,77.53999999999999,0.3210367242164534,Meal 2760 — Other Snacks (Thai)
41,2826,Sandwich,Italian,TYPE_C,1.9,145,379.33,377.33,0,0,40.0,107.0,81.25,10,2,2,-2.0,-0.0053004001802136,Meal 2826 — Sandwich (Italian)
42,1062,Beverages,Italian,TYPE_B,3.9,145,162.05,160.05,1,0,270.0,202.0,259.5,0,2,1,-2.0,-0.0124960949703217,Meal 1062 — Beverages (Italian)
42,1109,Rice Bowl,Indian,TYPE_B,3.9,145,311.43,311.43,0,0,418.0,243.0,367.75,8,1,1,0.0,0.0,Meal 1109 — Rice Bowl (Indian)
42,1207,Beverages,Continental,TYPE_B,3.9,145,355.02,356.02,0,0,68.0,26.0,54.0,0,0,1,1.0,0.0028088309645525,Meal 1207 — Beverages (Continental)
42,1216,Pasta,Italian,TYPE_B,3.9,145,413.25,413.25,0,0,53.0,67.0,40.5,6,2,1,0.0,0.0,Meal 1216 — Pasta (Italian)
42,1230,Beverages,Continental,TYPE_B,3.9,145,365.75,363.75,0,0,15.0,40.0,51.0,0,0,1,-2.0,-0.0054982817869415,Meal 1230 — Beverages (Continental)
42,1247,Biryani,Indian,TYPE_B,3.9,145,446.23,445.23,0,0,54.0,13.0,33.75,1,1,1,-1.0,-0.0022460301417245,Meal 1247 — Biryani (Indian)
42,1248,Beverages,Indian,TYPE_B,3.9,145,145.5,146.5,0,0,13.0,27.0,37.25,0,1,1,1.0,0.0068259385665529,Meal 1248 — Beverages (Indian)
42,1445,Seafood,Continental,TYPE_B,3.9,145,727.53,728.53,0,0,68.0,94.0,67.0,11,0,1,1.0,0.001372627070951,Meal 1445 — Seafood (Continental)
42,1525,Other Snacks,Thai,TYPE_B,3.9,145,320.13,319.13,0,0,41.0,55.0,54.75,5,3,1,-1.0,-0.0031335192554758,Meal 1525 — Other Snacks (Thai)
42,1543,Desert,Indian,TYPE_B,3.9,145,482.09,483.09,0,0,82.0,55.0,71.5,2,1,1,1.0,0.0020700076590283,Meal 1543 — Desert (Indian)
42,1558,Pizza,Continental,TYPE_B,3.9,145,549.08,549.08,0,0,134.0,68.0,155.0,7,0,1,0.0,0.0,Meal 1558 — Pizza (Continental)
42,1571,Fish,Continental,TYPE_B,3.9,145,582.03,581.03,0,0,27.0,95.0,78.25,4,0,1,-1.0,-0.0017210815276319,Meal 1571 — Fish (Continental)
42,1727,Rice Bowl,Indian,TYPE_B,3.9,145,445.23,446.23,0,0,162.0,229.0,165.75,8,1,1,1.0,0.0022409967953745,Meal 1727 — Rice Bowl (Indian)
42,1754,Sandwich,Italian,TYPE_B,3.9,145,330.83,329.83,0,0,296.0,244.0,263.75,10,2,1,-1.0,-0.0030318649001,Meal 1754 — Sandwich (Italian)
42,1770,Biryani,Indian,TYPE_B,3.9,145,426.83,486.03,0,0,67.0,28.0,41.25,1,1,1,59.19999999999999,0.1218031808736086,Meal 1770 — Biryani (Indian)
42,1778,Beverages,Italian,TYPE_B,3.9,145,142.59,162.02,1,1,150.0,1376.0,456.0,0,2,1,19.430000000000007,0.119923466238736,Meal 1778 — Beverages (Italian)
42,1878,Starters,Thai,TYPE_B,3.9,145,319.13,320.13,0,0,296.0,161.0,239.0,13,3,1,1.0,0.0031237309842876,Meal 1878 — Starters (Thai)
42,1885,Beverages,Thai,TYPE_B,3.9,145,140.71,140.71,0,0,296.0,296.0,317.25,0,3,1,0.0,0.0,Meal 1885 — Beverages (Thai)
42,1902,Biryani,Indian,TYPE_B,3.9,144,447.23,446.23,0,0,26.0,54.0,37.0,1,1,1,-1.0,-0.0022409967953745,Meal 1902 — Biryani (Indian)
42,1962,Pizza,Continental,TYPE_B,3.9,145,549.08,547.08,0,0,148.0,175.0,303.25,7,0,1,-2.0,-0.0036557724647217,Meal 1962 — Pizza (Continental)
42,1971,Sandwich,Italian,TYPE_B,3.9,145,329.86,328.86,0,0,177.0,190.0,159.25,10,2,1,-1.0,-0.0030408076385087,Meal 1971 — Sandwich (Italian)
42,1993,Beverages,Thai,TYPE_B,3.9,145,137.74,138.74,0,0,339.0,297.0,344.75,0,3,1,1.0,0.0072077266830041,Meal 1993 — Beverages (Thai)
42,2104,Fish,Continental,TYPE_B,3.9,145,581.03,582.03,0,0,54.0,27.0,50.25,4,0,1,1.0,0.0017181244953009,Meal 2104 — Fish (Continental)
42,2126,Pasta,Italian,TYPE_B,3.9,145,436.53,472.42,0,1,13.0,53.0,50.25,6,2,1,35.89000000000004,0.0759705346937048,Meal 2126 — Pasta (Italian)
42,2139,Beverages,Indian,TYPE_B,3.9,145,292.03,291.03,0,0,15.0,26.0,27.5,0,1,1,-1.0,-0.0034360718826237,Meal 2139 — Beverages (Indian)
42,2290,Rice Bowl,Indian,TYPE_B,3.9,145,299.79,299.79,0,0,378.0,296.0,421.75,8,1,1,0.0,0.0,Meal 2290 — Rice Bowl (Indian)
42,2304,Desert,Indian,TYPE_B,3.9,145,482.09,482.09,0,0,28.0,26.0,23.75,2,1,1,0.0,0.0,Meal 2304 — Desert (Indian)
42,2306,Pasta,Italian,TYPE_B,3.9,145,242.53,335.62,1,1,14.0,14.0,61.0,6,2,1,93.09,0.2773672605923366,Meal 2306 — Pasta (Italian)
42,2322,Beverages,Continental,TYPE_B,3.9,145,363.78,363.78,0,0,69.0,27.0,61.75,0,0,1,0.0,0.0,Meal 2322 — Beverages (Continental)
42,2444,Seafood,Continental,TYPE_B,3.9,145,727.53,728.53,0,0,69.0,121.0,57.75,11,0,1,1.0,0.001372627070951,Meal 2444 — Seafood (Continental)
42,2490,Salad,Italian,TYPE_B,3.9,145,260.93,290.03,0,0,40.0,81.0,81.25,9,2,1,29.09999999999997,0.100334448160535,Meal 2490 — Salad (Italian)
42,2492,Desert,Indian,TYPE_B,3.9,145,454.93,454.93,0,0,81.0,53.0,70.75,2,1,1,0.0,0.0,Meal 2492 — Desert (Indian)
42,2539,Beverages,Thai,TYPE_B,3.9,145,135.83,134.83,0,0,230.0,121.0,179.5,0,3,1,-1.0,-0.0074167470147593,Meal 2539 — Beverages (Thai)
42,2569,Salad,Italian,TYPE_B,3.9,145,244.5,323.07,0,0,243.0,68.0,114.5,9,2,1,78.57,0.2431980685300399,Meal 2569 — Salad (Italian)
42,2577,Starters,Thai,TYPE_B,3.9,145,321.13,320.13,0,0,82.0,95.0,94.75,13,3,1,-1.0,-0.0031237309842876,Meal 2577 — Starters (Thai)
42,2581,Pizza,Continental,TYPE_B,3.9,145,547.08,549.08,0,0,149.0,121.0,226.25,7,0,1,2.0,0.0036424564726451,Meal 2581 — Pizza (Continental)
42,2631,Beverages,Indian,TYPE_B,3.9,145,155.26,155.26,0,0,67.0,27.0,43.75,0,1,1,0.0,0.0,Meal 2631 — Beverages (Indian)
42,2640,Starters,Thai,TYPE_B,3.9,145,320.13,319.13,0,0,215.0,229.0,310.5,13,3,1,-1.0,-0.0031335192554758,Meal 2640 — Starters (Thai)
42,2664,Salad,Italian,TYPE_B,3.9,145,248.38,322.07,0,0,311.0,122.0,162.25,9,2,1,73.69,0.2288011922873909,Meal 2664 — Salad (Italian)
42,2704,Other Snacks,Thai,TYPE_B,3.9,145,319.13,319.13,0,0,150.0,122.0,115.0,5,3,1,0.0,0.0,Meal 2704 — Other Snacks (Thai)
42,2707,Beverages,Italian,TYPE_B,3.9,145,207.58,233.83,0,0,271.0,215.0,219.5,0,2,1,26.25,0.1122610443484582,Meal 2707 — Beverages (Italian)
42,2760,Other Snacks,Thai,TYPE_B,3.9,145,184.36,260.93,0,0,175.0,107.0,114.5,5,3,1,76.57,0.2934503506687617,Meal 2760 — Other Snacks (Thai)
42,2826,Sandwich,Italian,TYPE_B,3.9,145,326.92,327.92,0,0,257.0,175.0,199.25,10,2,1,1.0,0.0030495242742132,Meal 2826 — Sandwich (Italian)
42,2867,Seafood,Continental,TYPE_B,3.9,144,582.03,727.53,1,0,96.0,109.0,84.5,11,0,1,145.5,0.1999917529174054,Meal 2867 — Seafood (Continental)
42,2956,Fish,Continental,TYPE_B,3.9,145,581.03,581.03,0,0,94.0,107.0,70.5,4,0,1,0.0,0.0,Meal 2956 — Fish (Continental)
43,1062,Beverages,Italian,TYPE_A,5.1,145,190.18,189.18,0,0,999.0,1338.0,1097.25,0,2,0,-1.0,-0.0052859710328787,Meal 1062 — Beverages (Italian)
43,1109,Rice Bowl,Indian,TYPE_A,5.1,145,283.3,283.3,0,0,1457.0,1835.0,1376.25,8,1,0,0.0,0.0,Meal 1109 — Rice Bowl (Indian)
43,1198,Extras,Thai,TYPE_A,5.1,145,171.75,194.0,0,0,634.0,593.0,664.25,3,3,0,22.25,0.1146907216494845,Meal 1198 — Extras (Thai)
43,1207,Beverages,Continental,TYPE_A,5.1,145,379.27,379.27,0,0,175.0,109.0,148.75,0,0,0,0.0,0.0,Meal 1207 — Beverages (Continental)
43,1216,Pasta,Italian,TYPE_A,5.1,145,407.43,408.43,0,0,311.0,337.0,226.25,6,2,0,1.0,0.0024483999706192,Meal 1216 — Pasta (Italian)
43,1230,Beverages,Continental,TYPE_A,5.1,145,378.3,380.3,0,0,175.0,242.0,178.5,0,0,0,2.0,0.0052590060478569,Meal 1230 — Beverages (Continental)
43,1247,Biryani,Indian,TYPE_A,5.1,145,445.23,447.23,0,0,55.0,14.0,31.0,1,1,0,2.0,0.0044719719160163,Meal 1247 — Biryani (Indian)
43,1248,Beverages,Indian,TYPE_A,5.1,145,163.99,161.99,0,0,161.0,81.0,142.0,0,1,0,-2.0,-0.0123464411383418,Meal 1248 — Beverages (Indian)
43,1311,Extras,Thai,TYPE_A,5.1,145,161.05,160.05,0,0,1338.0,850.0,992.75,3,3,0,-1.0,-0.0062480474851608,Meal 1311 — Extras (Thai)
43,1438,Soup,Thai,TYPE_A,5.1,145,196.0,195.0,0,0,162.0,121.0,189.25,12,3,0,-1.0,-0.0051282051282051,Meal 1438 — Soup (Thai)
43,1445,Seafood,Continental,TYPE_A,5.1,144,485.03,727.53,1,0,338.0,27.0,108.5,11,0,0,242.5,0.3333195881956758,Meal 1445 — Seafood (Continental)
43,1525,Other Snacks,Thai,TYPE_A,5.1,145,319.13,319.13,0,0,311.0,366.0,341.5,5,3,0,0.0,0.0,Meal 1525 — Other Snacks (Thai)
43,1543,Desert,Indian,TYPE_A,5.1,145,480.21,478.21,0,0,188.0,190.0,175.75,2,1,0,-2.0,-0.0041822630225214,Meal 1543 — Desert (Indian)
43,1558,Pizza,Continental,TYPE_A,5.1,145,561.63,563.63,0,0,393.0,215.0,466.0,7,0,0,2.0,0.0035484271596614,Meal 1558 — Pizza (Continental)
43,1571,Fish,Continental,TYPE_A,5.1,145,640.23,640.23,0,0,135.0,177.0,132.25,4,0,0,0.0,0.0,Meal 1571 — Fish (Continental)
43,1727,Rice Bowl,Indian,TYPE_A,5.1,145,464.63,464.63,0,0,688.0,770.0,702.5,8,1,0,0.0,0.0,Meal 1727 — Rice Bowl (Indian)
43,1754,Sandwich,Italian,TYPE_A,5.1,145,310.4,312.4,0,0,1095.0,946.0,898.25,10,2,0,2.0,0.0064020486555697,Meal 1754 — Sandwich (Italian)
43,1770,Biryani,Indian,TYPE_A,5.1,145,486.03,485.03,0,0,55.0,27.0,30.25,1,1,0,-1.0,-0.0020617281405273,Meal 1770 — Biryani (Indian)
43,1778,Beverages,Italian,TYPE_A,5.1,145,192.12,190.12,0,0,1120.0,945.0,968.5,0,2,0,-2.0,-0.0105196717862402,Meal 1778 — Beverages (Italian)
43,1803,Extras,Thai,TYPE_A,5.1,145,202.76,202.76,0,0,985.0,958.0,1046.0,3,3,0,0.0,0.0,Meal 1803 — Extras (Thai)
43,1847,Soup,Thai,TYPE_A,5.1,145,196.0,196.0,0,0,108.0,94.0,127.75,12,3,0,0.0,0.0,Meal 1847 — Soup (Thai)
43,1878,Starters,Thai,TYPE_A,5.1,145,321.13,319.13,0,0,54.0,40.0,54.0,13,3,0,-2.0,-0.0062670385109516,Meal 1878 — Starters (Thai)
43,1885,Beverages,Thai,TYPE_A,5.1,145,158.14,157.14,0,0,2174.0,2283.0,2167.0,0,3,0,-1.0,-0.0063637520682194,Meal 1885 — Beverages (Thai)
43,1902,Biryani,Indian,TYPE_A,5.1,145,447.23,445.23,0,0,81.0,81.0,47.25,1,1,0,-2.0,-0.004492060283449,Meal 1902 — Biryani (Indian)
43,1962,Pizza,Continental,TYPE_A,5.1,145,564.6,563.6,0,0,730.0,554.0,1189.0,7,0,0,-1.0,-0.0017743080198722,Meal 1962 — Pizza (Continental)
43,1971,Sandwich,Italian,TYPE_A,5.1,145,344.35,345.35,0,0,541.0,487.0,358.0,10,2,0,1.0,0.0028956131460836,Meal 1971 — Sandwich (Italian)
43,1993,Beverages,Thai,TYPE_A,5.1,145,158.14,157.14,0,0,1349.0,1540.0,1407.75,0,3,0,-1.0,-0.0063637520682194,Meal 1993 — Beverages (Thai)
43,2104,Fish,Continental,TYPE_A,5.1,145,639.23,639.23,0,0,107.0,69.0,115.0,4,0,0,0.0,0.0,Meal 2104 — Fish (Continental)
43,2126,Pasta,Italian,TYPE_A,5.1,145,485.03,485.03,0,0,41.0,42.0,78.5,6,2,0,0.0,0.0,Meal 2126 — Pasta (Italian)
43,2139,Beverages,Indian,TYPE_A,5.1,145,292.03,292.03,0,0,188.0,121.0,148.75,0,1,0,0.0,0.0,Meal 2139 — Beverages (Indian)
43,2290,Rice Bowl,Indian,TYPE_A,5.1,145,298.82,298.82,0,0,2715.0,2296.0,2245.0,8,1,0,0.0,0.0,Meal 2290 — Rice Bowl (Indian)
43,2304,Desert,Indian,TYPE_A,5.1,145,484.03,485.03,0,0,189.0,135.0,142.25,2,1,0,1.0,0.0020617281405273,Meal 2304 — Desert (Indian)
43,2306,Pasta,Italian,TYPE_A,5.1,145,243.5,337.62,1,0,13.0,15.0,24.5,6,2,0,94.12,0.2787749540903975,Meal 2306 — Pasta (Italian)
43,2322,Beverages,Continental,TYPE_A,5.1,145,374.42,375.42,0,0,460.0,258.0,327.75,0,0,0,1.0,0.0026636833413243,Meal 2322 — Beverages (Continental)
43,2444,Seafood,Continental,TYPE_A,5.1,144,486.03,728.53,1,0,243.0,55.0,95.25,11,0,0,242.5,0.3328620647056401,Meal 2444 — Seafood (Continental)
43,2490,Salad,Italian,TYPE_A,5.1,145,285.24,285.24,0,0,1094.0,675.0,756.75,9,2,0,0.0,0.0,Meal 2490 — Salad (Italian)
43,2492,Desert,Indian,TYPE_A,5.1,145,389.03,388.03,0,0,55.0,68.0,111.75,2,1,0,-1.0,-0.002577120325748,Meal 2492 — Desert (Indian)
43,2494,Soup,Thai,TYPE_A,5.1,145,196.0,195.0,0,0,176.0,204.0,176.25,12,3,0,-1.0,-0.0051282051282051,Meal 2494 — Soup (Thai)
43,2539,Beverages,Thai,TYPE_A,5.1,145,157.14,157.14,0,0,513.0,663.0,641.75,0,3,0,0.0,0.0,Meal 2539 — Beverages (Thai)
43,2569,Salad,Italian,TYPE_A,5.1,145,243.53,325.98,0,0,1459.0,337.0,607.25,9,2,0,82.45000000000002,0.2529296275845144,Meal 2569 — Salad (Italian)
43,2577,Starters,Thai,TYPE_A,5.1,145,321.13,320.13,0,0,80.0,69.0,81.5,13,3,0,-1.0,-0.0031237309842876,Meal 2577 — Starters (Thai)
43,2581,Pizza,Continental,TYPE_A,5.1,145,561.63,561.63,0,0,406.0,297.0,719.5,7,0,0,0.0,0.0,Meal 2581 — Pizza (Continental)
43,2631,Beverages,Indian,TYPE_A,5.1,145,164.93,164.93,0,0,271.0,216.0,219.5,0,1,0,0.0,0.0,Meal 2631 — Beverages (Indian)
43,2640,Starters,Thai,TYPE_A,5.1,145,320.13,319.13,0,0,325.0,392.0,344.25,13,3,0,-1.0,-0.0031335192554758,Meal 2640 — Starters (Thai)
43,2664,Salad,Italian,TYPE_A,5.1,145,243.47,338.59,0,0,1795.0,377.0,702.25,9,2,0,95.11999999999998,0.2809297380312471,Meal 2664 — Salad (Italian)
43,2704,Other Snacks,Thai,TYPE_A,5.1,145,319.13,321.13,0,0,204.0,257.0,203.0,5,3,0,2.0,0.0062280073490486,Meal 2704 — Other Snacks (Thai)
43,2707,Beverages,Italian,TYPE_A,5.1,145,235.77,235.77,0,0,1566.0,1256.0,1228.75,0,2,0,0.0,0.0,Meal 2707 — Beverages (Italian)
43,2760,Other Snacks,Thai,TYPE_A,5.1,145,162.99,243.53,0,0,447.0,285.0,305.0,5,3,0,80.53999999999999,0.3307190079251016,Meal 2760 — Other Snacks (Thai)
43,2826,Sandwich,Italian,TYPE_A,5.1,145,377.33,379.33,0,0,811.0,1012.0,770.0,10,2,0,2.0,0.0052724540637439,Meal 2826 — Sandwich (Italian)
43,2867,Seafood,Continental,TYPE_A,5.1,145,727.53,727.53,0,0,324.0,204.0,152.75,11,0,0,0.0,0.0,Meal 2867 — Seafood (Continental)
43,2956,Fish,Continental,TYPE_A,5.1,145,640.23,639.23,0,0,122.0,163.0,92.0,4,0,0,-1.0,-0.0015643821472709,Meal 2956 — Fish (Continental)
50,1062,Beverages,Italian,TYPE_A,4.8,145,154.23,158.11,1,0,297.0,392.0,344.5,0,2,0,3.880000000000024,0.0245398773006136,Meal 1062 — Beverages (Italian)
50,1109,Rice Bowl,Indian,TYPE_A,4.8,145,299.73,300.73,0,0,485.0,636.0,516.25,8,1,0,1.0,0.003325241911349,Meal 1109 — Rice Bowl (Indian)
50,1207,Beverages,Continental,TYPE_A,4.8,145,351.2,349.2,0,0,95.0,28.0,64.25,0,0,0,-2.0,-0.0057273768613974,Meal 1207 — Beverages (Continental)
50,1216,Pasta,Italian,TYPE_A,4.8,145,412.25,414.25,0,0,55.0,53.0,40.75,6,2,0,2.0,0.0048280024140012,Meal 1216 — Pasta (Italian)
50,1230,Beverages,Continental,TYPE_A,4.8,145,368.63,368.63,0,0,122.0,136.0,101.75,0,0,0,0.0,0.0,Meal 1230 — Beverages (Continental)
50,1247,Biryani,Indian,TYPE_A,4.8,145,447.23,446.23,0,0,81.0,13.0,43.75,1,1,0,-1.0,-0.0022409967953745,Meal 1247 — Biryani (Indian)
50,1248,Beverages,Indian,TYPE_A,4.8,145,147.5,145.5,0,0,28.0,40.0,31.0,0,1,0,-2.0,-0.0137457044673539,Meal 1248 — Beverages (Indian)
50,1445,Seafood,Continental,TYPE_A,4.8,144,582.03,726.53,1,1,162.0,80.0,74.25,11,0,0,144.5,0.1988906170426548,Meal 1445 — Seafood (Continental)
50,1525,Other Snacks,Thai,TYPE_A,4.8,145,319.13,290.03,0,1,188.0,176.0,151.75,5,3,0,-29.100000000000023,-0.1003344481605352,Meal 1525 — Other Snacks (Thai)
50,1543,Desert,Indian,TYPE_A,4.8,145,483.09,482.09,0,0,108.0,150.0,94.75,2,1,0,-1.0,-0.0020743014789769,Meal 1543 — Desert (Indian)
50,1558,Pizza,Continental,TYPE_A,4.8,145,547.08,549.08,0,0,95.0,80.0,165.25,7,0,0,2.0,0.0036424564726451,Meal 1558 — Pizza (Continental)
50,1571,Fish,Continental,TYPE_A,4.8,145,583.03,582.03,0,0,13.0,150.0,81.25,4,0,0,-1.0,-0.0017181244953009,Meal 1571 — Fish (Continental)
50,1727,Rice Bowl,Indian,TYPE_A,4.8,145,445.23,447.23,0,0,135.0,217.0,159.25,8,1,0,2.0,0.0044719719160163,Meal 1727 — Rice Bowl (Indian)
50,1754,Sandwich,Italian,TYPE_A,4.8,145,330.83,330.83,0,0,528.0,459.0,419.0,10,2,0,0.0,0.0,Meal 1754 — Sandwich (Italian)
50,1770,Biryani,Indian,TYPE_A,4.8,145,486.03,484.03,0,0,26.0,40.0,36.75,1,1,0,-2.0,-0.0041319752907877,Meal 1770 — Biryani (Indian)
50,1778,Beverages,Italian,TYPE_A,4.8,145,151.35,176.57,1,0,432.0,364.0,314.25,0,2,0,25.22,0.1428328708161069,Meal 1778 — Beverages (Italian)
50,1878,Starters,Thai,TYPE_A,4.8,145,320.13,319.13,0,0,177.0,107.0,152.25,13,3,0,-1.0,-0.0031335192554758,Meal 1878 — Starters (Thai)
50,1885,Beverages,Thai,TYPE_A,4.8,145,138.77,136.77,0,0,445.0,567.0,527.0,0,3,0,-2.0,-0.0146230898588871,Meal 1885 — Beverages (Thai)
50,1902,Biryani,Indian,TYPE_A,4.8,144,446.23,445.23,0,0,15.0,14.0,21.0,1,1,0,-1.0,-0.0022460301417245,Meal 1902 — Biryani (Indian)
50,1962,Pizza,Continental,TYPE_A,4.8,145,547.08,547.08,0,0,161.0,136.0,320.5,7,0,0,0.0,0.0,Meal 1962 — Pizza (Continental)
50,1971,Sandwich,Italian,TYPE_A,4.8,145,325.95,324.95,0,0,257.0,177.0,210.25,10,2,0,-1.0,-0.0030773965225419,Meal 1971 — Sandwich (Italian)
50,1993,Beverages,Thai,TYPE_A,4.8,145,136.83,134.83,0,0,581.0,405.0,394.75,0,3,0,-2.0,-0.0148334940295186,Meal 1993 — Beverages (Thai)
50,2104,Fish,Continental,TYPE_A,4.8,145,583.03,581.03,0,0,95.0,53.0,57.75,4,0,0,-2.0,-0.0034421630552639,Meal 2104 — Fish (Continental)
50,2126,Pasta,Italian,TYPE_A,4.8,145,436.53,508.31,0,1,14.0,15.0,34.75,6,2,0,71.78000000000003,0.1412130392870492,Meal 2126 — Pasta (Italian)
50,2139,Beverages,Indian,TYPE_A,4.8,145,284.24,284.24,0,0,96.0,14.0,68.5,0,1,0,0.0,0.0,Meal 2139 — Beverages (Indian)
50,2290,Rice Bowl,Indian,TYPE_A,4.8,145,262.87,297.79,0,0,447.0,609.0,489.75,8,1,0,34.920000000000016,0.1172638436482085,Meal 2290 — Rice Bowl (Indian)
50,2304,Desert,Indian,TYPE_A,4.8,145,482.09,482.09,0,0,15.0,53.0,30.0,2,1,0,0.0,0.0,Meal 2304 — Desert (Indian)
50,2306,Pasta,Italian,TYPE_A,4.8,145,241.53,336.62,1,0,53.0,40.0,57.25,6,2,0,95.09,0.2824847008496227,Meal 2306 — Pasta (Italian)
50,2322,Beverages,Continental,TYPE_A,4.8,145,367.63,368.63,0,0,55.0,122.0,78.5,0,0,0,1.0,0.0027127471990885,Meal 2322 — Beverages (Continental)
50,2444,Seafood,Continental,TYPE_A,4.8,145,727.53,728.53,0,0,81.0,189.0,80.5,11,0,0,1.0,0.001372627070951,Meal 2444 — Seafood (Continental)
50,2490,Salad,Italian,TYPE_A,4.8,145,292.03,291.03,0,0,94.0,163.0,118.5,9,2,0,-1.0,-0.0034360718826237,Meal 2490 — Salad (Italian)
50,2492,Desert,Indian,TYPE_A,4.8,145,454.93,454.93,0,0,42.0,13.0,31.0,2,1,0,0.0,0.0,Meal 2492 — Desert (Indian)
50,2539,Beverages,Thai,TYPE_A,4.8,145,138.71,140.71,0,0,257.0,310.0,216.0,0,3,0,2.0,0.0142136308720062,Meal 2539 — Beverages (Thai)
50,2569,Salad,Italian,TYPE_A,4.8,145,245.44,321.07,0,0,580.0,271.0,341.0,9,2,0,75.63,0.235556109259663,Meal 2569 — Salad (Italian)
50,2577,Starters,Thai,TYPE_A,4.8,145,321.13,319.13,0,0,108.0,96.0,78.25,13,3,0,-2.0,-0.0062670385109516,Meal 2577 — Starters (Thai)
50,2581,Pizza,Continental,TYPE_A,4.8,145,548.08,547.08,0,0,121.0,108.0,208.75,7,0,0,-1.0,-0.0018278862323608,Meal 2581 — Pizza (Continental)
50,2631,Beverages,Indian,TYPE_A,4.8,145,151.38,149.38,0,0,55.0,121.0,88.0,0,1,0,-2.0,-0.0133886731824876,Meal 2631 — Beverages (Indian)
50,2640,Starters,Thai,TYPE_A,4.8,145,321.13,321.13,0,0,134.0,175.0,172.25,13,3,0,0.0,0.0,Meal 2640 — Starters (Thai)
50,2664,Salad,Italian,TYPE_A,4.8,145,245.44,323.07,0,0,581.0,202.0,347.5,9,2,0,77.63,0.2402884823722413,Meal 2664 — Salad (Italian)
50,2704,Other Snacks,Thai,TYPE_A,4.8,145,321.13,321.13,0,1,404.0,298.0,327.5,5,3,0,0.0,0.0,Meal 2704 — Other Snacks (Thai)
50,2707,Beverages,Italian,TYPE_A,4.8,145,213.46,211.46,0,0,392.0,339.0,338.25,0,2,0,-2.0,-0.0094580535325829,Meal 2707 — Beverages (Italian)
50,2760,Other Snacks,Thai,TYPE_A,4.8,145,182.36,260.93,0,1,296.0,150.0,182.25,5,3,0,78.57,0.3011152416356877,Meal 2760 — Other Snacks (Thai)
50,2826,Sandwich,Italian,TYPE_A,4.8,145,327.92,326.92,0,0,229.0,339.0,321.5,10,2,0,-1.0,-0.00305885231861,Meal 2826 — Sandwich (Italian)
50,2867,Seafood,Continental,TYPE_A,4.8,145,727.53,726.53,0,0,26.0,107.0,47.0,11,0,0,-1.0,-0.0013764056542744,Meal 2867 — Seafood (Continental)
51,1062,Beverages,Italian,TYPE_A,7.0,145,188.21,187.21,0,0,756.0,771.0,611.25,0,2,0,-1.0,-0.005341595000267,Meal 1062 — Beverages (Italian)
51,1109,Rice Bowl,Indian,TYPE_A,7.0,145,301.73,300.73,0,0,1107.0,1079.0,911.25,8,1,0,-1.0,-0.003325241911349,Meal 1109 — Rice Bowl (Indian)
51,1198,Extras,Thai,TYPE_A,7.0,145,136.8,228.01,0,0,122.0,82.0,88.5,3,3,0,91.20999999999998,0.4000263146353229,Meal 1198 — Extras (Thai)
51,1207,Beverages,Continental,TYPE_A,7.0,145,382.18,384.18,0,0,123.0,136.0,126.0,0,0,0,2.0,0.0052058930709563,Meal 1207 — Beverages (Continental)
51,1216,Pasta,Italian,TYPE_A,7.0,145,418.13,417.13,0,0,230.0,271.0,149.5,6,2,0,-1.0,-0.0023973341644091,Meal 1216 — Pasta (Italian)
51,1230,Beverages,Continental,TYPE_A,7.0,145,370.57,370.57,0,0,96.0,176.0,122.0,0,0,0,0.0,0.0,Meal 1230 — Beverages (Continental)
51,1247,Biryani,Indian,TYPE_A,7.0,145,446.23,446.23,0,0,14.0,13.0,33.75,1,1,0,0.0,0.0,Meal 1247 — Biryani (Indian)
51,1248,Beverages,Indian,TYPE_A,7.0,145,165.93,164.93,0,0,40.0,54.0,71.25,0,1,0,-1.0,-0.0060631783180743,Meal 1248 — Beverages (Indian)
51,1311,Extras,Thai,TYPE_A,7.0,145,135.8,180.48,0,0,67.0,257.0,142.0,3,3,0,44.67999999999998,0.2475620567375885,Meal 1311 — Extras (Thai)
51,1438,Soup,Thai,TYPE_A,7.0,145,194.0,195.0,0,0,54.0,94.0,87.5,12,3,0,1.0,0.0051282051282051,Meal 1438 — Soup (Thai)
51,1445,Seafood,Continental,TYPE_A,7.0,145,728.53,727.53,0,0,337.0,204.0,152.0,11,0,0,-1.0,-0.0013745137657553,Meal 1445 — Seafood (Continental)
51,1525,Other Snacks,Thai,TYPE_A,7.0,145,319.13,292.03,0,1,285.0,379.0,361.5,5,3,0,-27.100000000000023,-0.0927986850666028,Meal 1525 — Other Snacks (Thai)
51,1543,Desert,Indian,TYPE_A,7.0,145,485.03,486.03,0,0,176.0,82.0,108.75,2,1,0,1.0,0.0020574861634055,Meal 1543 — Desert (Indian)
51,1558,Pizza,Continental,TYPE_A,7.0,145,562.6,562.6,0,0,204.0,216.0,402.0,7,0,0,0.0,0.0,Meal 1558 — Pizza (Continental)
51,1571,Fish,Continental,TYPE_A,7.0,145,639.23,640.23,0,0,216.0,107.0,127.75,4,0,0,1.0,0.0015619386782874,Meal 1571 — Fish (Continental)
51,1727,Rice Bowl,Indian,TYPE_A,7.0,145,466.63,465.63,0,0,473.0,500.0,442.75,8,1,0,-1.0,-0.0021476279449348,Meal 1727 — Rice Bowl (Indian)
51,1754,Sandwich,Italian,TYPE_A,7.0,145,315.31,314.31,0,0,877.0,918.0,782.75,10,2,0,-1.0,-0.0031815723330469,Meal 1754 — Sandwich (Italian)
51,1770,Biryani,Indian,TYPE_A,7.0,145,484.03,484.03,0,0,28.0,27.0,40.75,1,1,0,0.0,0.0,Meal 1770 — Biryani (Indian)
51,1778,Beverages,Italian,TYPE_A,7.0,145,190.12,192.12,0,0,661.0,797.0,678.25,0,2,0,2.0,0.0104101603164688,Meal 1778 — Beverages (Italian)
51,1803,Extras,Thai,TYPE_A,7.0,145,226.01,227.01,0,0,188.0,243.0,158.75,3,3,0,1.0,0.0044050922866834,Meal 1803 — Extras (Thai)
51,1847,Soup,Thai,TYPE_A,7.0,145,194.0,195.0,0,0,41.0,41.0,48.25,12,3,0,1.0,0.0051282051282051,Meal 1847 — Soup (Thai)
51,1878,Starters,Thai,TYPE_A,7.0,145,319.13,321.13,0,0,68.0,67.0,68.0,13,3,0,2.0,0.0062280073490486,Meal 1878 — Starters (Thai)
51,1885,Beverages,Thai,TYPE_A,7.0,145,159.14,158.14,0,0,1647.0,1688.0,1442.0,0,3,0,-1.0,-0.0063235108132034,Meal 1885 — Beverages (Thai)
51,1902,Biryani,Indian,TYPE_A,7.0,145,446.23,446.23,0,0,14.0,28.0,20.75,1,1,0,0.0,0.0,Meal 1902 — Biryani (Indian)
51,1962,Pizza,Continental,TYPE_A,7.0,145,562.63,562.63,0,0,404.0,621.0,972.0,7,0,0,0.0,0.0,Meal 1962 — Pizza (Continental)
51,1971,Sandwich,Italian,TYPE_A,7.0,145,345.35,346.35,0,0,135.0,338.0,192.25,10,2,0,1.0,0.0028872527789807,Meal 1971 — Sandwich (Italian)
51,1993,Beverages,Thai,TYPE_A,7.0,145,160.11,159.11,0,0,850.0,852.0,901.75,0,3,0,-1.0,-0.0062849600905034,Meal 1993 — Beverages (Thai)
51,2104,Fish,Continental,TYPE_A,7.0,145,641.23,640.23,0,0,54.0,42.0,58.0,4,0,0,-1.0,-0.0015619386782874,Meal 2104 — Fish (Continental)
51,2126,Pasta,Italian,TYPE_A,7.0,145,484.03,508.31,0,1,41.0,55.0,44.25,6,2,0,24.28000000000003,0.0477661269697626,Meal 2126 — Pasta (Italian)
51,2139,Beverages,Indian,TYPE_A,7.0,145,283.24,285.24,0,0,108.0,41.0,75.0,0,1,0,2.0,0.0070116393212733,Meal 2139 — Beverages (Indian)
51,2290,Rice Bowl,Indian,TYPE_A,7.0,145,273.6,271.6,0,0,998.0,1229.0,1032.25,8,1,0,-2.0,-0.0073637702503681,Meal 2290 — Rice Bowl (Indian)
51,2304,Desert,Indian,TYPE_A,7.0,145,484.03,485.03,0,0,28.0,55.0,54.25,2,1,0,1.0,0.0020617281405273,Meal 2304 — Desert (Indian)
51,2306,Pasta,Italian,TYPE_A,7.0,145,244.5,337.62,1,0,15.0,53.0,27.25,6,2,0,93.12,0.275813044250933,Meal 2306 — Pasta (Italian)
51,2322,Beverages,Continental,TYPE_A,7.0,145,378.33,378.33,0,0,162.0,150.0,192.5,0,0,0,0.0,0.0,Meal 2322 — Beverages (Continental)
51,2444,Seafood,Continental,TYPE_A,7.0,144,484.03,728.53,1,1,324.0,13.0,101.25,11,0,0,244.5,0.3356073188475423,Meal 2444 — Seafood (Continental)
51,2490,Salad,Italian,TYPE_A,7.0,145,291.03,290.03,0,0,393.0,447.0,412.5,9,2,0,-1.0,-0.0034479191807744,Meal 2490 — Salad (Italian)
51,2492,Desert,Indian,TYPE_A,7.0,145,387.03,389.03,0,0,42.0,54.0,41.5,2,1,0,2.0,0.0051409916972984,Meal 2492 — Desert (Indian)
51,2494,Soup,Thai,TYPE_A,7.0,145,194.0,194.0,0,0,96.0,107.0,121.5,12,3,0,0.0,0.0,Meal 2494 — Soup (Thai)
51,2539,Beverages,Thai,TYPE_A,7.0,145,159.14,150.38,0,1,487.0,446.0,513.25,0,3,0,-8.759999999999991,-0.0582524271844659,Meal 2539 — Beverages (Thai)
51,2569,Salad,Italian,TYPE_A,7.0,145,241.53,339.56,0,1,621.0,203.0,307.25,9,2,0,98.03,0.2886971374720226,Meal 2569 — Salad (Italian)
51,2577,Starters,Thai,TYPE_A,7.0,145,321.13,319.13,0,0,41.0,107.0,74.25,13,3,0,-2.0,-0.0062670385109516,Meal 2577 — Starters (Thai)
51,2581,Pizza,Continental,TYPE_A,7.0,145,563.6,564.6,0,0,284.0,244.0,547.5,7,0,0,1.0,0.0017711654268508,Meal 2581 — Pizza (Continental)
51,2631,Beverages,Indian,TYPE_A,7.0,145,160.05,162.05,0,0,96.0,53.0,88.5,0,1,0,2.0,0.0123418697932736,Meal 2631 — Beverages (Indian)
51,2640,Starters,Thai,TYPE_A,7.0,145,320.13,321.13,0,0,96.0,53.0,111.5,13,3,0,1.0,0.0031140036745243,Meal 2640 — Starters (Thai)
51,2664,Salad,Italian,TYPE_A,7.0,145,240.56,322.07,0,1,581.0,271.0,273.5,9,2,0,81.50999999999999,0.2530816282174682,Meal 2664 — Salad (Italian)
51,2704,Other Snacks,Thai,TYPE_A,7.0,145,319.13,321.13,0,1,231.0,229.0,236.5,5,3,0,2.0,0.0062280073490486,Meal 2704 — Other Snacks (Thai)
51,2707,Beverages,Italian,TYPE_A,7.0,145,227.01,227.01,0,0,958.0,796.0,847.0,0,2,0,0.0,0.0,Meal 2707 — Beverages (Italian)
51,2760,Other Snacks,Thai,TYPE_A,7.0,145,161.99,242.53,0,0,177.0,203.0,132.0,5,3,0,80.53999999999999,0.3320826289531192,Meal 2760 — Other Snacks (Thai)
51,2826,Sandwich,Italian,TYPE_A,7.0,145,378.33,379.33,0,0,433.0,742.0,604.25,10,2,0,1.0,0.0026362270318719,Meal 2826 — Sandwich (Italian)
51,2867,Seafood,Continental,TYPE_A,7.0,145,726.53,726.53,0,0,96.0,161.0,74.75,11,0,0,0.0,0.0,Meal 2867 — Seafood (Continental)
51,2956,Fish,Continental,TYPE_A,7.0,145,639.23,640.23,0,0,41.0,108.0,108.0,4,0,0,1.0,0.0015619386782874,Meal 2956 — Fish (Continental)
52,1062,Beverages,Italian,TYPE_B,5.6,145,189.21,188.21,0,0,837.0,1066.0,891.25,0,2,1,-1.0,-0.0053132139631262,Meal 1062 — Beverages (Italian)
52,1109,Rice Bowl,Indian,TYPE_B,5.6,145,300.76,300.76,0,0,1134.0,1526.0,1333.0,8,1,1,0.0,0.0,Meal 1109 — Rice Bowl (Indian)
52,1198,Extras,Thai,TYPE_B,5.6,145,166.9,193.06,0,0,595.0,378.0,499.75,3,3,1,26.16,0.1355019165026416,Meal 1198 — Extras (Thai)
52,1207,Beverages,Continental,TYPE_B,5.6,145,388.0,389.0,0,0,203.0,217.0,159.0,0,0,1,1.0,0.0025706940874035,Meal 1207 — Beverages (Continental)
52,1216,Pasta,Italian,TYPE_B,5.6,145,435.56,435.56,0,0,325.0,324.0,236.25,6,2,1,0.0,0.0,Meal 1216 — Pasta (Italian)
52,1230,Beverages,Continental,TYPE_B,5.6,145,382.24,380.24,0,0,162.0,107.0,148.5,0,0,1,-2.0,-0.0052598358931201,Meal 1230 — Beverages (Continental)
52,1247,Biryani,Indian,TYPE_B,5.6,144,447.23,447.23,0,0,41.0,41.0,44.25,1,1,1,0.0,0.0,Meal 1247 — Biryani (Indian)
52,1248,Beverages,Indian,TYPE_B,5.6,145,164.93,164.93,0,0,123.0,148.0,132.0,0,1,1,0.0,0.0,Meal 1248 — Beverages (Indian)
52,1311,Extras,Thai,TYPE_B,5.6,145,150.41,149.41,0,0,742.0,811.0,733.25,3,3,1,-1.0,-0.0066929924369185,Meal 1311 — Extras (Thai)
52,1438,Soup,Thai,TYPE_B,5.6,145,195.0,196.0,0,0,108.0,107.0,158.25,12,3,1,1.0,0.0051020408163265,Meal 1438 — Soup (Thai)
52,1445,Seafood,Continental,TYPE_B,5.6,145,728.53,728.53,0,0,364.0,284.0,202.5,11,0,1,0.0,0.0,Meal 1445 — Seafood (Continental)
52,1525,Other Snacks,Thai,TYPE_B,5.6,145,319.13,320.13,0,0,393.0,458.0,442.75,5,3,1,1.0,0.0031237309842876,Meal 1525 — Other Snacks (Thai)
52,1543,Desert,Indian,TYPE_B,5.6,145,486.03,486.03,0,0,243.0,188.0,178.25,2,1,1,0.0,0.0,Meal 1543 — Desert (Indian)
52,1558,Pizza,Continental,TYPE_B,5.6,145,564.6,563.6,0,0,244.0,269.0,553.75,7,0,1,-1.0,-0.0017743080198722,Meal 1558 — Pizza (Continental)
52,1571,Fish,Continental,TYPE_B,5.6,145,640.23,640.23,0,0,122.0,96.0,115.0,4,0,1,0.0,0.0,Meal 1571 — Fish (Continental)
52,1727,Rice Bowl,Indian,TYPE_B,5.6,145,464.63,466.63,0,0,756.0,716.0,742.75,8,1,1,2.0,0.0042860510468679,Meal 1727 — Rice Bowl (Indian)
52,1754,Sandwich,Italian,TYPE_B,5.6,145,319.16,319.16,0,0,904.0,796.0,856.75,10,2,1,0.0,0.0,Meal 1754 — Sandwich (Italian)
52,1770,Biryani,Indian,TYPE_B,5.6,145,484.03,486.03,0,0,55.0,27.0,40.75,1,1,1,2.0,0.0041149723268111,Meal 1770 — Biryani (Indian)
52,1778,Beverages,Italian,TYPE_B,5.6,145,188.24,187.24,0,0,1027.0,1135.0,1087.0,0,2,1,-1.0,-0.0053407391582995,Meal 1778 — Beverages (Italian)
52,1803,Extras,Thai,TYPE_B,5.6,145,180.42,180.42,0,0,539.0,459.0,607.75,3,3,1,0.0,0.0,Meal 1803 — Extras (Thai)
52,1847,Soup,Thai,TYPE_B,5.6,145,194.0,196.0,0,0,161.0,135.0,151.5,12,3,1,2.0,0.010204081632653,Meal 1847 — Soup (Thai)
52,1878,Starters,Thai,TYPE_B,5.6,145,321.13,319.13,0,0,107.0,134.0,114.0,13,3,1,-2.0,-0.0062670385109516,Meal 1878 — Starters (Thai)
52,1885,Beverages,Thai,TYPE_B,5.6,145,157.14,158.14,0,0,1890.0,2119.0,2206.75,0,3,1,1.0,0.0063235108132034,Meal 1885 — Beverages (Thai)
52,1902,Biryani,Indian,TYPE_B,5.6,145,446.23,446.23,0,0,14.0,68.0,54.5,1,1,1,0.0,0.0,Meal 1902 — Biryani (Indian)
52,1962,Pizza,Continental,TYPE_B,5.6,145,563.6,563.6,0,0,636.0,608.0,1131.0,7,0,1,0.0,0.0,Meal 1962 — Pizza (Continental)
52,1971,Sandwich,Italian,TYPE_B,5.6,145,345.35,344.35,0,0,231.0,203.0,263.75,10,2,1,-1.0,-0.0029040220705677,Meal 1971 — Sandwich (Italian)
52,1993,Beverages,Thai,TYPE_B,5.6,145,158.14,158.14,0,0,1241.0,1284.0,1198.75,0,3,1,0.0,0.0,Meal 1993 — Beverages (Thai)
52,2104,Fish,Continental,TYPE_B,5.6,145,640.23,639.23,0,0,96.0,150.0,122.25,4,0,1,-1.0,-0.0015643821472709,Meal 2104 — Fish (Continental)
52,2126,Pasta,Italian,TYPE_B,5.6,145,484.03,508.31,0,1,27.0,161.0,125.25,6,2,1,24.28000000000003,0.0477661269697626,Meal 2126 — Pasta (Italian)
52,2139,Beverages,Indian,TYPE_B,5.6,145,290.03,291.03,0,0,136.0,109.0,101.5,0,1,1,1.0,0.0034360718826237,Meal 2139 — Beverages (Indian)
52,2290,Rice Bowl,Indian,TYPE_B,5.6,145,293.0,293.0,0,0,879.0,1539.0,1219.25,8,1,1,0.0,0.0,Meal 2290 — Rice Bowl (Indian)
52,2304,Desert,Indian,TYPE_B,5.6,145,473.39,472.39,0,0,189.0,162.0,159.0,2,1,1,-1.0,-0.0021168949385042,Meal 2304 — Desert (Indian)
52,2306,Pasta,Italian,TYPE_B,5.6,145,243.5,337.62,1,0,80.0,28.0,88.25,6,2,1,94.12,0.2787749540903975,Meal 2306 — Pasta (Italian)
52,2322,Beverages,Continental,TYPE_B,5.6,145,372.51,372.51,0,0,242.0,298.0,296.5,0,0,1,0.0,0.0,Meal 2322 — Beverages (Continental)
52,2444,Seafood,Continental,TYPE_B,5.6,145,728.53,727.53,0,0,433.0,324.0,206.5,11,0,1,-1.0,-0.0013745137657553,Meal 2444 — Seafood (Continental)
52,2490,Salad,Italian,TYPE_B,5.6,145,292.03,291.03,0,0,244.0,325.0,345.25,9,2,1,-1.0,-0.0034360718826237,Meal 2490 — Salad (Italian)
52,2492,Desert,Indian,TYPE_B,5.6,145,389.03,387.03,0,0,108.0,68.0,128.0,2,1,1,-2.0,-0.0051675580704338,Meal 2492 — Desert (Indian)
52,2494,Soup,Thai,TYPE_B,5.6,145,196.0,195.0,0,0,204.0,108.0,186.0,12,3,1,-1.0,-0.0051282051282051,Meal 2494 — Soup (Thai)
52,2539,Beverages,Thai,TYPE_B,5.6,145,160.11,159.11,0,0,501.0,568.0,500.5,0,3,1,-1.0,-0.0062849600905034,Meal 2539 — Beverages (Thai)
52,2569,Salad,Italian,TYPE_B,5.6,145,238.62,329.83,0,0,1417.0,472.0,654.5,9,2,1,91.20999999999998,0.2765363975381256,Meal 2569 — Salad (Italian)
52,2577,Starters,Thai,TYPE_B,5.6,145,319.13,321.13,0,0,188.0,136.0,179.25,13,3,1,2.0,0.0062280073490486,Meal 2577 — Starters (Thai)
52,2581,Pizza,Continental,TYPE_B,5.6,145,563.63,563.63,0,0,418.0,351.0,816.25,7,0,1,0.0,0.0,Meal 2581 — Pizza (Continental)
52,2631,Beverages,Indian,TYPE_B,5.6,145,164.96,164.96,0,0,243.0,256.0,216.0,0,1,1,0.0,0.0,Meal 2631 — Beverages (Indian)
52,2640,Starters,Thai,TYPE_B,5.6,145,321.13,319.13,0,0,161.0,256.0,209.0,13,3,1,-2.0,-0.0062670385109516,Meal 2640 — Starters (Thai)
52,2664,Salad,Italian,TYPE_B,5.6,145,241.56,338.56,0,0,1390.0,393.0,651.5,9,2,1,97.0,0.2865075614366729,Meal 2664 — Salad (Italian)
52,2704,Other Snacks,Thai,TYPE_B,5.6,145,321.13,320.13,0,0,217.0,229.0,226.75,5,3,1,-1.0,-0.0031237309842876,Meal 2704 — Other Snacks (Thai)
52,2707,Beverages,Italian,TYPE_B,5.6,145,237.68,238.68,0,0,1432.0,1026.0,1303.75,0,2,1,1.0,0.004189710072063,Meal 2707 — Beverages (Italian)
52,2760,Other Snacks,Thai,TYPE_B,5.6,145,162.99,243.53,0,0,1053.0,149.0,419.25,5,3,1,80.53999999999999,0.3307190079251016,Meal 2760 — Other Snacks (Thai)
52,2826,Sandwich,Italian,TYPE_B,5.6,145,379.33,378.33,0,0,932.0,932.0,800.25,10,2,1,-1.0,-0.0026431950942299,Meal 2826 — Sandwich (Italian)
52,2867,Seafood,Continental,TYPE_B,5.6,145,728.53,728.53,0,0,190.0,310.0,151.75,11,0,1,0.0,0.0,Meal 2867 — Seafood (Continental)
52,2956,Fish,Continental,TYPE_B,5.6,145,640.23,640.23,0,0,161.0,109.0,138.0,4,0,1,0.0,0.0,Meal 2956 — Fish (Continental)
53,1062,Beverages,Italian,TYPE_A,3.8,145,188.21,187.21,0,0,230.0,324.0,304.0,0,2,0,-1.0,-0.005341595000267,Meal 1062 — Beverages (Italian)
53,1109,Rice Bowl,Indian,TYPE_A,3.8,145,272.57,272.57,0,0,339.0,270.0,287.0,8,1,0,0.0,0.0,Meal 1109 — Rice Bowl (Indian)
53,1198,Extras,Thai,TYPE_A,3.8,145,202.73,203.73,0,0,41.0,177.0,139.0,3,3,0,1.0,0.0049084572718794,Meal 1198 — Extras (Thai)
53,1207,Beverages,Continental,TYPE_A,3.8,145,374.48,372.48,0,0,28.0,95.0,61.0,0,0,0,-2.0,-0.0053694158075601,Meal 1207 — Beverages (Continental)
53,1216,Pasta,Italian,TYPE_A,3.8,145,418.13,418.13,0,0,122.0,69.0,54.5,6,2,0,0.0,0.0,Meal 1216 — Pasta (Italian)
53,1230,Beverages,Continental,TYPE_A,3.8,145,389.0,390.0,0,0,54.0,121.0,64.25,0,0,0,1.0,0.0025641025641025,Meal 1230 — Beverages (Continental)
53,1247,Biryani,Indian,TYPE_A,3.8,145,446.23,447.23,0,0,27.0,13.0,16.75,1,1,0,1.0,0.0022359859580081,Meal 1247 — Biryani (Indian)
53,1248,Beverages,Indian,TYPE_A,3.8,144,165.93,164.93,0,0,55.0,42.0,75.5,0,1,0,-1.0,-0.0060631783180743,Meal 1248 — Beverages (Indian)
53,1311,Extras,Thai,TYPE_A,3.8,145,188.18,270.63,0,0,69.0,243.0,132.0,3,3,0,82.44999999999999,0.3046594982078853,Meal 1311 — Extras (Thai)
53,1438,Soup,Thai,TYPE_A,3.8,145,195.0,194.0,0,0,26.0,69.0,64.75,12,3,0,-1.0,-0.0051546391752577,Meal 1438 — Soup (Thai)
53,1445,Seafood,Continental,TYPE_A,3.8,145,728.53,727.53,0,0,109.0,80.0,54.5,11,0,0,-1.0,-0.0013745137657553,Meal 1445 — Seafood (Continental)
53,1525,Other Snacks,Thai,TYPE_A,3.8,145,321.13,321.13,0,1,175.0,80.0,158.75,5,3,0,0.0,0.0,Meal 1525 — Other Snacks (Thai)
53,1543,Desert,Indian,TYPE_A,3.8,145,486.03,486.03,0,0,53.0,109.0,70.75,2,1,0,0.0,0.0,Meal 1543 — Desert (Indian)
53,1558,Pizza,Continental,TYPE_A,3.8,145,562.6,563.6,0,0,68.0,82.0,173.25,7,0,0,1.0,0.0017743080198722,Meal 1558 — Pizza (Continental)
53,1571,Fish,Continental,TYPE_A,3.8,144,590.73,590.73,0,0,41.0,27.0,54.5,4,0,0,0.0,0.0,Meal 1571 — Fish (Continental)
53,1727,Rice Bowl,Indian,TYPE_A,3.8,145,448.2,448.2,0,0,202.0,285.0,223.25,8,1,0,0.0,0.0,Meal 1727 — Rice Bowl (Indian)
53,1754,Sandwich,Italian,TYPE_A,3.8,145,319.16,320.16,0,0,323.0,512.0,404.5,10,2,0,1.0,0.0031234382808595,Meal 1754 — Sandwich (Italian)
53,1770,Biryani,Indian,TYPE_A,3.8,144,484.03,485.03,0,0,13.0,15.0,16.75,1,1,0,1.0,0.0020617281405273,Meal 1770 — Biryani (Indian)
53,1778,Beverages,Italian,TYPE_A,3.8,145,185.27,187.27,0,0,311.0,460.0,368.25,0,2,0,2.0,0.0106797671810754,Meal 1778 — Beverages (Italian)
53,1803,Extras,Thai,TYPE_A,3.8,145,147.5,209.55,0,0,163.0,95.0,155.5,3,3,0,62.05000000000001,0.2961107134335481,Meal 1803 — Extras (Thai)
53,1847,Soup,Thai,TYPE_A,3.8,145,195.0,195.0,0,0,41.0,68.0,44.0,12,3,0,0.0,0.0,Meal 1847 — Soup (Thai)
53,1878,Starters,Thai,TYPE_A,3.8,144,320.13,319.13,0,1,13.0,41.0,24.25,13,3,0,-1.0,-0.0031335192554758,Meal 1878 — Starters (Thai)
53,1885,Beverages,Thai,TYPE_A,3.8,145,158.14,159.14,0,0,512.0,717.0,655.25,0,3,0,1.0,0.0062837752921955,Meal 1885 — Beverages (Thai)
53,1902,Biryani,Indian,TYPE_A,3.8,144,447.23,447.23,0,0,26.0,13.0,26.75,1,1,0,0.0,0.0,Meal 1902 — Biryani (Indian)
53,1962,Pizza,Continental,TYPE_A,3.8,145,564.6,563.6,0,0,107.0,189.0,404.75,7,0,0,-1.0,-0.0017743080198722,Meal 1962 — Pizza (Continental)
53,1971,Sandwich,Italian,TYPE_A,3.8,145,346.35,344.35,0,0,40.0,67.0,84.25,10,2,0,-2.0,-0.0058080441411354,Meal 1971 — Sandwich (Italian)
53,1993,Beverages,Thai,TYPE_A,3.8,145,159.14,159.14,0,0,526.0,419.0,432.5,0,3,0,0.0,0.0,Meal 1993 — Beverages (Thai)
53,2104,Fish,Continental,TYPE_A,3.8,145,640.23,640.23,0,0,28.0,26.0,30.25,4,0,0,0.0,0.0,Meal 2104 — Fish (Continental)
53,2126,Pasta,Italian,TYPE_A,3.8,145,484.03,507.31,0,1,15.0,41.0,30.75,6,2,0,23.28000000000003,0.0458891013384321,Meal 2126 — Pasta (Italian)
53,2139,Beverages,Indian,TYPE_A,3.8,145,290.03,290.03,0,0,26.0,27.0,23.25,0,1,0,0.0,0.0,Meal 2139 — Beverages (Indian)
53,2290,Rice Bowl,Indian,TYPE_A,3.8,145,297.79,297.79,0,0,379.0,499.0,405.0,8,1,0,0.0,0.0,Meal 2290 — Rice Bowl (Indian)
53,2304,Desert,Indian,TYPE_A,3.8,145,485.03,485.03,0,0,41.0,41.0,40.25,2,1,0,0.0,0.0,Meal 2304 — Desert (Indian)
53,2306,Pasta,Italian,TYPE_A,3.8,145,242.5,337.62,1,0,13.0,14.0,20.25,6,2,0,95.12,0.2817368639298619,Meal 2306 — Pasta (Italian)
53,2322,Beverages,Continental,TYPE_A,3.8,145,370.6,370.6,0,0,54.0,107.0,64.0,0,0,0,0.0,0.0,Meal 2322 — Beverages (Continental)
53,2444,Seafood,Continental,TYPE_A,3.8,145,728.53,727.53,0,0,96.0,94.0,57.25,11,0,0,-1.0,-0.0013745137657553,Meal 2444 — Seafood (Continental)
53,2490,Salad,Italian,TYPE_A,3.8,145,280.36,280.36,0,0,135.0,231.0,179.75,9,2,0,0.0,0.0,Meal 2490 — Salad (Italian)
53,2492,Desert,Indian,TYPE_A,3.8,145,387.03,389.03,0,0,42.0,14.0,41.25,2,1,0,2.0,0.0051409916972984,Meal 2492 — Desert (Indian)
53,2494,Soup,Thai,TYPE_A,3.8,145,196.0,196.0,0,0,41.0,42.0,51.5,12,3,0,0.0,0.0,Meal 2494 — Soup (Thai)
53,2539,Beverages,Thai,TYPE_A,3.8,145,157.17,158.17,0,0,298.0,161.0,216.5,0,3,0,1.0,0.0063223114370613,Meal 2539 — Beverages (Thai)
53,2569,Salad,Italian,TYPE_A,3.8,145,242.53,338.56,0,1,310.0,121.0,164.75,9,2,0,96.03,0.2836424858223062,Meal 2569 — Salad (Italian)
53,2577,Starters,Thai,TYPE_A,3.8,145,321.13,319.13,0,0,55.0,107.0,78.0,13,3,0,-2.0,-0.0062670385109516,Meal 2577 — Starters (Thai)
53,2581,Pizza,Continental,TYPE_A,3.8,145,564.6,563.6,0,0,26.0,53.0,127.75,7,0,0,-1.0,-0.0017743080198722,Meal 2581 — Pizza (Continental)
53,2631,Beverages,Indian,TYPE_A,3.8,145,163.02,162.02,0,0,80.0,55.0,54.0,0,1,0,-1.0,-0.0061720775212936,Meal 2631 — Beverages (Indian)
53,2640,Starters,Thai,TYPE_A,3.8,144,319.13,321.13,0,0,67.0,55.0,67.75,13,3,0,2.0,0.0062280073490486,Meal 2640 — Starters (Thai)
53,2664,Salad,Italian,TYPE_A,3.8,145,243.53,337.62,0,1,323.0,323.0,239.5,9,2,0,94.09,0.2786860967952135,Meal 2664 — Salad (Italian)
53,2704,Other Snacks,Thai,TYPE_A,3.8,145,320.13,321.13,0,1,41.0,122.0,98.75,5,3,0,1.0,0.0031140036745243,Meal 2704 — Other Snacks (Thai)
53,2707,Beverages,Italian,TYPE_A,3.8,145,235.71,237.71,0,0,539.0,528.0,506.0,0,2,0,2.0,0.0084136132261999,Meal 2707 — Beverages (Italian)
53,2760,Other Snacks,Thai,TYPE_A,3.8,145,161.99,243.53,0,1,80.0,40.0,47.0,5,3,0,81.53999999999999,0.334825278199811,Meal 2760 — Other Snacks (Thai)
53,2826,Sandwich,Italian,TYPE_A,3.8,145,378.33,378.33,0,0,311.0,215.0,266.5,10,2,0,0.0,0.0,Meal 2826 — Sandwich (Italian)
53,2867,Seafood,Continental,TYPE_A,3.8,145,728.53,728.53,0,0,27.0,27.0,33.75,11,0,0,0.0,0.0,Meal 2867 — Seafood (Continental)
53,2956,Fish,Continental,TYPE_A,3.8,145,641.23,639.23,0,0,42.0,15.0,24.0,4,0,0,-2.0,-0.0031287642945418,Meal 2956 — Fish (Continental)
55,1062,Beverages,Italian,TYPE_C,2.0,145,195.03,193.03,0,0,339.0,338.0,307.5,0,2,2,-2.0,-0.0103610837693622,Meal 1062 — Beverages (Italian)
55,1109,Rice Bowl,Indian,TYPE_C,2.0,145,311.43,309.43,0,0,393.0,298.0,324.75,8,1,2,-2.0,-0.0064634973984422,Meal 1109 — Rice Bowl (Indian)
55,1198,Extras,Thai,TYPE_C,2.0,145,189.18,190.18,0,0,41.0,80.0,88.25,3,3,2,1.0,0.0052581764644021,Meal 1198 — Extras (Thai)
55,1207,Beverages,Continental,TYPE_C,2.0,145,389.0,388.0,0,0,136.0,95.0,91.25,0,0,2,-1.0,-0.0025773195876288,Meal 1207 — Beverages (Continental)
55,1216,Pasta,Italian,TYPE_C,2.0,143,291.03,436.56,1,0,13.0,13.0,20.25,6,2,2,145.53000000000003,0.3333562396921386,Meal 1216 — Pasta (Italian)
55,1230,Beverages,Continental,TYPE_C,2.0,145,380.27,381.27,0,0,257.0,135.0,125.5,0,0,2,1.0,0.0026228132294699,Meal 1230 — Beverages (Continental)
55,1247,Biryani,Indian,TYPE_C,2.0,140,389.03,446.23,0,0,14.0,15.0,14.25,1,1,2,57.200000000000045,0.1281850166954262,Meal 1247 — Biryani (Indian)
55,1248,Beverages,Indian,TYPE_C,2.0,145,161.02,162.02,0,0,54.0,80.0,54.5,0,1,2,1.0,0.0061720775212936,Meal 1248 — Beverages (Indian)
55,1311,Extras,Thai,TYPE_C,2.0,145,228.01,226.01,0,0,203.0,68.0,138.25,3,3,2,-2.0,-0.0088491659661076,Meal 1311 — Extras (Thai)
55,1445,Seafood,Continental,TYPE_C,2.0,144,486.03,728.53,1,0,14.0,15.0,44.25,11,0,2,242.5,0.3328620647056401,Meal 1445 — Seafood (Continental)
55,1525,Other Snacks,Thai,TYPE_C,2.0,136,321.13,321.13,0,0,28.0,41.0,34.5,5,3,2,0.0,0.0,Meal 1525 — Other Snacks (Thai)
55,1543,Desert,Indian,TYPE_C,2.0,145,484.03,485.03,0,0,13.0,55.0,34.0,2,1,2,1.0,0.0020617281405273,Meal 1543 — Desert (Indian)
55,1558,Pizza,Continental,TYPE_C,2.0,145,562.6,563.6,0,0,163.0,81.0,182.5,7,0,2,1.0,0.0017743080198722,Meal 1558 — Pizza (Continental)
55,1571,Fish,Continental,TYPE_C,2.0,145,640.23,639.23,0,0,15.0,14.0,17.5,4,0,2,-1.0,-0.0015643821472709,Meal 1571 — Fish (Continental)
55,1727,Rice Bowl,Indian,TYPE_C,2.0,145,466.63,464.63,0,0,486.0,540.0,435.25,8,1,2,-2.0,-0.0043045003551212,Meal 1727 — Rice Bowl (Indian)
55,1754,Sandwich,Italian,TYPE_C,2.0,145,318.16,318.16,0,0,499.0,163.0,277.0,10,2,2,0.0,0.0,Meal 1754 — Sandwich (Italian)
55,1770,Biryani,Indian,TYPE_C,2.0,142,486.03,484.03,0,0,15.0,15.0,14.75,1,1,2,-2.0,-0.0041319752907877,Meal 1770 — Biryani (Indian)
55,1778,Beverages,Italian,TYPE_C,2.0,145,195.03,195.03,0,0,190.0,216.0,220.0,0,2,2,0.0,0.0,Meal 1778 — Beverages (Italian)
55,1803,Extras,Thai,TYPE_C,2.0,145,158.11,242.53,0,0,95.0,188.0,161.5,3,3,2,84.41999999999999,0.3480806498165175,Meal 1803 — Extras (Thai)
55,1878,Starters,Thai,TYPE_C,2.0,144,320.13,320.13,0,0,28.0,42.0,24.5,13,3,2,0.0,0.0,Meal 1878 — Starters (Thai)
55,1885,Beverages,Thai,TYPE_C,2.0,145,156.23,156.23,0,0,162.0,176.0,141.5,0,3,2,0.0,0.0,Meal 1885 — Beverages (Thai)
55,1902,Biryani,Indian,TYPE_C,2.0,141,446.23,446.23,0,0,14.0,15.0,14.25,1,1,2,0.0,0.0,Meal 1902 — Biryani (Indian)
55,1962,Pizza,Continental,TYPE_C,2.0,145,563.6,564.6,0,0,215.0,136.0,253.5,7,0,2,1.0,0.0017711654268508,Meal 1962 — Pizza (Continental)
55,1971,Sandwich,Italian,TYPE_C,2.0,145,346.35,344.35,0,0,148.0,41.0,84.25,10,2,2,-2.0,-0.0058080441411354,Meal 1971 — Sandwich (Italian)
55,1993,Beverages,Thai,TYPE_C,2.0,145,159.14,158.14,0,0,190.0,109.0,155.5,0,3,2,-1.0,-0.0063235108132034,Meal 1993 — Beverages (Thai)
55,2126,Pasta,Italian,TYPE_C,2.0,142,509.25,510.25,0,0,26.0,14.0,20.25,6,2,2,1.0,0.0019598236158745,Meal 2126 — Pasta (Italian)
55,2139,Beverages,Indian,TYPE_C,2.0,145,292.03,292.03,0,0,27.0,14.0,17.0,0,1,2,0.0,0.0,Meal 2139 — Beverages (Indian)
55,2290,Rice Bowl,Indian,TYPE_C,2.0,145,297.79,298.79,0,0,243.0,203.0,250.0,8,1,2,1.0,0.0033468322233006,Meal 2290 — Rice Bowl (Indian)
55,2304,Desert,Indian,TYPE_C,2.0,145,486.03,485.03,0,0,26.0,55.0,30.5,2,1,2,-1.0,-0.0020617281405273,Meal 2304 — Desert (Indian)
55,2306,Pasta,Italian,TYPE_C,2.0,136,335.62,336.62,0,0,14.0,27.0,17.25,6,2,2,1.0,0.0029707088111223,Meal 2306 — Pasta (Italian)
55,2322,Beverages,Continental,TYPE_C,2.0,145,385.09,386.09,0,0,217.0,122.0,138.75,0,0,2,1.0,0.0025900696728742,Meal 2322 — Beverages (Continental)
55,2444,Seafood,Continental,TYPE_C,2.0,145,727.53,727.53,0,0,95.0,81.0,57.25,11,0,2,0.0,0.0,Meal 2444 — Seafood (Continental)
55,2490,Salad,Italian,TYPE_C,2.0,145,291.03,290.03,0,0,202.0,175.0,198.75,9,2,2,-1.0,-0.0034479191807744,Meal 2490 — Salad (Italian)
55,2492,Desert,Indian,TYPE_C,2.0,145,388.03,387.03,0,0,28.0,13.0,20.5,2,1,2,-1.0,-0.0025837790352169,Meal 2492 — Desert (Indian)
55,2539,Beverages,Thai,TYPE_C,2.0,145,158.11,160.11,0,0,122.0,94.0,98.0,0,3,2,2.0,0.012491412154144,Meal 2539 — Beverages (Thai)
55,2569,Salad,Italian,TYPE_C,2.0,145,242.53,308.52,0,0,162.0,94.0,91.0,9,2,2,65.98999999999998,0.213892130169843,Meal 2569 — Salad (Italian)
55,2577,Starters,Thai,TYPE_C,2.0,145,319.13,320.13,0,0,13.0,14.0,17.25,13,3,2,1.0,0.0031237309842876,Meal 2577 — Starters (Thai)
55,2581,Pizza,Continental,TYPE_C,2.0,145,562.6,563.6,0,0,150.0,95.0,169.75,7,0,2,1.0,0.0017743080198722,Meal 2581 — Pizza (Continental)
55,2631,Beverages,Indian,TYPE_C,2.0,145,165.93,165.93,0,0,81.0,41.0,51.25,0,1,2,0.0,0.0,Meal 2631 — Beverages (Indian)
55,2640,Starters,Thai,TYPE_C,2.0,144,319.13,319.13,0,0,13.0,27.0,23.5,13,3,2,0.0,0.0,Meal 2640 — Starters (Thai)
55,2664,Salad,Italian,TYPE_C,2.0,145,257.05,307.52,0,0,148.0,285.0,223.5,9,2,2,50.46999999999997,0.1641194068678459,Meal 2664 — Salad (Italian)
55,2704,Other Snacks,Thai,TYPE_C,2.0,145,319.13,319.13,0,0,53.0,13.0,26.75,5,3,2,0.0,0.0,Meal 2704 — Other Snacks (Thai)
55,2707,Beverages,Italian,TYPE_C,2.0,145,237.65,238.65,0,0,204.0,244.0,233.75,0,2,2,1.0,0.0041902367483762,Meal 2707 — Beverages (Italian)
55,2760,Other Snacks,Thai,TYPE_C,2.0,144,161.99,243.53,0,0,26.0,26.0,33.5,5,3,2,81.53999999999999,0.334825278199811,Meal 2760 — Other Snacks (Thai)
55,2826,Sandwich,Italian,TYPE_C,2.0,145,378.33,379.33,0,0,283.0,365.0,293.25,10,2,2,1.0,0.0026362270318719,Meal 2826 — Sandwich (Italian)
55,2867,Seafood,Continental,TYPE_C,2.0,145,727.53,727.53,0,0,109.0,95.0,64.75,11,0,2,0.0,0.0,Meal 2867 — Seafood (Continental)
55,2956,Fish,Continental,TYPE_C,2.0,144,592.73,592.73,0,0,15.0,28.0,17.25,4,0,2,0.0,0.0,Meal 2956 — Fish (Continental)
57,1062,Beverages,Italian,TYPE_C,2.8,145,154.29,158.11,1,0,364.0,447.0,381.5,0,2,2,3.8200000000000216,0.0241603946619443,Meal 1062 — Beverages (Italian)
57,1109,Rice Bowl,Indian,TYPE_C,2.8,145,309.43,311.43,0,0,217.0,67.0,108.0,8,1,2,2.0,0.0064219888899592,Meal 1109 — Rice Bowl (Indian)
57,1207,Beverages,Continental,TYPE_C,2.8,145,362.81,362.81,0,0,136.0,122.0,145.75,0,0,2,0.0,0.0,Meal 1207 — Beverages (Continental)
57,1216,Pasta,Italian,TYPE_C,2.8,144,290.03,414.25,0,0,28.0,81.0,48.0,6,2,2,124.22000000000004,0.299867229933615,Meal 1216 — Pasta (Italian)
57,1230,Beverages,Continental,TYPE_C,2.8,145,364.78,362.78,0,0,96.0,269.0,149.0,0,0,2,-2.0,-0.0055129830751419,Meal 1230 — Beverages (Continental)
57,1247,Biryani,Indian,TYPE_C,2.8,143,446.23,445.23,0,0,26.0,14.0,19.75,1,1,2,-1.0,-0.0022460301417245,Meal 1247 — Biryani (Indian)
57,1248,Beverages,Indian,TYPE_C,2.8,145,155.26,155.26,0,0,42.0,13.0,24.0,0,1,2,0.0,0.0,Meal 1248 — Beverages (Indian)
57,1445,Seafood,Continental,TYPE_C,2.8,145,726.53,728.53,0,0,53.0,14.0,23.75,11,0,2,2.0,0.0027452541419021,Meal 1445 — Seafood (Continental)
57,1525,Other Snacks,Thai,TYPE_C,2.8,142,321.13,319.13,0,0,14.0,13.0,16.75,5,3,2,-2.0,-0.0062670385109516,Meal 1525 — Other Snacks (Thai)
57,1543,Desert,Indian,TYPE_C,2.8,145,483.09,483.09,0,0,14.0,54.0,44.0,2,1,2,0.0,0.0,Meal 1543 — Desert (Indian)
57,1558,Pizza,Continental,TYPE_C,2.8,145,547.08,547.08,0,0,149.0,82.0,192.75,7,0,2,0.0,0.0,Meal 1558 — Pizza (Continental)
57,1727,Rice Bowl,Indian,TYPE_C,2.8,145,445.23,446.23,0,0,230.0,284.0,230.0,8,1,2,1.0,0.0022409967953745,Meal 1727 — Rice Bowl (Indian)
57,1754,Sandwich,Italian,TYPE_C,2.8,145,330.83,328.83,0,0,472.0,420.0,381.75,10,2,2,-2.0,-0.0060821701182982,Meal 1754 — Sandwich (Italian)
57,1770,Biryani,Indian,TYPE_C,2.8,144,486.03,486.03,0,0,14.0,13.0,13.75,1,1,2,0.0,0.0,Meal 1770 — Biryani (Indian)
57,1778,Beverages,Italian,TYPE_C,2.8,145,161.05,161.99,1,0,190.0,325.0,230.0,0,2,2,0.9399999999999976,0.0058028273350206,Meal 1778 — Beverages (Italian)
57,1878,Starters,Thai,TYPE_C,2.8,145,320.13,320.13,0,0,13.0,14.0,20.5,13,3,2,0.0,0.0,Meal 1878 — Starters (Thai)
57,1885,Beverages,Thai,TYPE_C,2.8,145,132.89,134.89,0,0,69.0,81.0,78.25,0,3,2,2.0,0.0148268959893246,Meal 1885 — Beverages (Thai)
57,1902,Biryani,Indian,TYPE_C,2.8,140,387.03,389.03,0,0,13.0,15.0,17.75,1,1,2,2.0,0.0051409916972984,Meal 1902 — Biryani (Indian)
57,1962,Pizza,Continental,TYPE_C,2.8,145,548.08,549.08,0,0,148.0,109.0,192.5,7,0,2,1.0,0.0018212282363225,Meal 1962 — Pizza (Continental)
57,1971,Sandwich,Italian,TYPE_C,2.8,145,328.86,327.86,0,0,203.0,150.0,142.75,10,2,2,-1.0,-0.0030500823522235,Meal 1971 — Sandwich (Italian)
57,1993,Beverages,Thai,TYPE_C,2.8,145,137.74,139.74,0,0,94.0,95.0,91.25,0,3,2,2.0,0.01431229426077,Meal 1993 — Beverages (Thai)
57,2126,Pasta,Italian,TYPE_C,2.8,145,436.53,509.31,0,0,28.0,14.0,27.75,6,2,2,72.78000000000003,0.1428992165871473,Meal 2126 — Pasta (Italian)
57,2139,Beverages,Indian,TYPE_C,2.8,145,242.53,291.03,0,0,27.0,13.0,17.25,0,1,2,48.49999999999997,0.1666494863072534,Meal 2139 — Beverages (Indian)
57,2290,Rice Bowl,Indian,TYPE_C,2.8,145,297.79,297.79,0,0,338.0,323.0,331.0,8,1,2,0.0,0.0,Meal 2290 — Rice Bowl (Indian)
57,2304,Desert,Indian,TYPE_C,2.8,145,483.09,483.09,0,0,13.0,40.0,33.75,2,1,2,0.0,0.0,Meal 2304 — Desert (Indian)
57,2306,Pasta,Italian,TYPE_C,2.8,145,242.53,337.62,1,0,15.0,13.0,51.0,6,2,2,95.09,0.281648006634678,Meal 2306 — Pasta (Italian)
57,2322,Beverages,Continental,TYPE_C,2.8,145,359.9,358.9,0,0,163.0,122.0,132.25,0,0,2,-1.0,-0.0027862914460852,Meal 2322 — Beverages (Continental)
57,2444,Seafood,Continental,TYPE_C,2.8,145,726.53,727.53,0,0,80.0,42.0,40.25,11,0,2,1.0,0.0013745137657553,Meal 2444 — Seafood (Continental)
57,2490,Salad,Italian,TYPE_C,2.8,145,291.03,292.03,0,0,107.0,150.0,125.25,9,2,2,1.0,0.0034243057220148,Meal 2490 — Salad (Italian)
57,2492,Desert,Indian,TYPE_C,2.8,144,456.93,455.93,0,0,13.0,41.0,40.5,2,1,2,-1.0,-0.0021933191498694,Meal 2492 — Desert (Indian)
57,2539,Beverages,Thai,TYPE_C,2.8,145,135.8,136.8,0,0,14.0,54.0,47.25,0,3,2,1.0,0.0073099415204678,Meal 2539 — Beverages (Thai)
57,2569,Salad,Italian,TYPE_C,2.8,145,258.05,321.07,0,0,701.0,728.0,529.5,9,2,2,63.01999999999998,0.1962811847883638,Meal 2569 — Salad (Italian)
57,2577,Starters,Thai,TYPE_C,2.8,61,281.33,281.33,0,0,13.0,41.0,24.0,13,3,2,0.0,0.0,Meal 2577 — Starters (Thai)
57,2581,Pizza,Continental,TYPE_C,2.8,145,549.08,547.08,0,0,136.0,96.0,220.5,7,0,2,-2.0,-0.0036557724647217,Meal 2581 — Pizza (Continental)
57,2631,Beverages,Indian,TYPE_C,2.8,145,150.41,148.41,0,0,69.0,13.0,44.75,0,1,2,-2.0,-0.013476180850347,Meal 2631 — Beverages (Indian)
57,2640,Starters,Thai,TYPE_C,2.8,145,320.13,320.13,0,0,28.0,26.0,27.75,13,3,2,0.0,0.0,Meal 2640 — Starters (Thai)
57,2664,Salad,Italian,TYPE_C,2.8,145,250.32,323.07,0,0,567.0,554.0,445.5,9,2,2,72.75,0.225183396787074,Meal 2664 — Salad (Italian)
57,2704,Other Snacks,Thai,TYPE_C,2.8,145,320.13,320.13,0,0,13.0,41.0,26.75,5,3,2,0.0,0.0,Meal 2704 — Other Snacks (Thai)
57,2707,Beverages,Italian,TYPE_C,2.8,145,193.09,231.86,0,0,134.0,109.0,108.75,0,2,2,38.77000000000001,0.1672129733459846,Meal 2707 — Beverages (Italian)
57,2760,Other Snacks,Thai,TYPE_C,2.8,118,243.53,242.53,0,0,14.0,15.0,13.75,5,3,2,-1.0,-0.0041232012534531,Meal 2760 — Other Snacks (Thai)
57,2826,Sandwich,Italian,TYPE_C,2.8,145,327.92,327.92,0,0,149.0,256.0,186.0,10,2,2,0.0,0.0,Meal 2826 — Sandwich (Italian)
57,2867,Seafood,Continental,TYPE_C,2.8,145,727.53,726.53,0,1,53.0,41.0,37.0,11,0,2,-1.0,-0.0013764056542744,Meal 2867 — Seafood (Continental)
58,1062,Beverages,Italian,TYPE_C,3.8,145,154.29,173.69,1,0,512.0,568.0,547.0,0,2,2,19.40000000000001,0.1116932465887501,Meal 1062 — Beverages (Italian)
58,1109,Rice Bowl,Indian,TYPE_C,3.8,145,310.43,309.43,0,0,298.0,242.0,192.5,8,1,2,-1.0,-0.0032317486992211,Meal 1109 — Rice Bowl (Indian)
58,1207,Beverages,Continental,TYPE_C,3.8,145,368.63,367.63,0,0,188.0,54.0,131.25,0,0,2,-1.0,-0.0027201262138563,Meal 1207 — Beverages (Continental)
58,1216,Pasta,Italian,TYPE_C,3.8,145,414.25,413.25,0,0,54.0,107.0,77.0,6,2,2,-1.0,-0.0024198427102238,Meal 1216 — Pasta (Italian)
58,1230,Beverages,Continental,TYPE_C,3.8,145,363.75,365.75,0,0,95.0,55.0,108.75,0,0,2,2.0,0.0054682159945317,Meal 1230 — Beverages (Continental)
58,1247,Biryani,Indian,TYPE_C,3.8,145,445.23,445.23,0,0,13.0,15.0,13.75,1,1,2,0.0,0.0,Meal 1247 — Biryani (Indian)
58,1248,Beverages,Indian,TYPE_C,3.8,145,153.26,153.26,0,0,55.0,28.0,37.75,0,1,2,0.0,0.0,Meal 1248 — Beverages (Indian)
58,1445,Seafood,Continental,TYPE_C,3.8,143,581.03,727.53,0,1,14.0,148.0,53.75,11,0,2,146.5,0.2013662666831608,Meal 1445 — Seafood (Continental)
58,1525,Other Snacks,Thai,TYPE_C,3.8,145,319.13,319.13,0,0,28.0,13.0,20.0,5,3,2,0.0,0.0,Meal 1525 — Other Snacks (Thai)
58,1543,Desert,Indian,TYPE_C,3.8,145,484.09,484.09,0,0,55.0,68.0,60.75,2,1,2,0.0,0.0,Meal 1543 — Desert (Indian)
58,1558,Pizza,Continental,TYPE_C,3.8,145,547.08,549.08,0,0,148.0,123.0,246.5,7,0,2,2.0,0.0036424564726451,Meal 1558 — Pizza (Continental)
58,1571,Fish,Continental,TYPE_C,3.8,144,582.03,583.03,0,0,13.0,27.0,26.5,4,0,2,1.0,0.0017151776066411,Meal 1571 — Fish (Continental)
58,1727,Rice Bowl,Indian,TYPE_C,3.8,145,447.23,447.23,0,0,393.0,285.0,287.75,8,1,2,0.0,0.0,Meal 1727 — Rice Bowl (Indian)
58,1754,Sandwich,Italian,TYPE_C,3.8,145,319.13,321.13,0,0,554.0,486.0,492.75,10,2,2,2.0,0.0062280073490486,Meal 1754 — Sandwich (Italian)
58,1770,Biryani,Indian,TYPE_C,3.8,139,486.03,485.03,0,0,42.0,28.0,24.25,1,1,2,-1.0,-0.0020617281405273,Meal 1770 — Biryani (Indian)
58,1778,Beverages,Italian,TYPE_C,3.8,145,153.32,152.35,1,0,366.0,364.0,317.5,0,2,2,-0.9699999999999988,-0.0063669182802756,Meal 1778 — Beverages (Italian)
58,1878,Starters,Thai,TYPE_C,3.8,145,320.13,321.13,0,0,40.0,40.0,57.75,13,3,2,1.0,0.0031140036745243,Meal 1878 — Starters (Thai)
58,1885,Beverages,Thai,TYPE_C,3.8,145,130.01,130.01,0,0,135.0,177.0,162.25,0,3,2,0.0,0.0,Meal 1885 — Beverages (Thai)
58,1902,Biryani,Indian,TYPE_C,3.8,145,445.23,445.23,0,0,14.0,15.0,14.0,1,1,2,0.0,0.0,Meal 1902 — Biryani (Indian)
58,1962,Pizza,Continental,TYPE_C,3.8,145,548.08,548.08,0,0,149.0,122.0,220.0,7,0,2,0.0,0.0,Meal 1962 — Pizza (Continental)
58,1971,Sandwich,Italian,TYPE_C,3.8,145,328.86,327.86,0,0,162.0,231.0,135.5,10,2,2,-1.0,-0.0030500823522235,Meal 1971 — Sandwich (Italian)
58,1993,Beverages,Thai,TYPE_C,3.8,145,133.86,134.86,0,0,163.0,271.0,230.0,0,3,2,1.0,0.0074150971377725,Meal 1993 — Beverages (Thai)
58,2104,Fish,Continental,TYPE_C,3.8,145,583.03,583.03,0,0,27.0,42.0,41.25,4,0,2,0.0,0.0,Meal 2104 — Fish (Continental)
58,2126,Pasta,Italian,TYPE_C,3.8,143,508.31,509.31,0,0,14.0,68.0,37.5,6,2,2,1.0,0.0019634407335414,Meal 2126 — Pasta (Italian)
58,2139,Beverages,Indian,TYPE_C,3.8,145,290.03,290.03,0,0,55.0,40.0,37.0,0,1,2,0.0,0.0,Meal 2139 — Beverages (Indian)
58,2290,Rice Bowl,Indian,TYPE_C,3.8,145,297.79,297.79,0,0,472.0,420.0,405.0,8,1,2,0.0,0.0,Meal 2290 — Rice Bowl (Indian)
58,2304,Desert,Indian,TYPE_C,3.8,145,483.09,483.09,0,0,14.0,40.0,54.5,2,1,2,0.0,0.0,Meal 2304 — Desert (Indian)
58,2306,Pasta,Italian,TYPE_C,3.8,145,243.53,335.62,1,0,26.0,13.0,16.75,6,2,2,92.09,0.2743877003754246,Meal 2306 — Pasta (Italian)
58,2322,Beverages,Continental,TYPE_C,3.8,145,368.63,368.63,0,0,82.0,81.0,91.75,0,0,2,0.0,0.0,Meal 2322 — Beverages (Continental)
58,2444,Seafood,Continental,TYPE_C,3.8,145,728.53,728.53,0,1,82.0,69.0,55.25,11,0,2,0.0,0.0,Meal 2444 — Seafood (Continental)
58,2490,Salad,Italian,TYPE_C,3.8,145,292.03,292.03,0,0,188.0,215.0,178.5,9,2,2,0.0,0.0,Meal 2490 — Salad (Italian)
58,2492,Desert,Indian,TYPE_C,3.8,145,456.93,456.93,0,0,15.0,42.0,27.75,2,1,2,0.0,0.0,Meal 2492 — Desert (Indian)
58,2539,Beverages,Thai,TYPE_C,3.8,145,140.68,140.68,0,0,15.0,26.0,67.5,0,3,2,0.0,0.0,Meal 2539 — Beverages (Thai)
58,2569,Salad,Italian,TYPE_C,3.8,145,246.41,314.34,0,0,811.0,1027.0,668.25,9,2,2,67.92999999999998,0.2161035821085448,Meal 2569 — Salad (Italian)
58,2577,Starters,Thai,TYPE_C,3.8,143,321.13,319.13,0,0,14.0,14.0,17.75,13,3,2,-2.0,-0.0062670385109516,Meal 2577 — Starters (Thai)
58,2581,Pizza,Continental,TYPE_C,3.8,145,547.08,549.08,0,0,176.0,123.0,287.75,7,0,2,2.0,0.0036424564726451,Meal 2581 — Pizza (Continental)
58,2631,Beverages,Indian,TYPE_C,3.8,145,144.53,144.53,0,0,108.0,150.0,121.5,0,1,2,0.0,0.0,Meal 2631 — Beverages (Indian)
58,2640,Starters,Thai,TYPE_C,3.8,145,320.13,320.13,0,0,53.0,68.0,74.5,13,3,2,0.0,0.0,Meal 2640 — Starters (Thai)
58,2664,Salad,Italian,TYPE_C,3.8,145,256.08,323.07,0,0,1026.0,717.0,621.5,9,2,2,66.99000000000001,0.2073544433094995,Meal 2664 — Salad (Italian)
58,2704,Other Snacks,Thai,TYPE_C,3.8,145,319.13,319.13,0,0,14.0,28.0,24.5,5,3,2,0.0,0.0,Meal 2704 — Other Snacks (Thai)
58,2707,Beverages,Italian,TYPE_C,3.8,145,203.76,202.76,0,0,229.0,338.0,304.25,0,2,2,-1.0,-0.0049319392385085,Meal 2707 — Beverages (Italian)
58,2760,Other Snacks,Thai,TYPE_C,3.8,145,184.36,262.93,0,0,55.0,14.0,41.5,5,3,2,78.57,0.2988247822614384,Meal 2760 — Other Snacks (Thai)
58,2826,Sandwich,Italian,TYPE_C,3.8,145,326.92,326.92,0,0,148.0,231.0,148.5,10,2,2,0.0,0.0,Meal 2826 — Sandwich (Italian)
58,2867,Seafood,Continental,TYPE_C,3.8,145,726.53,726.53,0,0,41.0,54.0,30.5,11,0,2,0.0,0.0,Meal 2867 — Seafood (Continental)
59,1062,Beverages,Italian,TYPE_A,4.2,145,190.18,188.18,0,0,486.0,393.0,459.5,0,2,0,-2.0,-0.0106281220108406,Meal 1062 — Beverages (Italian)
59,1109,Rice Bowl,Indian,TYPE_A,4.2,145,284.24,285.24,0,0,744.0,769.0,709.25,8,1,0,1.0,0.0035058196606366,Meal 1109 — Rice Bowl (Indian)
59,1198,Extras,Thai,TYPE_A,4.2,145,171.75,226.01,0,0,163.0,243.0,158.5,3,3,0,54.25999999999999,0.2400778726605017,Meal 1198 — Extras (Thai)
59,1207,Beverages,Continental,TYPE_A,4.2,145,388.0,389.0,0,0,82.0,150.0,71.5,0,0,0,1.0,0.0025706940874035,Meal 1207 — Beverages (Continental)
59,1216,Pasta,Italian,TYPE_A,4.2,145,417.13,418.13,0,0,80.0,96.0,64.5,6,2,0,1.0,0.0023916006983474,Meal 1216 — Pasta (Italian)
59,1230,Beverages,Continental,TYPE_A,4.2,145,404.49,404.49,0,0,109.0,135.0,101.5,0,0,0,0.0,0.0,Meal 1230 — Beverages (Continental)
59,1247,Biryani,Indian,TYPE_A,4.2,145,445.23,447.23,0,0,95.0,13.0,54.5,1,1,0,2.0,0.0044719719160163,Meal 1247 — Biryani (Indian)
59,1248,Beverages,Indian,TYPE_A,4.2,145,161.02,163.02,0,0,69.0,69.0,82.25,0,1,0,2.0,0.0122684333210648,Meal 1248 — Beverages (Indian)
59,1311,Extras,Thai,TYPE_A,4.2,145,202.73,202.73,0,0,404.0,244.0,331.0,3,3,0,0.0,0.0,Meal 1311 — Extras (Thai)
59,1438,Soup,Thai,TYPE_A,4.2,145,194.0,195.0,0,0,121.0,68.0,84.25,12,3,0,1.0,0.0051282051282051,Meal 1438 — Soup (Thai)
59,1445,Seafood,Continental,TYPE_A,4.2,145,727.53,726.53,0,1,242.0,202.0,145.0,11,0,0,-1.0,-0.0013764056542744,Meal 1445 — Seafood (Continental)
59,1525,Other Snacks,Thai,TYPE_A,4.2,145,320.13,319.13,0,0,188.0,283.0,239.0,5,3,0,-1.0,-0.0031335192554758,Meal 1525 — Other Snacks (Thai)
59,1543,Desert,Indian,TYPE_A,4.2,145,486.03,485.03,0,0,40.0,67.0,57.25,2,1,0,-1.0,-0.0020617281405273,Meal 1543 — Desert (Indian)
59,1558,Pizza,Continental,TYPE_A,4.2,145,563.6,563.6,0,0,188.0,109.0,361.25,7,0,0,0.0,0.0,Meal 1558 — Pizza (Continental)
59,1571,Fish,Continental,TYPE_A,4.2,145,640.23,640.23,0,0,96.0,148.0,95.5,4,0,0,0.0,0.0,Meal 1571 — Fish (Continental)
59,1727,Rice Bowl,Indian,TYPE_A,4.2,145,466.63,464.63,0,0,379.0,243.0,280.5,8,1,0,-2.0,-0.0043045003551212,Meal 1727 — Rice Bowl (Indian)
59,1754,Sandwich,Italian,TYPE_A,4.2,145,320.16,319.16,0,0,634.0,406.0,509.5,10,2,0,-1.0,-0.0031332247148765,Meal 1754 — Sandwich (Italian)
59,1770,Biryani,Indian,TYPE_A,4.2,145,484.03,484.03,0,0,41.0,28.0,38.0,1,1,0,0.0,0.0,Meal 1770 — Biryani (Indian)
59,1778,Beverages,Italian,TYPE_A,4.2,145,194.06,193.06,0,0,472.0,527.0,455.75,0,2,0,-1.0,-0.005179736869367,Meal 1778 — Beverages (Italian)
59,1803,Extras,Thai,TYPE_A,4.2,145,154.23,180.45,0,0,433.0,188.0,306.75,3,3,0,26.22,0.1453034081463009,Meal 1803 — Extras (Thai)
59,1847,Soup,Thai,TYPE_A,4.2,145,195.0,194.0,0,0,28.0,95.0,85.0,12,3,0,-1.0,-0.0051546391752577,Meal 1847 — Soup (Thai)
59,1878,Starters,Thai,TYPE_A,4.2,145,321.13,320.13,0,1,67.0,41.0,84.5,13,3,0,-1.0,-0.0031237309842876,Meal 1878 — Starters (Thai)
59,1885,Beverages,Thai,TYPE_A,4.2,145,158.17,156.17,0,0,1338.0,1390.0,1478.5,0,3,0,-2.0,-0.012806556957162,Meal 1885 — Beverages (Thai)
59,1902,Biryani,Indian,TYPE_A,4.2,145,447.23,445.23,0,0,14.0,15.0,23.75,1,1,0,-2.0,-0.004492060283449,Meal 1902 — Biryani (Indian)
59,1962,Pizza,Continental,TYPE_A,4.2,145,562.6,564.6,0,0,339.0,190.0,486.5,7,0,0,2.0,0.0035423308537017,Meal 1962 — Pizza (Continental)
59,1971,Sandwich,Italian,TYPE_A,4.2,145,346.35,345.35,0,0,229.0,108.0,219.0,10,2,0,-1.0,-0.0028956131460836,Meal 1971 — Sandwich (Italian)
59,1993,Beverages,Thai,TYPE_A,4.2,145,158.14,158.14,0,0,784.0,1012.0,870.5,0,3,0,0.0,0.0,Meal 1993 — Beverages (Thai)
59,2126,Pasta,Italian,TYPE_A,4.2,145,486.03,485.03,0,0,68.0,14.0,34.0,6,2,0,-1.0,-0.0020617281405273,Meal 2126 — Pasta (Italian)
59,2139,Beverages,Indian,TYPE_A,4.2,145,292.03,292.03,0,0,13.0,15.0,23.5,0,1,0,0.0,0.0,Meal 2139 — Beverages (Indian)
59,2290,Rice Bowl,Indian,TYPE_A,4.2,145,286.18,286.18,0,0,1270.0,1014.0,1117.5,8,1,0,0.0,0.0,Meal 2290 — Rice Bowl (Indian)
59,2304,Desert,Indian,TYPE_A,4.2,145,484.03,486.03,0,0,27.0,28.0,23.5,2,1,0,2.0,0.0041149723268111,Meal 2304 — Desert (Indian)
59,2306,Pasta,Italian,TYPE_A,4.2,145,256.08,335.62,1,0,15.0,26.0,57.75,6,2,0,79.54000000000002,0.2369942196531792,Meal 2306 — Pasta (Italian)
59,2322,Beverages,Continental,TYPE_A,4.2,145,378.3,380.3,0,0,82.0,150.0,139.25,0,0,0,2.0,0.0052590060478569,Meal 2322 — Beverages (Continental)
59,2444,Seafood,Continental,TYPE_A,4.2,145,728.53,727.53,0,0,149.0,189.0,91.5,11,0,0,-1.0,-0.0013745137657553,Meal 2444 — Seafood (Continental)
59,2490,Salad,Italian,TYPE_A,4.2,145,290.03,291.03,0,0,177.0,243.0,207.0,9,2,0,1.0,0.0034360718826237,Meal 2490 — Salad (Italian)
59,2492,Desert,Indian,TYPE_A,4.2,145,388.03,388.03,0,0,26.0,96.0,64.5,2,1,0,0.0,0.0,Meal 2492 — Desert (Indian)
59,2494,Soup,Thai,TYPE_A,4.2,145,195.0,195.0,0,0,41.0,109.0,101.25,12,3,0,0.0,0.0,Meal 2494 — Soup (Thai)
59,2539,Beverages,Thai,TYPE_A,4.2,145,157.2,155.2,0,0,175.0,256.0,300.5,0,3,0,-2.0,-0.0128865979381443,Meal 2539 — Beverages (Thai)
59,2569,Salad,Italian,TYPE_A,4.2,145,243.53,323.07,0,0,621.0,269.0,283.25,9,2,0,79.53999999999999,0.2462005138205342,Meal 2569 — Salad (Italian)
59,2577,Starters,Thai,TYPE_A,4.2,145,320.13,321.13,0,1,230.0,177.0,179.75,13,3,0,1.0,0.0031140036745243,Meal 2577 — Starters (Thai)
59,2581,Pizza,Continental,TYPE_A,4.2,145,564.6,563.6,0,0,107.0,230.0,350.5,7,0,0,-1.0,-0.0017743080198722,Meal 2581 — Pizza (Continental)
59,2631,Beverages,Indian,TYPE_A,4.2,145,164.93,165.93,0,0,67.0,53.0,46.75,0,1,0,1.0,0.0060266377388055,Meal 2631 — Beverages (Indian)
59,2640,Starters,Thai,TYPE_A,4.2,145,319.13,320.13,0,0,231.0,189.0,226.5,13,3,0,1.0,0.0031237309842876,Meal 2640 — Starters (Thai)
59,2664,Salad,Italian,TYPE_A,4.2,145,234.77,339.56,0,0,526.0,244.0,263.0,9,2,0,104.79,0.3086052538579337,Meal 2664 — Salad (Italian)
59,2704,Other Snacks,Thai,TYPE_A,4.2,145,319.13,321.13,0,0,161.0,217.0,159.25,5,3,0,2.0,0.0062280073490486,Meal 2704 — Other Snacks (Thai)
59,2707,Beverages,Italian,TYPE_A,4.2,145,238.62,238.62,0,0,636.0,1000.0,739.75,0,2,0,0.0,0.0,Meal 2707 — Beverages (Italian)
59,2760,Other Snacks,Thai,TYPE_A,4.2,145,165.93,241.53,0,1,256.0,257.0,270.5,5,3,0,75.6,0.3130045957023972,Meal 2760 — Other Snacks (Thai)
59,2826,Sandwich,Italian,TYPE_A,4.2,145,377.33,379.33,0,0,447.0,418.0,446.0,10,2,0,2.0,0.0052724540637439,Meal 2826 — Sandwich (Italian)
59,2867,Seafood,Continental,TYPE_A,4.2,145,726.53,728.53,0,1,148.0,283.0,118.25,11,0,0,2.0,0.0027452541419021,Meal 2867 — Seafood (Continental)
59,2956,Fish,Continental,TYPE_A,4.2,145,640.23,640.23,0,0,82.0,107.0,60.75,4,0,0,0.0,0.0,Meal 2956 — Fish (Continental)
61,1062,Beverages,Italian,TYPE_A,4.5,145,159.08,153.26,1,0,472.0,285.0,348.0,0,2,0,-5.820000000000022,-0.0379746835443039,Meal 1062 — Beverages (Italian)
61,1109,Rice Bowl,Indian,TYPE_A,4.5,145,289.09,290.09,0,0,447.0,593.0,493.25,8,1,0,1.0,0.0034472060395049,Meal 1109 — Rice Bowl (Indian)
61,1207,Beverages,Continental,TYPE_A,4.5,145,359.87,359.87,0,0,96.0,68.0,78.0,0,0,0,0.0,0.0,Meal 1207 — Beverages (Continental)
61,1216,Pasta,Italian,TYPE_A,4.5,145,414.25,413.25,0,0,69.0,107.0,64.0,6,2,0,-1.0,-0.0024198427102238,Meal 1216 — Pasta (Italian)
61,1230,Beverages,Continental,TYPE_A,4.5,145,368.63,367.63,0,0,136.0,53.0,91.25,0,0,0,-1.0,-0.0027201262138563,Meal 1230 — Beverages (Continental)
61,1247,Biryani,Indian,TYPE_A,4.5,145,446.23,447.23,0,0,68.0,54.0,48.0,1,1,0,1.0,0.0022359859580081,Meal 1247 — Biryani (Indian)
61,1248,Beverages,Indian,TYPE_A,4.5,145,146.5,145.5,0,0,82.0,136.0,108.5,0,1,0,-1.0,-0.0068728522336769,Meal 1248 — Beverages (Indian)
61,1445,Seafood,Continental,TYPE_A,4.5,145,728.53,726.53,0,0,68.0,80.0,50.25,11,0,0,-2.0,-0.0027528113085488,Meal 1445 — Seafood (Continental)
61,1525,Other Snacks,Thai,TYPE_A,4.5,145,319.13,321.13,0,0,80.0,136.0,94.5,5,3,0,2.0,0.0062280073490486,Meal 1525 — Other Snacks (Thai)
61,1543,Desert,Indian,TYPE_A,4.5,145,484.09,484.09,0,0,123.0,95.0,88.0,2,1,0,0.0,0.0,Meal 1543 — Desert (Indian)
61,1558,Pizza,Continental,TYPE_A,4.5,145,548.08,548.08,0,0,270.0,203.0,331.25,7,0,0,0.0,0.0,Meal 1558 — Pizza (Continental)
61,1571,Fish,Continental,TYPE_A,4.5,145,593.64,581.03,0,1,40.0,41.0,57.25,4,0,0,-12.610000000000014,-0.021702838063439,Meal 1571 — Fish (Continental)
61,1727,Rice Bowl,Indian,TYPE_A,4.5,145,447.23,446.23,0,0,121.0,323.0,198.75,8,1,0,-1.0,-0.0022409967953745,Meal 1727 — Rice Bowl (Indian)
61,1754,Sandwich,Italian,TYPE_A,4.5,145,323.07,322.07,0,0,485.0,432.0,398.5,10,2,0,-1.0,-0.0031049150805725,Meal 1754 — Sandwich (Italian)
61,1770,Biryani,Indian,TYPE_A,4.5,144,486.03,486.03,0,0,14.0,26.0,30.25,1,1,0,0.0,0.0,Meal 1770 — Biryani (Indian)
61,1778,Beverages,Italian,TYPE_A,4.5,145,150.41,157.14,1,0,244.0,350.0,267.0,0,2,0,6.72999999999999,0.0428280514191166,Meal 1778 — Beverages (Italian)
61,1878,Starters,Thai,TYPE_A,4.5,145,320.13,321.13,0,0,176.0,149.0,155.5,13,3,0,1.0,0.0031140036745243,Meal 1878 — Starters (Thai)
61,1885,Beverages,Thai,TYPE_A,4.5,145,137.77,137.77,0,0,648.0,487.0,581.25,0,3,0,0.0,0.0,Meal 1885 — Beverages (Thai)
61,1902,Biryani,Indian,TYPE_A,4.5,145,446.23,445.23,0,0,27.0,15.0,20.75,1,1,0,-1.0,-0.0022460301417245,Meal 1902 — Biryani (Indian)
61,1962,Pizza,Continental,TYPE_A,4.5,145,548.08,547.08,0,0,175.0,150.0,277.0,7,0,0,-1.0,-0.0018278862323608,Meal 1962 — Pizza (Continental)
61,1971,Sandwich,Italian,TYPE_A,4.5,145,329.86,329.86,0,0,202.0,204.0,182.75,10,2,0,0.0,0.0,Meal 1971 — Sandwich (Italian)
61,1993,Beverages,Thai,TYPE_A,4.5,145,134.86,133.86,0,0,459.0,459.0,479.25,0,3,0,-1.0,-0.0074704915583445,Meal 1993 — Beverages (Thai)
61,2104,Fish,Continental,TYPE_A,4.5,145,581.03,582.03,0,0,53.0,40.0,37.0,4,0,0,1.0,0.0017181244953009,Meal 2104 — Fish (Continental)
61,2126,Pasta,Italian,TYPE_A,4.5,145,436.53,508.31,0,0,15.0,40.0,27.5,6,2,0,71.78000000000003,0.1412130392870492,Meal 2126 — Pasta (Italian)
61,2139,Beverages,Indian,TYPE_A,4.5,145,291.03,291.03,0,0,27.0,123.0,61.25,0,1,0,0.0,0.0,Meal 2139 — Beverages (Indian)
61,2290,Rice Bowl,Indian,TYPE_A,4.5,145,274.57,274.57,0,0,459.0,661.0,536.5,8,1,0,0.0,0.0,Meal 2290 — Rice Bowl (Indian)
61,2304,Desert,Indian,TYPE_A,4.5,145,482.09,482.09,0,0,13.0,14.0,17.0,2,1,0,0.0,0.0,Meal 2304 — Desert (Indian)
61,2306,Pasta,Italian,TYPE_A,4.5,145,243.53,337.62,1,0,14.0,14.0,13.75,6,2,0,94.09,0.2786860967952135,Meal 2306 — Pasta (Italian)
61,2322,Beverages,Continental,TYPE_A,4.5,145,360.87,359.87,0,0,69.0,15.0,28.0,0,0,0,-1.0,-0.002778781226554,Meal 2322 — Beverages (Continental)
61,2444,Seafood,Continental,TYPE_A,4.5,140,726.53,728.53,0,0,28.0,28.0,92.0,11,0,0,2.0,0.0027452541419021,Meal 2444 — Seafood (Continental)
61,2490,Salad,Italian,TYPE_A,4.5,145,292.03,290.03,0,0,190.0,216.0,206.75,9,2,0,-2.0,-0.0068958383615488,Meal 2490 — Salad (Italian)
61,2492,Desert,Indian,TYPE_A,4.5,145,455.93,455.93,0,0,41.0,28.0,27.25,2,1,0,0.0,0.0,Meal 2492 — Desert (Indian)
61,2539,Beverages,Thai,TYPE_A,4.5,145,137.74,139.74,0,0,121.0,80.0,87.75,0,3,0,2.0,0.01431229426077,Meal 2539 — Beverages (Thai)
61,2569,Salad,Italian,TYPE_A,4.5,145,243.5,313.34,0,0,811.0,447.0,493.5,9,2,0,69.83999999999997,0.2228888747047934,Meal 2569 — Salad (Italian)
61,2577,Starters,Thai,TYPE_A,4.5,145,321.13,321.13,0,0,26.0,67.0,61.0,13,3,0,0.0,0.0,Meal 2577 — Starters (Thai)
61,2581,Pizza,Continental,TYPE_A,4.5,145,547.08,549.08,0,0,163.0,162.0,263.75,7,0,0,2.0,0.0036424564726451,Meal 2581 — Pizza (Continental)
61,2631,Beverages,Indian,TYPE_A,4.5,145,152.35,150.35,0,1,109.0,96.0,108.5,0,1,0,-2.0,-0.0133022946458264,Meal 2631 — Beverages (Indian)
61,2640,Starters,Thai,TYPE_A,4.5,145,319.13,321.13,0,0,163.0,271.0,223.25,13,3,0,2.0,0.0062280073490486,Meal 2640 — Starters (Thai)
61,2664,Salad,Italian,TYPE_A,4.5,145,237.68,321.07,0,0,770.0,391.0,408.5,9,2,0,83.38999999999999,0.2597252935496932,Meal 2664 — Salad (Italian)
61,2704,Other Snacks,Thai,TYPE_A,4.5,145,321.13,320.13,0,0,161.0,121.0,120.75,5,3,0,-1.0,-0.0031237309842876,Meal 2704 — Other Snacks (Thai)
61,2707,Beverages,Italian,TYPE_A,4.5,145,197.88,234.74,0,0,392.0,365.0,321.25,0,2,0,36.860000000000014,0.1570247933884298,Meal 2707 — Beverages (Italian)
61,2760,Other Snacks,Thai,TYPE_A,4.5,145,193.09,260.93,0,0,42.0,41.0,68.5,5,3,0,67.84,0.2599931015981297,Meal 2760 — Other Snacks (Thai)
61,2826,Sandwich,Italian,TYPE_A,4.5,145,327.92,326.92,0,0,364.0,418.0,408.5,10,2,0,-1.0,-0.00305885231861,Meal 2826 — Sandwich (Italian)
61,2867,Seafood,Continental,TYPE_A,4.5,143,583.03,727.53,0,0,40.0,27.0,30.5,11,0,0,144.5,0.1986172391516501,Meal 2867 — Seafood (Continental)
61,2956,Fish,Continental,TYPE_A,4.5,139,485.03,631.53,0,0,26.0,55.0,40.0,4,0,0,146.5,0.2319763114974743,Meal 2956 — Fish (Continental)
64,1062,Beverages,Italian,TYPE_A,4.4,145,155.26,172.66,1,0,676.0,501.0,598.25,0,2,0,17.400000000000006,0.1007760917409938,Meal 1062 — Beverages (Italian)
64,1109,Rice Bowl,Indian,TYPE_A,4.4,145,283.24,283.24,0,0,391.0,351.0,367.75,8,1,0,0.0,0.0,Meal 1109 — Rice Bowl (Indian)
64,1207,Beverages,Continental,TYPE_A,4.4,145,356.96,363.81,0,1,244.0,162.0,210.0,0,0,0,6.850000000000023,0.0188285093867678,Meal 1207 — Beverages (Continental)
64,1216,Pasta,Italian,TYPE_A,4.4,145,413.25,412.25,0,0,42.0,121.0,71.5,6,2,0,-1.0,-0.0024257125530624,Meal 1216 — Pasta (Italian)
64,1230,Beverages,Continental,TYPE_A,4.4,145,359.87,286.21,0,1,95.0,270.0,189.5,0,0,0,-73.66000000000003,-0.2573634743719648,Meal 1230 — Beverages (Continental)
64,1247,Biryani,Indian,TYPE_A,4.4,145,445.23,447.23,0,0,27.0,15.0,24.0,1,1,0,2.0,0.0044719719160163,Meal 1247 — Biryani (Indian)
64,1248,Beverages,Indian,TYPE_A,4.4,145,153.26,153.26,0,0,27.0,14.0,24.0,0,1,0,0.0,0.0,Meal 1248 — Beverages (Indian)
64,1445,Seafood,Continental,TYPE_A,4.4,145,728.53,726.53,0,0,96.0,67.0,71.25,11,0,0,-2.0,-0.0027528113085488,Meal 1445 — Seafood (Continental)
64,1525,Other Snacks,Thai,TYPE_A,4.4,145,320.13,320.13,0,1,14.0,94.0,44.0,5,3,0,0.0,0.0,Meal 1525 — Other Snacks (Thai)
64,1543,Desert,Indian,TYPE_A,4.4,145,482.09,484.09,0,0,54.0,55.0,71.25,2,1,0,2.0,0.0041314631576772,Meal 1543 — Desert (Indian)
64,1558,Pizza,Continental,TYPE_A,4.4,145,548.08,547.08,0,0,107.0,123.0,169.25,7,0,0,-1.0,-0.0018278862323608,Meal 1558 — Pizza (Continental)
64,1571,Fish,Continental,TYPE_A,4.4,134,317.25,535.47,0,0,69.0,41.0,82.0,4,0,0,218.22000000000003,0.4075298336041235,Meal 1571 — Fish (Continental)
64,1727,Rice Bowl,Indian,TYPE_A,4.4,145,445.23,446.23,0,0,108.0,216.0,158.75,8,1,0,1.0,0.0022409967953745,Meal 1727 — Rice Bowl (Indian)
64,1754,Sandwich,Italian,TYPE_A,4.4,145,330.83,330.83,0,0,377.0,163.0,263.25,10,2,0,0.0,0.0,Meal 1754 — Sandwich (Italian)
64,1770,Biryani,Indian,TYPE_A,4.4,145,485.03,486.03,0,0,13.0,13.0,16.5,1,1,0,1.0,0.0020574861634055,Meal 1770 — Biryani (Indian)
64,1778,Beverages,Italian,TYPE_A,4.4,145,154.23,150.41,1,0,365.0,285.0,277.25,0,2,0,-3.819999999999993,-0.0253972475234358,Meal 1778 — Beverages (Italian)
64,1878,Starters,Thai,TYPE_A,4.4,145,321.13,319.13,0,0,42.0,41.0,51.75,13,3,0,-2.0,-0.0062670385109516,Meal 1878 — Starters (Thai)
64,1885,Beverages,Thai,TYPE_A,4.4,145,130.04,129.04,0,0,555.0,501.0,463.25,0,3,0,-1.0,-0.0077495350278983,Meal 1885 — Beverages (Thai)
64,1902,Biryani,Indian,TYPE_A,4.4,145,445.23,445.23,0,0,27.0,14.0,17.25,1,1,0,0.0,0.0,Meal 1902 — Biryani (Indian)
64,1962,Pizza,Continental,TYPE_A,4.4,145,548.08,549.08,0,0,53.0,94.0,114.5,7,0,0,1.0,0.0018212282363225,Meal 1962 — Pizza (Continental)
64,1971,Sandwich,Italian,TYPE_A,4.4,145,329.86,328.86,0,0,107.0,108.0,104.0,10,2,0,-1.0,-0.0030408076385087,Meal 1971 — Sandwich (Italian)
64,1993,Beverages,Thai,TYPE_A,4.4,145,129.07,127.07,0,0,284.0,243.0,311.25,0,3,0,-2.0,-0.0157393562603289,Meal 1993 — Beverages (Thai)
64,2104,Fish,Continental,TYPE_A,4.4,132,517.98,435.53,0,1,81.0,175.0,114.5,4,0,0,-82.45000000000005,-0.1893095768374166,Meal 2104 — Fish (Continental)
64,2126,Pasta,Italian,TYPE_A,4.4,145,435.53,436.53,0,0,27.0,15.0,24.5,6,2,0,1.0,0.0022907933017203,Meal 2126 — Pasta (Italian)
64,2139,Beverages,Indian,TYPE_A,4.4,145,279.39,278.39,0,0,40.0,68.0,57.25,0,1,0,-1.0,-0.00359208304896,Meal 2139 — Beverages (Indian)
64,2290,Rice Bowl,Indian,TYPE_A,4.4,145,297.79,297.79,0,0,431.0,431.0,441.5,8,1,0,0.0,0.0,Meal 2290 — Rice Bowl (Indian)
64,2304,Desert,Indian,TYPE_A,4.4,145,484.09,482.09,0,0,68.0,13.0,36.75,2,1,0,-2.0,-0.0041486029579539,Meal 2304 — Desert (Indian)
64,2306,Pasta,Italian,TYPE_A,4.4,145,243.53,336.62,1,0,28.0,15.0,21.0,6,2,0,93.09,0.276543283227378,Meal 2306 — Pasta (Italian)
64,2322,Beverages,Continental,TYPE_A,4.4,145,363.81,292.03,0,1,95.0,68.0,115.75,0,0,0,-71.78000000000003,-0.2457966647262268,Meal 2322 — Beverages (Continental)
64,2444,Seafood,Continental,TYPE_A,4.4,144,583.03,726.53,1,0,40.0,14.0,20.5,11,0,0,143.5,0.1975142113883803,Meal 2444 — Seafood (Continental)
64,2490,Salad,Italian,TYPE_A,4.4,145,290.03,291.03,0,0,69.0,42.0,72.0,9,2,0,1.0,0.0034360718826237,Meal 2490 — Salad (Italian)
64,2492,Desert,Indian,TYPE_A,4.4,145,455.93,456.93,0,0,28.0,55.0,54.5,2,1,0,1.0,0.0021885190291729,Meal 2492 — Desert (Indian)
64,2539,Beverages,Thai,TYPE_A,4.4,145,126.1,127.1,0,0,107.0,69.0,81.5,0,3,0,1.0,0.00786782061369,Meal 2539 — Beverages (Thai)
64,2569,Salad,Italian,TYPE_A,4.4,145,243.5,313.31,0,0,431.0,406.0,300.5,9,2,0,69.81,0.2228144649069611,Meal 2569 — Salad (Italian)
64,2577,Starters,Thai,TYPE_A,4.4,144,321.13,319.13,0,0,15.0,41.0,23.75,13,3,0,-2.0,-0.0062670385109516,Meal 2577 — Starters (Thai)
64,2581,Pizza,Continental,TYPE_A,4.4,145,547.08,549.08,0,0,149.0,162.0,155.75,7,0,0,2.0,0.0036424564726451,Meal 2581 — Pizza (Continental)
64,2631,Beverages,Indian,TYPE_A,4.4,145,153.26,154.26,0,0,27.0,42.0,27.25,0,1,0,1.0,0.0064825619084662,Meal 2631 — Beverages (Indian)
64,2640,Starters,Thai,TYPE_A,4.4,145,320.13,320.13,0,0,122.0,41.0,71.25,13,3,0,0.0,0.0,Meal 2640 — Starters (Thai)
64,2664,Salad,Italian,TYPE_A,4.4,145,242.5,321.07,0,0,231.0,190.0,183.0,9,2,0,78.57,0.2447129909365558,Meal 2664 — Salad (Italian)
64,2704,Other Snacks,Thai,TYPE_A,4.4,145,319.13,321.13,0,0,175.0,55.0,111.75,5,3,0,2.0,0.0062280073490486,Meal 2704 — Other Snacks (Thai)
64,2707,Beverages,Italian,TYPE_A,4.4,145,204.67,205.67,0,0,296.0,258.0,240.5,0,2,0,1.0,0.004862157825643,Meal 2707 — Beverages (Italian)
64,2760,Other Snacks,Thai,TYPE_A,4.4,145,182.36,261.93,0,1,55.0,55.0,58.0,5,3,0,79.57,0.3037834535944718,Meal 2760 — Other Snacks (Thai)
64,2826,Sandwich,Italian,TYPE_A,4.4,145,325.92,326.92,0,0,231.0,216.0,203.25,10,2,0,1.0,0.00305885231861,Meal 2826 — Sandwich (Italian)
64,2867,Seafood,Continental,TYPE_A,4.4,94,490.85,707.13,1,0,27.0,26.0,36.75,11,0,0,216.28,0.3058560660698881,Meal 2867 — Seafood (Continental)
64,2956,Fish,Continental,TYPE_A,4.4,134,315.25,435.53,0,0,40.0,82.0,80.75,4,0,0,120.27999999999996,0.2761692650334075,Meal 2956 — Fish (Continental)
65,1062,Beverages,Italian,TYPE_A,4.8,145,163.02,154.23,1,0,351.0,458.0,411.5,0,2,0,-8.79000000000002,-0.0569928029566233,Meal 1062 — Beverages (Italian)
65,1109,Rice Bowl,Indian,TYPE_A,4.8,145,286.21,285.21,0,0,391.0,485.0,502.25,8,1,0,-1.0,-0.0035061884225658,Meal 1109 — Rice Bowl (Indian)
65,1207,Beverages,Continental,TYPE_A,4.8,145,353.08,355.08,0,0,40.0,14.0,57.5,0,0,0,2.0,0.0056325335135744,Meal 1207 — Beverages (Continental)
65,1216,Pasta,Italian,TYPE_A,4.8,145,416.13,416.13,0,0,161.0,230.0,131.25,6,2,0,0.0,0.0,Meal 1216 — Pasta (Italian)
65,1230,Beverages,Continental,TYPE_A,4.8,145,367.69,366.69,0,0,82.0,150.0,142.75,0,0,0,-1.0,-0.0027270991845973,Meal 1230 — Beverages (Continental)
65,1247,Biryani,Indian,TYPE_A,4.8,145,447.23,447.23,0,0,69.0,42.0,41.25,1,1,0,0.0,0.0,Meal 1247 — Biryani (Indian)
65,1248,Beverages,Indian,TYPE_A,4.8,145,147.5,145.5,0,0,54.0,95.0,60.5,0,1,0,-2.0,-0.0137457044673539,Meal 1248 — Beverages (Indian)
65,1445,Seafood,Continental,TYPE_A,4.8,145,728.53,726.53,0,0,95.0,108.0,78.25,11,0,0,-2.0,-0.0027528113085488,Meal 1445 — Seafood (Continental)
65,1525,Other Snacks,Thai,TYPE_A,4.8,145,320.13,320.13,0,0,148.0,96.0,118.25,5,3,0,0.0,0.0,Meal 1525 — Other Snacks (Thai)
65,1543,Desert,Indian,TYPE_A,4.8,145,484.09,483.09,0,0,134.0,136.0,94.5,2,1,0,-1.0,-0.0020700076590283,Meal 1543 — Desert (Indian)
65,1558,Pizza,Continental,TYPE_A,4.8,145,511.19,513.19,0,0,215.0,136.0,348.0,7,0,0,2.000000000000057,0.0038971920731114,Meal 1558 — Pizza (Continental)
65,1571,Fish,Continental,TYPE_A,4.8,145,582.03,582.03,0,0,150.0,134.0,142.5,4,0,0,0.0,0.0,Meal 1571 — Fish (Continental)
65,1727,Rice Bowl,Indian,TYPE_A,4.8,145,418.1,418.1,0,0,297.0,325.0,294.25,8,1,0,0.0,0.0,Meal 1727 — Rice Bowl (Indian)
65,1754,Sandwich,Italian,TYPE_A,4.8,145,287.15,288.15,0,0,918.0,1133.0,981.75,10,2,0,1.0,0.0034704147145583,Meal 1754 — Sandwich (Italian)
65,1770,Biryani,Indian,TYPE_A,4.8,145,486.03,484.03,0,0,14.0,14.0,27.0,1,1,0,-2.0,-0.0041319752907877,Meal 1770 — Biryani (Indian)
65,1778,Beverages,Italian,TYPE_A,4.8,145,158.11,158.11,1,1,325.0,541.0,396.0,0,2,0,0.0,0.0,Meal 1778 — Beverages (Italian)
65,1878,Starters,Thai,TYPE_A,4.8,145,320.13,320.13,0,0,283.0,366.0,341.5,13,3,0,0.0,0.0,Meal 1878 — Starters (Thai)
65,1885,Beverages,Thai,TYPE_A,4.8,145,121.31,121.31,0,0,837.0,647.0,712.25,0,3,0,0.0,0.0,Meal 1885 — Beverages (Thai)
65,1902,Biryani,Indian,TYPE_A,4.8,144,446.23,446.23,0,0,54.0,28.0,40.75,1,1,0,0.0,0.0,Meal 1902 — Biryani (Indian)
65,1962,Pizza,Continental,TYPE_A,4.8,145,512.19,513.19,0,0,621.0,433.0,696.0,7,0,0,1.0,0.0019485960365556,Meal 1962 — Pizza (Continental)
65,1971,Sandwich,Italian,TYPE_A,4.8,145,290.06,291.06,0,0,593.0,728.0,556.5,10,2,0,1.0,0.003435717721432,Meal 1971 — Sandwich (Italian)
65,1993,Beverages,Thai,TYPE_A,4.8,145,118.34,118.34,0,0,879.0,690.0,770.0,0,3,0,0.0,0.0,Meal 1993 — Beverages (Thai)
65,2104,Fish,Continental,TYPE_A,4.8,145,582.03,582.03,0,0,123.0,55.0,78.0,4,0,0,0.0,0.0,Meal 2104 — Fish (Continental)
65,2126,Pasta,Italian,TYPE_A,4.8,145,437.53,507.31,0,1,13.0,13.0,16.75,6,2,0,69.78000000000003,0.1375490331355582,Meal 2126 — Pasta (Italian)
65,2139,Beverages,Indian,TYPE_A,4.8,145,290.03,291.03,0,0,28.0,27.0,44.0,0,1,0,1.0,0.0034360718826237,Meal 2139 — Beverages (Indian)
65,2290,Rice Bowl,Indian,TYPE_A,4.8,145,259.96,260.96,0,0,1025.0,1133.0,1103.25,8,1,0,1.0,0.0038320049049662,Meal 2290 — Rice Bowl (Indian)
65,2304,Desert,Indian,TYPE_A,4.8,145,482.09,472.39,0,1,42.0,41.0,48.25,2,1,0,-9.699999999999989,-0.0205338809034907,Meal 2304 — Desert (Indian)
65,2306,Pasta,Italian,TYPE_A,4.8,145,241.53,337.62,1,0,26.0,13.0,64.25,6,2,0,96.09,0.2846099164741425,Meal 2306 — Pasta (Italian)
65,2322,Beverages,Continental,TYPE_A,4.8,145,361.81,363.81,0,0,204.0,271.0,206.5,0,0,0,2.0,0.0054973750034358,Meal 2322 — Beverages (Continental)
65,2444,Seafood,Continental,TYPE_A,4.8,145,728.53,728.53,0,0,188.0,135.0,97.75,11,0,0,0.0,0.0,Meal 2444 — Seafood (Continental)
65,2490,Salad,Italian,TYPE_A,4.8,145,281.36,280.36,0,0,512.0,352.0,375.0,9,2,0,-1.0,-0.0035668426309031,Meal 2490 — Salad (Italian)
65,2492,Desert,Indian,TYPE_A,4.8,145,446.23,445.23,0,0,55.0,69.0,72.0,2,1,0,-1.0,-0.0022460301417245,Meal 2492 — Desert (Indian)
65,2539,Beverages,Thai,TYPE_A,4.8,145,118.4,116.4,0,0,242.0,311.0,367.75,0,3,0,-2.0,-0.0171821305841924,Meal 2539 — Beverages (Thai)
65,2569,Salad,Italian,TYPE_A,4.8,145,243.5,340.53,0,0,864.0,298.0,432.5,9,2,0,97.02999999999996,0.2849381845946024,Meal 2569 — Salad (Italian)
65,2577,Starters,Thai,TYPE_A,4.8,145,321.13,321.13,0,0,67.0,55.0,81.0,13,3,0,0.0,0.0,Meal 2577 — Starters (Thai)
65,2581,Pizza,Continental,TYPE_A,4.8,145,513.19,511.19,0,0,188.0,203.0,304.0,7,0,0,-2.000000000000057,-0.0039124396017137,Meal 2581 — Pizza (Continental)
65,2631,Beverages,Indian,TYPE_A,4.8,145,149.41,150.41,0,0,161.0,55.0,98.5,0,1,0,1.0,0.0066484941160827,Meal 2631 — Beverages (Indian)
65,2640,Starters,Thai,TYPE_A,4.8,145,320.13,319.13,0,0,445.0,391.0,378.0,13,3,0,-1.0,-0.0031335192554758,Meal 2640 — Starters (Thai)
65,2664,Salad,Italian,TYPE_A,4.8,145,235.77,340.53,0,0,824.0,297.0,405.5,9,2,0,104.75999999999996,0.3076380935600387,Meal 2664 — Salad (Italian)
65,2704,Other Snacks,Thai,TYPE_A,4.8,145,321.13,321.13,0,0,135.0,229.0,178.75,5,3,0,0.0,0.0,Meal 2704 — Other Snacks (Thai)
65,2707,Beverages,Italian,TYPE_A,4.8,145,202.76,201.76,0,0,567.0,636.0,628.0,0,2,0,-1.0,-0.0049563838223632,Meal 2707 — Beverages (Italian)
65,2760,Other Snacks,Thai,TYPE_A,4.8,145,184.36,261.93,0,1,325.0,134.0,219.0,5,3,0,77.57,0.2961478257549726,Meal 2760 — Other Snacks (Thai)
65,2826,Sandwich,Italian,TYPE_A,4.8,145,327.92,325.92,0,0,528.0,663.0,584.75,10,2,0,-2.0,-0.0061364752086401,Meal 2826 — Sandwich (Italian)
65,2867,Seafood,Continental,TYPE_A,4.8,145,726.53,728.53,0,0,161.0,148.0,91.25,11,0,0,2.0,0.0027452541419021,Meal 2867 — Seafood (Continental)
65,2956,Fish,Continental,TYPE_A,4.8,145,582.03,583.03,0,0,69.0,67.0,111.5,4,0,0,1.0,0.0017151776066411,Meal 2956 — Fish (Continental)
66,1062,Beverages,Italian,TYPE_A,4.1,145,161.08,152.29,1,0,447.0,512.0,436.0,0,2,0,-8.79000000000002,-0.0577188259242236,Meal 1062 — Beverages (Italian)
66,1109,Rice Bowl,Indian,TYPE_A,4.1,145,276.45,308.46,0,0,689.0,676.0,564.5,8,1,0,32.00999999999999,0.1037735849056603,Meal 1109 — Rice Bowl (Indian)
66,1207,Beverages,Continental,TYPE_A,4.1,145,362.84,362.84,0,0,163.0,136.0,148.5,0,0,0,0.0,0.0,Meal 1207 — Beverages (Continental)
66,1216,Pasta,Italian,TYPE_A,4.1,145,416.13,416.13,0,0,135.0,96.0,88.0,6,2,0,0.0,0.0,Meal 1216 — Pasta (Italian)
66,1230,Beverages,Continental,TYPE_A,4.1,145,364.75,363.75,0,0,216.0,108.0,210.0,0,0,0,-1.0,-0.0027491408934707,Meal 1230 — Beverages (Continental)
66,1247,Biryani,Indian,TYPE_A,4.1,145,447.23,446.23,0,0,13.0,27.0,36.75,1,1,0,-1.0,-0.0022409967953745,Meal 1247 — Biryani (Indian)
66,1248,Beverages,Indian,TYPE_A,4.1,145,155.26,155.26,0,0,41.0,14.0,34.25,0,1,0,0.0,0.0,Meal 1248 — Beverages (Indian)
66,1445,Seafood,Continental,TYPE_A,4.1,145,726.53,726.53,0,0,163.0,96.0,92.5,11,0,0,0.0,0.0,Meal 1445 — Seafood (Continental)
66,1525,Other Snacks,Thai,TYPE_A,4.1,145,320.13,321.13,0,0,54.0,96.0,61.25,5,3,0,1.0,0.0031140036745243,Meal 1525 — Other Snacks (Thai)
66,1543,Desert,Indian,TYPE_A,4.1,145,482.09,482.09,0,0,53.0,107.0,70.5,2,1,0,0.0,0.0,Meal 1543 — Desert (Indian)
66,1558,Pizza,Continental,TYPE_A,4.1,145,513.19,511.19,0,0,176.0,204.0,243.75,7,0,0,-2.000000000000057,-0.0039124396017137,Meal 1558 — Pizza (Continental)
66,1571,Fish,Continental,TYPE_A,4.1,145,583.03,583.03,0,0,82.0,161.0,118.0,4,0,0,0.0,0.0,Meal 1571 — Fish (Continental)
66,1727,Rice Bowl,Indian,TYPE_A,4.1,145,415.22,415.22,0,0,189.0,392.0,270.75,8,1,0,0.0,0.0,Meal 1727 — Rice Bowl (Indian)
66,1754,Sandwich,Italian,TYPE_A,4.1,145,285.18,287.18,0,0,757.0,837.0,725.75,10,2,0,2.0,0.0069642732780834,Meal 1754 — Sandwich (Italian)
66,1770,Biryani,Indian,TYPE_A,4.1,145,485.03,485.03,0,0,40.0,69.0,44.5,1,1,0,0.0,0.0,Meal 1770 — Biryani (Indian)
66,1778,Beverages,Italian,TYPE_A,4.1,145,154.23,155.2,1,0,135.0,323.0,208.75,0,2,0,0.9699999999999988,0.0062499999999999,Meal 1778 — Beverages (Italian)
66,1878,Starters,Thai,TYPE_A,4.1,145,320.13,321.13,0,0,284.0,109.0,206.5,13,3,0,1.0,0.0031140036745243,Meal 1878 — Starters (Thai)
66,1885,Beverages,Thai,TYPE_A,4.1,145,119.31,119.31,0,0,836.0,782.0,732.0,0,3,0,0.0,0.0,Meal 1885 — Beverages (Thai)
66,1902,Biryani,Indian,TYPE_A,4.1,143,445.23,446.23,0,0,26.0,15.0,40.75,1,1,0,1.0,0.0022409967953745,Meal 1902 — Biryani (Indian)
66,1962,Pizza,Continental,TYPE_A,4.1,145,512.19,511.19,0,0,298.0,446.0,578.0,7,0,0,-1.0000000000000568,-0.0019562198008569,Meal 1962 — Pizza (Continental)
66,1971,Sandwich,Italian,TYPE_A,4.1,145,291.06,289.06,0,0,298.0,432.0,378.5,10,2,0,-2.0,-0.0069189787587352,Meal 1971 — Sandwich (Italian)
66,1993,Beverages,Thai,TYPE_A,4.1,145,121.28,121.28,0,0,878.0,783.0,796.25,0,3,0,0.0,0.0,Meal 1993 — Beverages (Thai)
66,2104,Fish,Continental,TYPE_A,4.1,145,582.03,583.03,0,0,136.0,108.0,145.25,4,0,0,1.0,0.0017151776066411,Meal 2104 — Fish (Continental)
66,2126,Pasta,Italian,TYPE_A,4.1,144,435.53,509.31,0,0,14.0,55.0,48.25,6,2,0,73.78000000000003,0.1448626573206888,Meal 2126 — Pasta (Italian)
66,2139,Beverages,Indian,TYPE_A,4.1,145,281.3,282.3,0,0,80.0,26.0,60.5,0,1,0,1.0,0.0035423308537017,Meal 2139 — Beverages (Indian)
66,2290,Rice Bowl,Indian,TYPE_A,4.1,145,260.96,259.96,0,0,634.0,703.0,712.75,8,1,0,-1.0,-0.0038467456531774,Meal 2290 — Rice Bowl (Indian)
66,2304,Desert,Indian,TYPE_A,4.1,145,484.09,484.09,0,0,40.0,40.0,43.75,2,1,0,0.0,0.0,Meal 2304 — Desert (Indian)
66,2306,Pasta,Italian,TYPE_A,4.1,145,241.53,337.62,1,0,13.0,40.0,44.0,6,2,0,96.09,0.2846099164741425,Meal 2306 — Pasta (Italian)
66,2322,Beverages,Continental,TYPE_A,4.1,145,358.9,358.9,0,0,136.0,203.0,199.75,0,0,0,0.0,0.0,Meal 2322 — Beverages (Continental)
66,2444,Seafood,Continental,TYPE_A,4.1,145,726.53,726.53,0,0,82.0,109.0,61.75,11,0,0,0.0,0.0,Meal 2444 — Seafood (Continental)
66,2490,Salad,Italian,TYPE_A,4.1,145,280.36,279.36,0,0,107.0,161.0,212.25,9,2,0,-1.0,-0.0035796105383734,Meal 2490 — Salad (Italian)
66,2492,Desert,Indian,TYPE_A,4.1,145,447.23,446.23,0,0,40.0,42.0,64.75,2,1,0,-1.0,-0.0022409967953745,Meal 2492 — Desert (Indian)
66,2539,Beverages,Thai,TYPE_A,4.1,145,121.31,121.31,0,0,445.0,365.0,391.5,0,3,0,0.0,0.0,Meal 2539 — Beverages (Thai)
66,2569,Salad,Italian,TYPE_A,4.1,145,237.68,283.24,0,0,825.0,257.0,378.5,9,2,0,45.56,0.1608529868662618,Meal 2569 — Salad (Italian)
66,2577,Starters,Thai,TYPE_A,4.1,145,321.13,321.13,0,0,134.0,108.0,145.0,13,3,0,0.0,0.0,Meal 2577 — Starters (Thai)
66,2581,Pizza,Continental,TYPE_A,4.1,145,513.19,511.19,0,0,257.0,244.0,352.0,7,0,0,-2.000000000000057,-0.0039124396017137,Meal 2581 — Pizza (Continental)
66,2631,Beverages,Indian,TYPE_A,4.1,145,149.41,148.41,0,0,53.0,95.0,78.0,0,1,0,-1.0,-0.0067380904251735,Meal 2631 — Beverages (Indian)
66,2640,Starters,Thai,TYPE_A,4.1,145,319.13,321.13,0,0,297.0,269.0,245.75,13,3,0,2.0,0.0062280073490486,Meal 2640 — Starters (Thai)
66,2664,Salad,Italian,TYPE_A,4.1,145,243.5,340.53,0,0,622.0,351.0,314.0,9,2,0,97.02999999999996,0.2849381845946024,Meal 2664 — Salad (Italian)
66,2704,Other Snacks,Thai,TYPE_A,4.1,145,321.13,320.13,0,0,123.0,135.0,132.25,5,3,0,-1.0,-0.0031237309842876,Meal 2704 — Other Snacks (Thai)
66,2707,Beverages,Italian,TYPE_A,4.1,145,202.79,200.79,0,0,500.0,419.0,456.25,0,2,0,-2.0,-0.009960655411126,Meal 2707 — Beverages (Italian)
66,2760,Other Snacks,Thai,TYPE_A,4.1,145,192.06,262.93,0,0,215.0,54.0,114.75,5,3,0,70.87,0.2695394211387061,Meal 2760 — Other Snacks (Thai)
66,2826,Sandwich,Italian,TYPE_A,4.1,145,326.92,325.92,0,0,539.0,297.0,391.75,10,2,0,-1.0,-0.00306823760432,Meal 2826 — Sandwich (Italian)
66,2867,Seafood,Continental,TYPE_A,4.1,145,728.53,727.53,0,0,109.0,41.0,71.25,11,0,0,-1.0,-0.0013745137657553,Meal 2867 — Seafood (Continental)
66,2956,Fish,Continental,TYPE_A,4.1,145,582.03,582.03,0,0,122.0,135.0,105.5,4,0,0,0.0,0.0,Meal 2956 — Fish (Continental)
67,1062,Beverages,Italian,TYPE_B,7.0,145,189.15,189.15,0,0,636.0,890.0,645.25,0,2,1,0.0,0.0,Meal 1062 — Beverages (Italian)
67,1109,Rice Bowl,Indian,TYPE_B,7.0,145,293.94,292.94,0,0,1068.0,1174.0,958.75,8,1,1,-1.0,-0.0034136683279852,Meal 1109 — Rice Bowl (Indian)
67,1198,Extras,Thai,TYPE_B,7.0,145,151.35,215.4,0,0,324.0,203.0,297.0,3,3,1,64.05000000000001,0.2973537604456825,Meal 1198 — Extras (Thai)
67,1207,Beverages,Continental,TYPE_B,7.0,145,389.0,390.0,0,0,27.0,26.0,50.25,0,0,1,1.0,0.0025641025641025,Meal 1207 — Beverages (Continental)
67,1216,Pasta,Italian,TYPE_B,7.0,145,402.55,404.55,0,0,270.0,229.0,162.0,6,2,1,2.0,0.0049437646768013,Meal 1216 — Pasta (Italian)
67,1230,Beverages,Continental,TYPE_B,7.0,145,382.18,383.18,0,0,95.0,69.0,101.75,0,0,1,1.0,0.0026097395479931,Meal 1230 — Beverages (Continental)
67,1247,Biryani,Indian,TYPE_B,7.0,145,447.23,445.23,0,0,53.0,80.0,63.25,1,1,1,-2.0,-0.004492060283449,Meal 1247 — Biryani (Indian)
67,1248,Beverages,Indian,TYPE_B,7.0,145,159.11,158.11,0,0,53.0,82.0,68.0,0,1,1,-1.0,-0.006324710644488,Meal 1248 — Beverages (Indian)
67,1311,Extras,Thai,TYPE_B,7.0,145,175.63,211.46,0,0,419.0,433.0,392.0,3,3,1,35.83000000000001,0.1694410290362244,Meal 1311 — Extras (Thai)
67,1438,Soup,Thai,TYPE_B,7.0,145,196.0,196.0,0,0,95.0,162.0,121.75,12,3,1,0.0,0.0,Meal 1438 — Soup (Thai)
67,1445,Seafood,Continental,TYPE_B,7.0,145,727.53,728.53,0,0,134.0,499.0,182.0,11,0,1,1.0,0.001372627070951,Meal 1445 — Seafood (Continental)
67,1525,Other Snacks,Thai,TYPE_B,7.0,145,321.13,320.13,0,0,269.0,352.0,361.5,5,3,1,-1.0,-0.0031237309842876,Meal 1525 — Other Snacks (Thai)
67,1543,Desert,Indian,TYPE_B,7.0,145,485.03,485.03,0,0,82.0,122.0,115.0,2,1,1,0.0,0.0,Meal 1543 — Desert (Indian)
67,1558,Pizza,Continental,TYPE_B,7.0,145,564.6,640.23,0,0,271.0,134.0,452.0,7,0,1,75.63,0.1181294222388829,Meal 1558 — Pizza (Continental)
67,1571,Fish,Continental,TYPE_B,7.0,145,641.23,641.23,0,0,188.0,134.0,154.75,4,0,1,0.0,0.0,Meal 1571 — Fish (Continental)
67,1727,Rice Bowl,Indian,TYPE_B,7.0,145,466.63,466.63,0,0,582.0,391.0,472.75,8,1,1,0.0,0.0,Meal 1727 — Rice Bowl (Indian)
67,1754,Sandwich,Italian,TYPE_B,7.0,145,319.16,319.16,0,0,703.0,757.0,804.25,10,2,1,0.0,0.0,Meal 1754 — Sandwich (Italian)
67,1770,Biryani,Indian,TYPE_B,7.0,145,485.03,486.03,0,0,42.0,14.0,24.25,1,1,1,1.0,0.0020574861634055,Meal 1770 — Biryani (Indian)
67,1778,Beverages,Italian,TYPE_B,7.0,145,187.21,187.21,0,0,620.0,634.0,638.0,0,2,1,0.0,0.0,Meal 1778 — Beverages (Italian)
67,1803,Extras,Thai,TYPE_B,7.0,145,192.09,192.09,0,0,366.0,717.0,541.0,3,3,1,0.0,0.0,Meal 1803 — Extras (Thai)
67,1847,Soup,Thai,TYPE_B,7.0,145,194.0,195.0,0,0,123.0,95.0,118.5,12,3,1,1.0,0.0051282051282051,Meal 1847 — Soup (Thai)
67,1878,Starters,Thai,TYPE_B,7.0,145,320.13,320.13,0,0,190.0,311.0,219.75,13,3,1,0.0,0.0,Meal 1878 — Starters (Thai)
67,1885,Beverages,Thai,TYPE_B,7.0,145,157.14,157.14,0,0,2133.0,2133.0,2099.0,0,3,1,0.0,0.0,Meal 1885 — Beverages (Thai)
67,1902,Biryani,Indian,TYPE_B,7.0,145,446.23,445.23,0,0,41.0,28.0,47.25,1,1,1,-1.0,-0.0022460301417245,Meal 1902 — Biryani (Indian)
67,1962,Pizza,Continental,TYPE_B,7.0,145,564.6,563.6,0,0,716.0,568.0,1188.5,7,0,1,-1.0,-0.0017743080198722,Meal 1962 — Pizza (Continental)
67,1971,Sandwich,Italian,TYPE_B,7.0,145,341.47,340.47,0,0,688.0,580.0,557.0,10,2,1,-1.0,-0.0029371163391781,Meal 1971 — Sandwich (Italian)
67,1993,Beverages,Thai,TYPE_B,7.0,145,158.14,157.14,0,0,1175.0,1322.0,1235.5,0,3,1,-1.0,-0.0063637520682194,Meal 1993 — Beverages (Thai)
67,2104,Fish,Continental,TYPE_B,7.0,145,640.23,641.23,0,0,67.0,41.0,88.25,4,0,1,1.0,0.0015595028304976,Meal 2104 — Fish (Continental)
67,2126,Pasta,Italian,TYPE_B,7.0,145,476.27,508.31,0,1,28.0,14.0,48.0,6,2,1,32.04000000000002,0.0630324014872814,Meal 2126 — Pasta (Italian)
67,2139,Beverages,Indian,TYPE_B,7.0,145,284.21,284.21,0,0,108.0,95.0,68.0,0,1,1,0.0,0.0,Meal 2139 — Beverages (Indian)
67,2290,Rice Bowl,Indian,TYPE_B,7.0,145,285.21,284.21,0,0,1295.0,1376.0,1349.0,8,1,1,-1.0,-0.0035185250343056,Meal 2290 — Rice Bowl (Indian)
67,2304,Desert,Indian,TYPE_B,7.0,145,484.03,486.03,0,0,41.0,55.0,48.25,2,1,1,2.0,0.0041149723268111,Meal 2304 — Desert (Indian)
67,2306,Pasta,Italian,TYPE_B,7.0,145,244.5,336.62,1,0,27.0,15.0,20.5,6,2,1,92.12,0.2736616956805894,Meal 2306 — Pasta (Italian)
67,2322,Beverages,Continental,TYPE_B,7.0,145,379.27,379.27,0,0,162.0,188.0,185.25,0,0,1,0.0,0.0,Meal 2322 — Beverages (Continental)
67,2444,Seafood,Continental,TYPE_B,7.0,145,727.53,728.53,0,0,433.0,269.0,202.25,11,0,1,1.0,0.001372627070951,Meal 2444 — Seafood (Continental)
67,2490,Salad,Italian,TYPE_B,7.0,145,277.45,276.45,0,0,446.0,296.0,495.75,9,2,1,-1.0,-0.0036172906493036,Meal 2490 — Salad (Italian)
67,2492,Desert,Indian,TYPE_B,7.0,145,387.03,389.03,0,0,28.0,40.0,47.25,2,1,1,2.0,0.0051409916972984,Meal 2492 — Desert (Indian)
67,2494,Soup,Thai,TYPE_B,7.0,145,196.0,196.0,0,0,123.0,54.0,105.5,12,3,1,0.0,0.0,Meal 2494 — Soup (Thai)
67,2539,Beverages,Thai,TYPE_B,7.0,145,158.11,159.11,0,0,528.0,566.0,560.5,0,3,1,1.0,0.0062849600905034,Meal 2539 — Beverages (Thai)
67,2569,Salad,Italian,TYPE_B,7.0,145,241.53,339.56,0,0,757.0,150.0,341.75,9,2,1,98.03,0.2886971374720226,Meal 2569 — Salad (Italian)
67,2577,Starters,Thai,TYPE_B,7.0,145,319.13,321.13,0,0,337.0,378.0,341.25,13,3,1,2.0,0.0062280073490486,Meal 2577 — Starters (Thai)
67,2581,Pizza,Continental,TYPE_B,7.0,145,564.6,564.6,0,0,175.0,296.0,479.0,7,0,1,0.0,0.0,Meal 2581 — Pizza (Continental)
67,2631,Beverages,Indian,TYPE_B,7.0,145,162.02,161.02,0,0,134.0,95.0,138.25,0,1,1,-1.0,-0.0062104086448888,Meal 2631 — Beverages (Indian)
67,2640,Starters,Thai,TYPE_B,7.0,145,321.13,320.13,0,0,447.0,324.0,402.5,13,3,1,-1.0,-0.0031237309842876,Meal 2640 — Starters (Thai)
67,2664,Salad,Italian,TYPE_B,7.0,145,243.53,336.65,0,1,689.0,310.0,357.25,9,2,1,93.11999999999998,0.2766077528590523,Meal 2664 — Salad (Italian)
67,2704,Other Snacks,Thai,TYPE_B,7.0,145,321.13,321.13,0,0,231.0,285.0,312.0,5,3,1,0.0,0.0,Meal 2704 — Other Snacks (Thai)
67,2707,Beverages,Italian,TYPE_B,7.0,145,232.8,234.8,0,0,999.0,1039.0,1008.5,0,2,1,2.0,0.0085178875638841,Meal 2707 — Beverages (Italian)
67,2760,Other Snacks,Thai,TYPE_B,7.0,145,163.99,241.53,0,0,460.0,311.0,304.0,5,3,1,77.53999999999999,0.3210367242164534,Meal 2760 — Other Snacks (Thai)
67,2826,Sandwich,Italian,TYPE_B,7.0,145,377.33,378.33,0,0,716.0,690.0,739.25,10,2,1,1.0,0.0026431950942299,Meal 2826 — Sandwich (Italian)
67,2867,Seafood,Continental,TYPE_B,7.0,145,727.53,727.53,0,0,364.0,352.0,196.0,11,0,1,0.0,0.0,Meal 2867 — Seafood (Continental)
67,2956,Fish,Continental,TYPE_B,7.0,145,641.23,640.23,0,0,96.0,95.0,125.0,4,0,1,-1.0,-0.0015619386782874,Meal 2956 — Fish (Continental)
68,1062,Beverages,Italian,TYPE_B,4.1,145,158.17,155.23,1,0,257.0,337.0,378.5,0,2,1,-2.9399999999999977,-0.0189396379565805,Meal 1062 — Beverages (Italian)
68,1109,Rice Bowl,Indian,TYPE_B,4.1,145,288.12,289.12,0,0,487.0,568.0,536.75,8,1,1,1.0,0.0034587714443829,Meal 1109 — Rice Bowl (Indian)
68,1207,Beverages,Continental,TYPE_B,4.1,145,333.71,334.71,0,0,40.0,14.0,27.25,0,0,1,1.0,0.0029876609602342,Meal 1207 — Beverages (Continental)
68,1216,Pasta,Italian,TYPE_B,4.1,145,416.13,417.13,0,0,54.0,14.0,41.25,6,2,1,1.0,0.0023973341644091,Meal 1216 — Pasta (Italian)
68,1230,Beverages,Continental,TYPE_B,4.1,145,309.43,357.99,0,0,67.0,27.0,43.75,0,0,1,48.56,0.1356462471018743,Meal 1230 — Beverages (Continental)
68,1247,Biryani,Indian,TYPE_B,4.1,145,446.23,446.23,0,0,14.0,26.0,30.5,1,1,1,0.0,0.0,Meal 1247 — Biryani (Indian)
68,1248,Beverages,Indian,TYPE_B,4.1,144,154.26,153.26,0,0,55.0,15.0,48.0,0,1,1,-1.0,-0.0065248597155161,Meal 1248 — Beverages (Indian)
68,1445,Seafood,Continental,TYPE_B,4.1,145,692.64,691.64,0,0,69.0,109.0,79.0,11,0,1,-1.0,-0.0014458388757156,Meal 1445 — Seafood (Continental)
68,1525,Other Snacks,Thai,TYPE_B,4.1,145,320.13,320.13,0,0,163.0,134.0,149.0,5,3,1,0.0,0.0,Meal 1525 — Other Snacks (Thai)
68,1543,Desert,Indian,TYPE_B,4.1,145,482.09,483.09,0,0,68.0,189.0,102.0,2,1,1,1.0,0.0020700076590283,Meal 1543 — Desert (Indian)
68,1558,Pizza,Continental,TYPE_B,4.1,145,511.19,512.19,0,0,82.0,150.0,200.0,7,0,1,1.0000000000000568,0.0019524004763858,Meal 1558 — Pizza (Continental)
68,1571,Fish,Continental,TYPE_B,4.1,145,582.03,582.03,0,0,135.0,107.0,111.25,4,0,1,0.0,0.0,Meal 1571 — Fish (Continental)
68,1727,Rice Bowl,Indian,TYPE_B,4.1,145,423.95,422.95,0,0,189.0,135.0,156.0,8,1,1,-1.0,-0.0023643456673365,Meal 1727 — Rice Bowl (Indian)
68,1754,Sandwich,Italian,TYPE_B,4.1,145,291.03,290.03,0,0,567.0,447.0,546.75,10,2,1,-1.0,-0.0034479191807744,Meal 1754 — Sandwich (Italian)
68,1770,Biryani,Indian,TYPE_B,4.1,144,486.03,486.03,0,0,14.0,13.0,13.75,1,1,1,0.0,0.0,Meal 1770 — Biryani (Indian)
68,1778,Beverages,Italian,TYPE_B,4.1,145,161.05,152.32,1,0,190.0,69.0,172.75,0,2,1,-8.730000000000018,-0.0573135504201681,Meal 1778 — Beverages (Italian)
68,1878,Starters,Thai,TYPE_B,4.1,145,319.13,321.13,0,0,135.0,162.0,115.0,13,3,1,2.0,0.0062280073490486,Meal 1878 — Starters (Thai)
68,1885,Beverages,Thai,TYPE_B,4.1,145,119.31,121.31,0,0,378.0,311.0,335.0,0,3,1,2.0,0.0164866870002473,Meal 1885 — Beverages (Thai)
68,1902,Biryani,Indian,TYPE_B,4.1,145,447.23,447.23,0,0,53.0,42.0,34.0,1,1,1,0.0,0.0,Meal 1902 — Biryani (Indian)
68,1962,Pizza,Continental,TYPE_B,4.1,145,511.19,511.19,0,0,202.0,325.0,425.5,7,0,1,0.0,0.0,Meal 1962 — Pizza (Continental)
68,1971,Sandwich,Italian,TYPE_B,4.1,145,289.06,289.06,0,0,256.0,270.0,260.25,10,2,1,0.0,0.0,Meal 1971 — Sandwich (Italian)
68,1993,Beverages,Thai,TYPE_B,4.1,145,120.34,120.34,0,0,405.0,392.0,455.75,0,3,1,0.0,0.0,Meal 1993 — Beverages (Thai)
68,2104,Fish,Continental,TYPE_B,4.1,145,582.03,581.03,0,0,81.0,80.0,56.75,4,0,1,-1.0,-0.0017210815276319,Meal 2104 — Fish (Continental)
68,2126,Pasta,Italian,TYPE_B,4.1,145,437.53,509.31,0,1,26.0,27.0,50.5,6,2,1,71.78000000000003,0.1409357758536059,Meal 2126 — Pasta (Italian)
68,2139,Beverages,Indian,TYPE_B,4.1,145,283.24,284.24,0,0,53.0,28.0,64.25,0,1,1,1.0,0.0035181536729524,Meal 2139 — Beverages (Indian)
68,2290,Rice Bowl,Indian,TYPE_B,4.1,145,261.96,261.96,0,0,350.0,527.0,502.75,8,1,1,0.0,0.0,Meal 2290 — Rice Bowl (Indian)
68,2304,Desert,Indian,TYPE_B,4.1,145,483.09,482.09,0,0,54.0,80.0,57.0,2,1,1,-1.0,-0.0020743014789769,Meal 2304 — Desert (Indian)
68,2306,Pasta,Italian,TYPE_B,4.1,145,242.53,335.62,1,0,28.0,40.0,40.75,6,2,1,93.09,0.2773672605923366,Meal 2306 — Pasta (Italian)
68,2322,Beverages,Continental,TYPE_B,4.1,145,369.63,369.63,0,0,96.0,15.0,71.5,0,0,1,0.0,0.0,Meal 2322 — Beverages (Continental)
68,2444,Seafood,Continental,TYPE_B,4.1,145,727.53,727.53,0,0,67.0,81.0,61.25,11,0,1,0.0,0.0,Meal 2444 — Seafood (Continental)
68,2490,Salad,Italian,TYPE_B,4.1,145,280.36,279.36,0,0,136.0,189.0,138.75,9,2,1,-1.0,-0.0035796105383734,Meal 2490 — Salad (Italian)
68,2492,Desert,Indian,TYPE_B,4.1,145,446.23,445.23,0,0,53.0,54.0,54.0,2,1,1,-1.0,-0.0022460301417245,Meal 2492 — Desert (Indian)
68,2539,Beverages,Thai,TYPE_B,4.1,145,120.31,121.31,0,1,230.0,256.0,236.5,0,3,1,1.0,0.0082433435001236,Meal 2539 — Beverages (Thai)
68,2569,Salad,Italian,TYPE_B,4.1,145,245.44,338.53,0,0,338.0,108.0,195.75,9,2,1,93.08999999999996,0.2749830147992791,Meal 2569 — Salad (Italian)
68,2577,Starters,Thai,TYPE_B,4.1,145,319.13,321.13,0,0,13.0,69.0,54.25,13,3,1,2.0,0.0062280073490486,Meal 2577 — Starters (Thai)
68,2581,Pizza,Continental,TYPE_B,4.1,145,511.19,513.19,0,0,150.0,135.0,250.25,7,0,1,2.000000000000057,0.0038971920731114,Meal 2581 — Pizza (Continental)
68,2631,Beverages,Indian,TYPE_B,4.1,145,148.44,147.44,0,0,80.0,41.0,57.5,0,1,1,-1.0,-0.0067824199674443,Meal 2631 — Beverages (Indian)
68,2640,Starters,Thai,TYPE_B,4.1,145,320.13,321.13,0,0,96.0,95.0,119.0,13,3,1,1.0,0.0031140036745243,Meal 2640 — Starters (Thai)
68,2664,Salad,Italian,TYPE_B,4.1,145,247.38,340.53,0,0,258.0,190.0,200.5,9,2,1,93.14999999999998,0.2735441811294158,Meal 2664 — Salad (Italian)
68,2704,Other Snacks,Thai,TYPE_B,4.1,145,319.13,321.13,0,0,229.0,188.0,191.75,5,3,1,2.0,0.0062280073490486,Meal 2704 — Other Snacks (Thai)
68,2707,Beverages,Italian,TYPE_B,4.1,145,209.58,207.58,0,0,458.0,134.0,306.75,0,2,1,-2.0,-0.0096348395799209,Meal 2707 — Beverages (Italian)
68,2760,Other Snacks,Thai,TYPE_B,4.1,145,183.36,260.93,0,0,96.0,107.0,87.5,5,3,1,77.57,0.2972827961522247,Meal 2760 — Other Snacks (Thai)
68,2826,Sandwich,Italian,TYPE_B,4.1,145,327.92,325.92,0,0,176.0,271.0,229.75,10,2,1,-2.0,-0.0061364752086401,Meal 2826 — Sandwich (Italian)
68,2867,Seafood,Continental,TYPE_B,4.1,145,697.43,697.43,0,0,80.0,122.0,70.75,11,0,1,0.0,0.0,Meal 2867 — Seafood (Continental)
68,2956,Fish,Continental,TYPE_B,4.1,145,581.03,581.03,0,0,96.0,135.0,132.0,4,0,1,0.0,0.0,Meal 2956 — Fish (Continental)
72,1062,Beverages,Italian,TYPE_C,3.9,145,188.24,187.24,0,0,460.0,512.0,489.25,0,2,2,-1.0,-0.0053407391582995,Meal 1062 — Beverages (Italian)
72,1109,Rice Bowl,Indian,TYPE_C,3.9,145,309.43,311.43,0,0,607.0,594.0,577.75,8,1,2,2.0,0.0064219888899592,Meal 1109 — Rice Bowl (Indian)
72,1198,Extras,Thai,TYPE_C,3.9,141,171.75,338.53,0,0,14.0,40.0,47.25,3,3,2,166.77999999999997,0.4926594393406788,Meal 1198 — Extras (Thai)
72,1207,Beverages,Continental,TYPE_C,3.9,145,386.06,386.06,0,0,150.0,379.0,186.0,0,0,2,0.0,0.0,Meal 1207 — Beverages (Continental)
72,1216,Pasta,Italian,TYPE_C,3.9,145,416.13,418.13,0,0,80.0,189.0,87.5,6,2,2,2.0,0.0047832013966948,Meal 1216 — Pasta (Italian)
72,1230,Beverages,Continental,TYPE_C,3.9,145,410.34,411.34,0,0,189.0,108.0,165.25,0,0,2,1.0,0.0024310789128215,Meal 1230 — Beverages (Continental)
72,1247,Biryani,Indian,TYPE_C,3.9,143,446.23,445.23,0,0,13.0,26.0,23.5,1,1,2,-1.0,-0.0022460301417245,Meal 1247 — Biryani (Indian)
72,1248,Beverages,Indian,TYPE_C,3.9,145,160.11,158.11,0,0,68.0,27.0,50.5,0,1,2,-2.0,-0.012649421288976,Meal 1248 — Beverages (Indian)
72,1311,Extras,Thai,TYPE_C,3.9,145,146.5,340.53,0,0,82.0,14.0,37.25,3,3,2,194.03,0.569788271224268,Meal 1311 — Extras (Thai)
72,1438,Soup,Thai,TYPE_C,3.9,145,196.0,194.0,0,0,122.0,13.0,78.25,12,3,2,-2.0,-0.0103092783505154,Meal 1438 — Soup (Thai)
72,1445,Seafood,Continental,TYPE_C,3.9,144,484.03,728.53,1,0,311.0,13.0,101.25,11,0,2,244.5,0.3356073188475423,Meal 1445 — Seafood (Continental)
72,1525,Other Snacks,Thai,TYPE_C,3.9,145,319.13,320.13,0,0,82.0,80.0,74.0,5,3,2,1.0,0.0031237309842876,Meal 1525 — Other Snacks (Thai)
72,1543,Desert,Indian,TYPE_C,3.9,145,485.03,484.03,0,0,40.0,41.0,37.5,2,1,2,-1.0,-0.0020659876453938,Meal 1543 — Desert (Indian)
72,1558,Pizza,Continental,TYPE_C,3.9,145,562.63,562.63,0,0,256.0,148.0,367.75,7,0,2,0.0,0.0,Meal 1558 — Pizza (Continental)
72,1571,Fish,Continental,TYPE_C,3.9,145,641.23,640.23,0,0,41.0,108.0,88.25,4,0,2,-1.0,-0.0015619386782874,Meal 1571 — Fish (Continental)
72,1727,Rice Bowl,Indian,TYPE_C,3.9,145,466.63,466.63,0,0,445.0,339.0,351.0,8,1,2,0.0,0.0,Meal 1727 — Rice Bowl (Indian)
72,1754,Sandwich,Italian,TYPE_C,3.9,145,320.16,318.16,0,0,810.0,757.0,688.75,10,2,2,-2.0,-0.0062861453356801,Meal 1754 — Sandwich (Italian)
72,1770,Biryani,Indian,TYPE_C,3.9,140,486.03,486.03,0,0,13.0,15.0,17.25,1,1,2,0.0,0.0,Meal 1770 — Biryani (Indian)
72,1778,Beverages,Italian,TYPE_C,3.9,145,193.06,194.06,0,0,620.0,501.0,469.25,0,2,2,1.0,0.0051530454498608,Meal 1778 — Beverages (Italian)
72,1803,Extras,Thai,TYPE_C,3.9,145,188.18,283.27,0,0,80.0,109.0,128.0,3,3,2,95.08999999999996,0.3356868005789529,Meal 1803 — Extras (Thai)
72,1847,Soup,Thai,TYPE_C,3.9,145,196.0,195.0,0,0,69.0,69.0,88.75,12,3,2,-1.0,-0.0051282051282051,Meal 1847 — Soup (Thai)
72,1878,Starters,Thai,TYPE_C,3.9,144,320.13,319.13,0,0,42.0,42.0,48.5,13,3,2,-1.0,-0.0031335192554758,Meal 1878 — Starters (Thai)
72,1885,Beverages,Thai,TYPE_C,3.9,145,158.11,152.35,0,1,716.0,877.0,830.0,0,3,2,-5.760000000000019,-0.0378076796849361,Meal 1885 — Beverages (Thai)
72,1902,Biryani,Indian,TYPE_C,3.9,144,445.23,447.23,0,0,14.0,15.0,14.25,1,1,2,2.0,0.0044719719160163,Meal 1902 — Biryani (Indian)
72,1962,Pizza,Continental,TYPE_C,3.9,145,562.6,564.6,0,0,256.0,393.0,621.25,7,0,2,2.0,0.0035423308537017,Meal 1962 — Pizza (Continental)
72,1971,Sandwich,Italian,TYPE_C,3.9,145,346.35,346.35,0,0,202.0,203.0,161.75,10,2,2,0.0,0.0,Meal 1971 — Sandwich (Italian)
72,1993,Beverages,Thai,TYPE_C,3.9,145,158.11,145.5,0,1,608.0,689.0,664.75,0,3,2,-12.610000000000014,-0.0866666666666667,Meal 1993 — Beverages (Thai)
72,2126,Pasta,Italian,TYPE_C,3.9,145,453.02,507.31,0,1,15.0,40.0,33.75,6,2,2,54.29000000000002,0.1070154343498058,Meal 2126 — Pasta (Italian)
72,2139,Beverages,Indian,TYPE_C,3.9,145,291.03,292.03,0,0,13.0,15.0,21.25,0,1,2,1.0,0.0034243057220148,Meal 2139 — Beverages (Indian)
72,2290,Rice Bowl,Indian,TYPE_C,3.9,145,297.79,297.79,0,0,702.0,458.0,516.25,8,1,2,0.0,0.0,Meal 2290 — Rice Bowl (Indian)
72,2304,Desert,Indian,TYPE_C,3.9,145,486.03,485.03,0,0,14.0,28.0,21.0,2,1,2,-1.0,-0.0020617281405273,Meal 2304 — Desert (Indian)
72,2306,Pasta,Italian,TYPE_C,3.9,145,242.5,336.62,1,0,13.0,27.0,40.25,6,2,2,94.12,0.279603113302834,Meal 2306 — Pasta (Italian)
72,2322,Beverages,Continental,TYPE_C,3.9,145,388.0,388.0,0,0,215.0,175.0,185.5,0,0,2,0.0,0.0,Meal 2322 — Beverages (Continental)
72,2444,Seafood,Continental,TYPE_C,3.9,144,485.03,728.53,1,1,204.0,15.0,78.5,11,0,2,243.5,0.3342346917765912,Meal 2444 — Seafood (Continental)
72,2490,Salad,Italian,TYPE_C,3.9,145,290.03,291.03,0,0,323.0,540.0,347.0,9,2,2,1.0,0.0034360718826237,Meal 2490 — Salad (Italian)
72,2492,Desert,Indian,TYPE_C,3.9,145,389.03,387.03,0,0,14.0,14.0,17.0,2,1,2,-2.0,-0.0051675580704338,Meal 2492 — Desert (Indian)
72,2494,Soup,Thai,TYPE_C,3.9,145,195.0,195.0,0,0,108.0,81.0,91.0,12,3,2,0.0,0.0,Meal 2494 — Soup (Thai)
72,2539,Beverages,Thai,TYPE_C,3.9,145,157.14,157.14,0,0,392.0,364.0,283.25,0,3,2,0.0,0.0,Meal 2539 — Beverages (Thai)
72,2569,Salad,Italian,TYPE_C,3.9,145,243.53,338.56,0,0,271.0,270.0,330.5,9,2,2,95.03,0.2806887996219281,Meal 2569 — Salad (Italian)
72,2577,Starters,Thai,TYPE_C,3.9,145,321.13,321.13,0,0,41.0,55.0,71.5,13,3,2,0.0,0.0,Meal 2577 — Starters (Thai)
72,2581,Pizza,Continental,TYPE_C,3.9,145,564.6,562.6,0,0,149.0,365.0,496.75,7,0,2,-2.0,-0.0035549235691432,Meal 2581 — Pizza (Continental)
72,2631,Beverages,Indian,TYPE_C,3.9,145,163.93,164.93,0,0,26.0,13.0,47.25,0,1,2,1.0,0.0060631783180743,Meal 2631 — Beverages (Indian)
72,2640,Starters,Thai,TYPE_C,3.9,145,321.13,319.13,0,0,81.0,26.0,53.75,13,3,2,-2.0,-0.0062670385109516,Meal 2640 — Starters (Thai)
72,2664,Salad,Italian,TYPE_C,3.9,145,247.35,339.56,0,0,433.0,323.0,337.75,9,2,2,92.21,0.2715573094593003,Meal 2664 — Salad (Italian)
72,2704,Other Snacks,Thai,TYPE_C,3.9,143,320.13,321.13,0,0,28.0,28.0,47.5,5,3,2,1.0,0.0031140036745243,Meal 2704 — Other Snacks (Thai)
72,2707,Beverages,Italian,TYPE_C,3.9,145,239.62,238.62,0,0,770.0,553.0,641.5,0,2,2,-1.0,-0.0041907635571201,Meal 2707 — Beverages (Italian)
72,2760,Other Snacks,Thai,TYPE_C,3.9,145,161.99,242.53,0,0,69.0,15.0,30.75,5,3,2,80.53999999999999,0.3320826289531192,Meal 2760 — Other Snacks (Thai)
72,2826,Sandwich,Italian,TYPE_C,3.9,145,379.33,379.33,0,0,567.0,933.0,753.75,10,2,2,0.0,0.0,Meal 2826 — Sandwich (Italian)
72,2867,Seafood,Continental,TYPE_C,3.9,144,486.03,727.53,1,0,80.0,13.0,40.0,11,0,2,241.5,0.3319450744299204,Meal 2867 — Seafood (Continental)
72,2956,Fish,Continental,TYPE_C,3.9,141,591.73,592.73,0,0,41.0,15.0,21.5,4,0,2,1.0,0.0016871088016466,Meal 2956 — Fish (Continental)
73,1062,Beverages,Italian,TYPE_A,4.0,145,146.53,154.29,1,1,270.0,150.0,226.75,0,2,0,7.759999999999991,0.0502948992157624,Meal 1062 — Beverages (Italian)
73,1109,Rice Bowl,Indian,TYPE_A,4.0,145,262.87,263.87,0,0,379.0,366.0,277.75,8,1,0,1.0,0.0037897449501648,Meal 1109 — Rice Bowl (Indian)
73,1207,Beverages,Continental,TYPE_A,4.0,145,367.63,368.63,0,0,94.0,96.0,81.25,0,0,0,1.0,0.0027127471990885,Meal 1207 — Beverages (Continental)
73,1216,Pasta,Italian,TYPE_A,4.0,145,416.13,416.13,0,0,28.0,81.0,40.75,6,2,0,0.0,0.0,Meal 1216 — Pasta (Italian)
73,1230,Beverages,Continental,TYPE_A,4.0,145,356.96,356.96,0,0,69.0,28.0,58.25,0,0,0,0.0,0.0,Meal 1230 — Beverages (Continental)
73,1247,Biryani,Indian,TYPE_A,4.0,145,445.23,447.23,0,0,15.0,26.0,20.25,1,1,0,2.0,0.0044719719160163,Meal 1247 — Biryani (Indian)
73,1248,Beverages,Indian,TYPE_A,4.0,145,155.26,155.26,0,0,69.0,26.0,51.5,0,1,0,0.0,0.0,Meal 1248 — Beverages (Indian)
73,1445,Seafood,Continental,TYPE_A,4.0,144,582.03,726.53,1,0,27.0,41.0,24.0,11,0,0,144.5,0.1988906170426548,Meal 1445 — Seafood (Continental)
73,1525,Other Snacks,Thai,TYPE_A,4.0,145,321.13,319.13,0,0,14.0,15.0,24.0,5,3,0,-2.0,-0.0062670385109516,Meal 1525 — Other Snacks (Thai)
73,1543,Desert,Indian,TYPE_A,4.0,145,484.09,483.09,0,0,149.0,96.0,142.25,2,1,0,-1.0,-0.0020700076590283,Meal 1543 — Desert (Indian)
73,1558,Pizza,Continental,TYPE_A,4.0,145,512.19,513.19,0,0,231.0,148.0,293.75,7,0,0,1.0,0.0019485960365556,Meal 1558 — Pizza (Continental)
73,1727,Rice Bowl,Indian,TYPE_A,4.0,145,382.18,384.18,0,0,202.0,217.0,189.25,8,1,0,2.0,0.0052058930709563,Meal 1727 — Rice Bowl (Indian)
73,1754,Sandwich,Italian,TYPE_A,4.0,145,292.03,292.03,0,0,635.0,446.0,513.5,10,2,0,0.0,0.0,Meal 1754 — Sandwich (Italian)
73,1770,Biryani,Indian,TYPE_A,4.0,145,440.38,442.38,0,0,13.0,15.0,17.25,1,1,0,2.0,0.00452100004521,Meal 1770 — Biryani (Indian)
73,1778,Beverages,Italian,TYPE_A,4.0,145,159.08,156.17,1,1,190.0,216.0,172.5,0,2,0,-2.910000000000025,-0.0186335403726709,Meal 1778 — Beverages (Italian)
73,1878,Starters,Thai,TYPE_A,4.0,144,321.13,320.13,0,0,53.0,13.0,36.5,13,3,0,-1.0,-0.0031237309842876,Meal 1878 — Starters (Thai)
73,1885,Beverages,Thai,TYPE_A,4.0,145,118.34,119.34,0,0,297.0,258.0,267.25,0,3,0,1.0,0.008379420144126,Meal 1885 — Beverages (Thai)
73,1902,Biryani,Indian,TYPE_A,4.0,143,445.23,446.23,0,0,28.0,15.0,20.75,1,1,0,1.0,0.0022409967953745,Meal 1902 — Biryani (Indian)
73,1962,Pizza,Continental,TYPE_A,4.0,145,512.19,512.19,0,0,163.0,269.0,350.5,7,0,0,0.0,0.0,Meal 1962 — Pizza (Continental)
73,1971,Sandwich,Italian,TYPE_A,4.0,145,290.06,290.06,0,0,433.0,337.0,284.0,10,2,0,0.0,0.0,Meal 1971 — Sandwich (Italian)
73,1993,Beverages,Thai,TYPE_A,4.0,145,121.31,120.31,0,0,283.0,256.0,260.0,0,3,0,-1.0,-0.0083118610256836,Meal 1993 — Beverages (Thai)
73,2126,Pasta,Italian,TYPE_A,4.0,143,509.31,508.31,0,0,15.0,41.0,44.75,6,2,0,-1.0,-0.001967303417206,Meal 2126 — Pasta (Italian)
73,2139,Beverages,Indian,TYPE_A,4.0,145,291.03,291.03,0,0,42.0,15.0,28.0,0,1,0,0.0,0.0,Meal 2139 — Beverages (Indian)
73,2290,Rice Bowl,Indian,TYPE_A,4.0,145,254.17,253.17,0,0,540.0,446.0,519.75,8,1,0,-1.0,-0.0039499150768258,Meal 2290 — Rice Bowl (Indian)
73,2304,Desert,Indian,TYPE_A,4.0,145,483.09,482.09,0,1,95.0,42.0,61.75,2,1,0,-1.0,-0.0020743014789769,Meal 2304 — Desert (Indian)
73,2306,Pasta,Italian,TYPE_A,4.0,145,272.57,336.62,1,0,14.0,40.0,40.75,6,2,0,64.05000000000001,0.1902738993523855,Meal 2306 — Pasta (Italian)
73,2322,Beverages,Continental,TYPE_A,4.0,145,359.87,360.87,0,0,162.0,94.0,101.25,0,0,0,1.0,0.0027710809986975,Meal 2322 — Beverages (Continental)
73,2444,Seafood,Continental,TYPE_A,4.0,145,726.53,727.53,0,0,27.0,27.0,20.75,11,0,0,1.0,0.0013745137657553,Meal 2444 — Seafood (Continental)
73,2490,Salad,Italian,TYPE_A,4.0,145,281.36,279.36,0,0,217.0,189.0,155.75,9,2,0,-2.0,-0.0071592210767468,Meal 2490 — Salad (Italian)
73,2492,Desert,Indian,TYPE_A,4.0,145,447.23,445.23,0,0,28.0,27.0,47.5,2,1,0,-2.0,-0.004492060283449,Meal 2492 — Desert (Indian)
73,2539,Beverages,Thai,TYPE_A,4.0,145,117.37,117.37,0,0,67.0,40.0,70.25,0,3,0,0.0,0.0,Meal 2539 — Beverages (Thai)
73,2569,Salad,Italian,TYPE_A,4.0,145,243.5,339.53,0,0,701.0,393.0,418.5,9,2,0,96.02999999999996,0.2828321503254498,Meal 2569 — Salad (Italian)
73,2577,Starters,Thai,TYPE_A,4.0,145,319.13,320.13,0,0,15.0,13.0,33.75,13,3,0,1.0,0.0031237309842876,Meal 2577 — Starters (Thai)
73,2581,Pizza,Continental,TYPE_A,4.0,145,511.19,512.19,0,0,121.0,229.0,252.75,7,0,0,1.0000000000000568,0.0019524004763858,Meal 2581 — Pizza (Continental)
73,2631,Beverages,Indian,TYPE_A,4.0,145,151.35,151.35,0,0,68.0,41.0,68.25,0,1,0,0.0,0.0,Meal 2631 — Beverages (Indian)
73,2640,Starters,Thai,TYPE_A,4.0,145,321.13,320.13,0,0,42.0,81.0,47.5,13,3,0,-1.0,-0.0031237309842876,Meal 2640 — Starters (Thai)
73,2664,Salad,Italian,TYPE_A,4.0,145,234.8,340.53,0,0,405.0,231.0,240.75,9,2,0,105.72999999999996,0.3104865944263353,Meal 2664 — Salad (Italian)
73,2704,Other Snacks,Thai,TYPE_A,4.0,145,321.13,319.13,0,0,69.0,41.0,65.25,5,3,0,-2.0,-0.0062670385109516,Meal 2704 — Other Snacks (Thai)
73,2707,Beverages,Italian,TYPE_A,4.0,145,209.58,207.58,0,0,69.0,215.0,149.0,0,2,0,-2.0,-0.0096348395799209,Meal 2707 — Beverages (Italian)
73,2760,Other Snacks,Thai,TYPE_A,4.0,145,184.36,260.93,0,1,67.0,53.0,46.75,5,3,0,76.57,0.2934503506687617,Meal 2760 — Other Snacks (Thai)
73,2826,Sandwich,Italian,TYPE_A,4.0,145,327.92,325.92,0,0,175.0,80.0,114.75,10,2,0,-2.0,-0.0061364752086401,Meal 2826 — Sandwich (Italian)
73,2867,Seafood,Continental,TYPE_A,4.0,145,728.53,726.53,0,0,42.0,26.0,30.5,11,0,0,-2.0,-0.0027528113085488,Meal 2867 — Seafood (Continental)
74,1062,Beverages,Italian,TYPE_A,2.8,145,166.84,152.35,1,1,203.0,217.0,189.25,0,2,0,-14.490000000000007,-0.0951099442074172,Meal 1062 — Beverages (Italian)
74,1109,Rice Bowl,Indian,TYPE_A,2.8,145,295.85,295.85,0,0,177.0,284.0,165.75,8,1,0,0.0,0.0,Meal 1109 — Rice Bowl (Indian)
74,1207,Beverages,Continental,TYPE_A,2.8,145,360.9,359.9,0,0,95.0,42.0,102.25,0,0,0,-1.0,-0.0027785495971103,Meal 1207 — Beverages (Continental)
74,1216,Pasta,Italian,TYPE_A,2.8,144,290.03,416.13,0,0,40.0,26.0,30.25,6,2,0,126.10000000000002,0.3030303030303031,Meal 1216 — Pasta (Italian)
74,1230,Beverages,Continental,TYPE_A,2.8,145,354.08,353.08,0,0,67.0,41.0,77.75,0,0,0,-1.0,-0.0028322193270646,Meal 1230 — Beverages (Continental)
74,1247,Biryani,Indian,TYPE_A,2.8,145,445.23,446.23,0,0,13.0,26.0,20.25,1,1,0,1.0,0.0022409967953745,Meal 1247 — Biryani (Indian)
74,1248,Beverages,Indian,TYPE_A,2.8,145,153.26,153.26,0,0,27.0,69.0,48.0,0,1,0,0.0,0.0,Meal 1248 — Beverages (Indian)
74,1445,Seafood,Continental,TYPE_A,2.8,144,581.03,728.53,1,1,53.0,14.0,24.0,11,0,0,147.5,0.2024624929652862,Meal 1445 — Seafood (Continental)
74,1525,Other Snacks,Thai,TYPE_A,2.8,145,321.13,320.13,0,0,15.0,40.0,24.0,5,3,0,-1.0,-0.0031237309842876,Meal 1525 — Other Snacks (Thai)
74,1543,Desert,Indian,TYPE_A,2.8,145,484.09,484.09,0,0,27.0,41.0,30.5,2,1,0,0.0,0.0,Meal 1543 — Desert (Indian)
74,1558,Pizza,Continental,TYPE_A,2.8,145,513.19,512.19,0,0,161.0,135.0,273.0,7,0,0,-1.0,-0.0019524004763857,Meal 1558 — Pizza (Continental)
74,1571,Fish,Continental,TYPE_A,2.8,145,582.03,581.03,0,0,28.0,67.0,61.0,4,0,0,-1.0,-0.0017210815276319,Meal 1571 — Fish (Continental)
74,1727,Rice Bowl,Indian,TYPE_A,2.8,145,423.95,422.95,0,0,122.0,107.0,101.0,8,1,0,-1.0,-0.0023643456673365,Meal 1727 — Rice Bowl (Indian)
74,1754,Sandwich,Italian,TYPE_A,2.8,145,288.09,288.09,0,0,350.0,311.0,330.25,10,2,0,0.0,0.0,Meal 1754 — Sandwich (Italian)
74,1770,Biryani,Indian,TYPE_A,2.8,145,454.93,454.93,0,0,14.0,15.0,14.75,1,1,0,0.0,0.0,Meal 1770 — Biryani (Indian)
74,1778,Beverages,Italian,TYPE_A,2.8,145,174.66,152.32,1,1,134.0,177.0,132.5,0,2,0,-22.340000000000003,-0.1466649159663866,Meal 1778 — Beverages (Italian)
74,1878,Starters,Thai,TYPE_A,2.8,145,320.13,319.13,0,0,67.0,40.0,50.5,13,3,0,-1.0,-0.0031335192554758,Meal 1878 — Starters (Thai)
74,1885,Beverages,Thai,TYPE_A,2.8,145,119.34,118.34,0,0,177.0,204.0,237.25,0,3,0,-1.0,-0.0084502281561602,Meal 1885 — Beverages (Thai)
74,1902,Biryani,Indian,TYPE_A,2.8,139,388.03,445.23,0,0,41.0,15.0,21.25,1,1,0,57.200000000000045,0.1284729241066416,Meal 1902 — Biryani (Indian)
74,1962,Pizza,Continental,TYPE_A,2.8,145,511.19,513.19,0,0,243.0,149.0,317.25,7,0,0,2.000000000000057,0.0038971920731114,Meal 1962 — Pizza (Continental)
74,1971,Sandwich,Italian,TYPE_A,2.8,145,292.03,292.03,0,0,242.0,161.0,144.5,10,2,0,0.0,0.0,Meal 1971 — Sandwich (Italian)
74,1993,Beverages,Thai,TYPE_A,2.8,145,119.31,121.31,0,0,269.0,162.0,206.25,0,3,0,2.0,0.0164866870002473,Meal 1993 — Beverages (Thai)
74,2104,Fish,Continental,TYPE_A,2.8,145,605.28,607.28,0,0,82.0,14.0,41.25,4,0,0,2.0,0.0032933737320511,Meal 2104 — Fish (Continental)
74,2126,Pasta,Italian,TYPE_A,2.8,145,436.53,507.31,0,0,68.0,13.0,27.5,6,2,0,70.78000000000003,0.1395202144645286,Meal 2126 — Pasta (Italian)
74,2139,Beverages,Indian,TYPE_A,2.8,145,282.33,280.33,0,0,27.0,14.0,17.5,0,1,0,-2.0,-0.0071344486854778,Meal 2139 — Beverages (Indian)
74,2290,Rice Bowl,Indian,TYPE_A,2.8,145,260.96,260.96,0,0,350.0,459.0,364.75,8,1,0,0.0,0.0,Meal 2290 — Rice Bowl (Indian)
74,2304,Desert,Indian,TYPE_A,2.8,145,484.09,484.09,0,0,15.0,27.0,18.0,2,1,0,0.0,0.0,Meal 2304 — Desert (Indian)
74,2306,Pasta,Italian,TYPE_A,2.8,145,241.53,335.62,1,0,14.0,54.0,27.75,6,2,0,94.09,0.2803468208092485,Meal 2306 — Pasta (Italian)
74,2322,Beverages,Continental,TYPE_A,2.8,145,363.81,361.81,0,0,41.0,28.0,41.0,0,0,0,-2.0,-0.0055277631906249,Meal 2322 — Beverages (Continental)
74,2444,Seafood,Continental,TYPE_A,2.8,145,581.03,726.53,0,0,54.0,42.0,30.5,11,0,0,145.5,0.2002670226969292,Meal 2444 — Seafood (Continental)
74,2490,Salad,Italian,TYPE_A,2.8,145,279.36,281.36,0,0,95.0,148.0,158.75,9,2,0,2.0,0.0071083309638896,Meal 2490 — Salad (Italian)
74,2492,Desert,Indian,TYPE_A,2.8,145,447.23,447.23,0,0,14.0,41.0,30.5,2,1,0,0.0,0.0,Meal 2492 — Desert (Indian)
74,2539,Beverages,Thai,TYPE_A,2.8,145,122.25,123.25,0,0,95.0,27.0,81.25,0,3,0,1.0,0.0081135902636916,Meal 2539 — Beverages (Thai)
74,2569,Salad,Italian,TYPE_A,2.8,145,248.32,285.24,0,0,150.0,244.0,155.75,9,2,0,36.920000000000016,0.1294348618707054,Meal 2569 — Salad (Italian)
74,2577,Starters,Thai,TYPE_A,2.8,142,321.13,321.13,0,0,53.0,15.0,44.25,13,3,0,0.0,0.0,Meal 2577 — Starters (Thai)
74,2581,Pizza,Continental,TYPE_A,2.8,145,512.19,512.19,0,0,95.0,28.0,189.5,7,0,0,0.0,0.0,Meal 2581 — Pizza (Continental)
74,2631,Beverages,Indian,TYPE_A,2.8,145,153.26,155.26,0,0,81.0,53.0,64.5,0,1,0,2.0,0.0128816179312121,Meal 2631 — Beverages (Indian)
74,2640,Starters,Thai,TYPE_A,2.8,145,321.13,321.13,0,0,135.0,68.0,81.25,13,3,0,0.0,0.0,Meal 2640 — Starters (Thai)
74,2664,Salad,Italian,TYPE_A,2.8,145,250.32,284.24,0,0,204.0,269.0,209.0,9,2,0,33.920000000000016,0.1193357725865466,Meal 2664 — Salad (Italian)
74,2704,Other Snacks,Thai,TYPE_A,2.8,145,319.13,319.13,0,0,15.0,15.0,17.5,5,3,0,0.0,0.0,Meal 2704 — Other Snacks (Thai)
74,2707,Beverages,Italian,TYPE_A,2.8,145,208.61,207.61,0,0,177.0,188.0,212.75,0,2,0,-1.0,-0.0048167236645633,Meal 2707 — Beverages (Italian)
74,2760,Other Snacks,Thai,TYPE_A,2.8,145,184.36,261.93,0,1,14.0,15.0,14.75,5,3,0,77.57,0.2961478257549726,Meal 2760 — Other Snacks (Thai)
74,2826,Sandwich,Italian,TYPE_A,2.8,145,325.92,326.92,0,0,242.0,177.0,199.75,10,2,0,1.0,0.00305885231861,Meal 2826 — Sandwich (Italian)
74,2867,Seafood,Continental,TYPE_A,2.8,144,581.03,726.53,1,1,28.0,53.0,27.5,11,0,0,145.5,0.2002670226969292,Meal 2867 — Seafood (Continental)
74,2956,Fish,Continental,TYPE_A,2.8,145,581.03,582.03,0,0,42.0,42.0,57.75,4,0,0,1.0,0.0017181244953009,Meal 2956 — Fish (Continental)
75,1062,Beverages,Italian,TYPE_B,4.7,145,158.11,152.32,1,0,581.0,541.0,632.25,0,2,1,-5.7900000000000205,-0.0380120798319329,Meal 1062 — Beverages (Italian)
75,1109,Rice Bowl,Indian,TYPE_B,4.7,145,310.43,311.43,0,0,823.0,796.0,776.0,8,1,1,1.0,0.0032109944449796,Meal 1109 — Rice Bowl (Indian)
75,1207,Beverages,Continental,TYPE_B,4.7,145,325.98,325.98,0,0,81.0,41.0,68.0,0,0,1,0.0,0.0,Meal 1207 — Beverages (Continental)
75,1216,Pasta,Italian,TYPE_B,4.7,145,413.25,414.25,0,0,215.0,230.0,176.0,6,2,1,1.0,0.0024140012070006,Meal 1216 — Pasta (Italian)
75,1230,Beverages,Continental,TYPE_B,4.7,145,356.05,354.05,0,0,136.0,123.0,121.75,0,0,1,-2.0,-0.005648919644118,Meal 1230 — Beverages (Continental)
75,1247,Biryani,Indian,TYPE_B,4.7,145,447.23,447.23,0,0,67.0,42.0,34.0,1,1,1,0.0,0.0,Meal 1247 — Biryani (Indian)
75,1248,Beverages,Indian,TYPE_B,4.7,145,152.32,152.32,0,0,68.0,68.0,78.25,0,1,1,0.0,0.0,Meal 1248 — Beverages (Indian)
75,1445,Seafood,Continental,TYPE_B,4.7,145,726.53,727.53,0,0,190.0,257.0,166.25,11,0,1,1.0,0.0013745137657553,Meal 1445 — Seafood (Continental)
75,1525,Other Snacks,Thai,TYPE_B,4.7,145,319.13,321.13,0,0,149.0,242.0,206.5,5,3,1,2.0,0.0062280073490486,Meal 1525 — Other Snacks (Thai)
75,1543,Desert,Indian,TYPE_B,4.7,145,482.09,482.09,0,0,96.0,175.0,131.75,2,1,1,0.0,0.0,Meal 1543 — Desert (Indian)
75,1558,Pizza,Continental,TYPE_B,4.7,145,548.08,549.08,0,0,150.0,107.0,260.75,7,0,1,1.0,0.0018212282363225,Meal 1558 — Pizza (Continental)
75,1571,Fish,Continental,TYPE_B,4.7,145,581.03,583.03,0,0,149.0,231.0,243.5,4,0,1,2.0,0.0034303552132823,Meal 1571 — Fish (Continental)
75,1727,Rice Bowl,Indian,TYPE_B,4.7,145,447.23,447.23,0,0,175.0,366.0,277.0,8,1,1,0.0,0.0,Meal 1727 — Rice Bowl (Indian)
75,1754,Sandwich,Italian,TYPE_B,4.7,145,330.83,328.83,0,0,555.0,622.0,520.0,10,2,1,-2.0,-0.0060821701182982,Meal 1754 — Sandwich (Italian)
75,1770,Biryani,Indian,TYPE_B,4.7,145,441.38,442.38,0,0,40.0,28.0,40.75,1,1,1,1.0,0.002260500022605,Meal 1770 — Biryani (Indian)
75,1778,Beverages,Italian,TYPE_B,4.7,145,162.99,160.11,1,0,243.0,312.0,244.0,0,2,1,-2.8799999999999955,-0.0179876335019673,Meal 1778 — Beverages (Italian)
75,1878,Starters,Thai,TYPE_B,4.7,145,321.13,319.13,0,0,379.0,351.0,270.25,13,3,1,-2.0,-0.0062670385109516,Meal 1878 — Starters (Thai)
75,1885,Beverages,Thai,TYPE_B,4.7,145,137.8,135.8,0,0,486.0,487.0,426.25,0,3,1,-2.0,-0.0147275405007363,Meal 1885 — Beverages (Thai)
75,1902,Biryani,Indian,TYPE_B,4.7,145,446.23,445.23,0,0,41.0,42.0,55.0,1,1,1,-1.0,-0.0022460301417245,Meal 1902 — Biryani (Indian)
75,1962,Pizza,Continental,TYPE_B,4.7,145,548.08,548.08,0,0,257.0,446.0,557.0,7,0,1,0.0,0.0,Meal 1962 — Pizza (Continental)
75,1971,Sandwich,Italian,TYPE_B,4.7,145,329.86,328.86,0,0,122.0,149.0,135.5,10,2,1,-1.0,-0.0030408076385087,Meal 1971 — Sandwich (Italian)
75,1993,Beverages,Thai,TYPE_B,4.7,145,135.86,135.86,0,0,472.0,339.0,392.0,0,3,1,0.0,0.0,Meal 1993 — Beverages (Thai)
75,2104,Fish,Continental,TYPE_B,4.7,145,581.03,583.03,0,0,121.0,162.0,121.75,4,0,1,2.0,0.0034303552132823,Meal 2104 — Fish (Continental)
75,2126,Pasta,Italian,TYPE_B,4.7,145,436.53,492.79,0,0,122.0,42.0,85.5,6,2,1,56.26000000000005,0.1141662777247915,Meal 2126 — Pasta (Italian)
75,2139,Beverages,Indian,TYPE_B,4.7,145,291.03,292.03,0,0,67.0,42.0,77.75,0,1,1,1.0,0.0034243057220148,Meal 2139 — Beverages (Indian)
75,2290,Rice Bowl,Indian,TYPE_B,4.7,145,284.24,284.24,0,0,771.0,825.0,854.75,8,1,1,0.0,0.0,Meal 2290 — Rice Bowl (Indian)
75,2304,Desert,Indian,TYPE_B,4.7,145,482.09,483.09,0,0,96.0,94.0,105.0,2,1,1,1.0,0.0020700076590283,Meal 2304 — Desert (Indian)
75,2306,Pasta,Italian,TYPE_B,4.7,145,266.81,335.62,1,0,15.0,40.0,65.0,6,2,1,68.81,0.2050235385257136,Meal 2306 — Pasta (Italian)
75,2322,Beverages,Continental,TYPE_B,4.7,145,353.11,352.11,0,0,68.0,123.0,68.75,0,0,1,-1.0,-0.002840021584164,Meal 2322 — Beverages (Continental)
75,2444,Seafood,Continental,TYPE_B,4.7,145,728.53,728.53,0,0,175.0,107.0,94.0,11,0,1,0.0,0.0,Meal 2444 — Seafood (Continental)
75,2490,Salad,Italian,TYPE_B,4.7,145,290.03,290.03,0,0,188.0,109.0,151.75,9,2,1,0.0,0.0,Meal 2490 — Salad (Italian)
75,2492,Desert,Indian,TYPE_B,4.7,145,455.93,455.93,0,0,42.0,55.0,51.5,2,1,1,0.0,0.0,Meal 2492 — Desert (Indian)
75,2539,Beverages,Thai,TYPE_B,4.7,145,142.65,142.65,0,0,161.0,177.0,169.25,0,3,1,0.0,0.0,Meal 2539 — Beverages (Thai)
75,2569,Salad,Italian,TYPE_B,4.7,145,238.62,323.07,0,0,852.0,310.0,479.5,9,2,1,84.44999999999999,0.2613984585383972,Meal 2569 — Salad (Italian)
75,2577,Starters,Thai,TYPE_B,4.7,108,236.74,281.33,1,0,242.0,350.0,360.75,13,3,1,44.589999999999975,0.1584971385916894,Meal 2577 — Starters (Thai)
75,2581,Pizza,Continental,TYPE_B,4.7,145,549.08,548.08,0,0,231.0,271.0,493.75,7,0,1,-1.0,-0.0018245511604145,Meal 2581 — Pizza (Continental)
75,2631,Beverages,Indian,TYPE_B,4.7,145,150.41,150.41,0,0,68.0,94.0,122.25,0,1,1,0.0,0.0,Meal 2631 — Beverages (Indian)
75,2640,Starters,Thai,TYPE_B,4.7,145,319.13,320.13,0,0,204.0,323.0,338.0,13,3,1,1.0,0.0031237309842876,Meal 2640 — Starters (Thai)
75,2664,Salad,Italian,TYPE_B,4.7,145,242.5,314.31,0,0,810.0,431.0,445.25,9,2,1,71.81,0.2284687092361045,Meal 2664 — Salad (Italian)
75,2704,Other Snacks,Thai,TYPE_B,4.7,145,320.13,321.13,0,0,352.0,474.0,338.0,5,3,1,1.0,0.0031140036745243,Meal 2704 — Other Snacks (Thai)
75,2707,Beverages,Italian,TYPE_B,4.7,145,210.55,210.55,0,0,500.0,566.0,499.75,0,2,1,0.0,0.0,Meal 2707 — Beverages (Italian)
75,2760,Other Snacks,Thai,TYPE_B,4.7,145,183.36,260.93,0,1,203.0,108.0,155.75,5,3,1,77.57,0.2972827961522247,Meal 2760 — Other Snacks (Thai)
75,2826,Sandwich,Italian,TYPE_B,4.7,145,326.92,325.92,0,0,460.0,474.0,415.5,10,2,1,-1.0,-0.00306823760432,Meal 2826 — Sandwich (Italian)
75,2867,Seafood,Continental,TYPE_B,4.7,144,581.03,727.53,1,1,94.0,14.0,40.25,11,0,1,146.5,0.2013662666831608,Meal 2867 — Seafood (Continental)
75,2956,Fish,Continental,TYPE_B,4.7,145,589.82,588.82,0,0,136.0,67.0,128.25,4,0,1,-1.0,-0.0016983118779932,Meal 2956 — Fish (Continental)
76,1062,Beverages,Italian,TYPE_A,3.0,145,192.09,192.09,0,0,339.0,323.0,367.5,0,2,0,0.0,0.0,Meal 1062 — Beverages (Italian)
76,1109,Rice Bowl,Indian,TYPE_A,3.0,145,281.33,280.33,0,0,512.0,622.0,472.5,8,1,0,-1.0,-0.0035672243427389,Meal 1109 — Rice Bowl (Indian)
76,1198,Extras,Thai,TYPE_A,3.0,145,254.14,256.14,0,0,163.0,149.0,111.5,3,3,0,2.0,0.0078082298742874,Meal 1198 — Extras (Thai)
76,1207,Beverages,Continental,TYPE_A,3.0,145,363.75,365.75,0,0,94.0,96.0,119.0,0,0,0,2.0,0.0054682159945317,Meal 1207 — Beverages (Continental)
76,1216,Pasta,Italian,TYPE_A,3.0,145,436.56,435.56,0,0,15.0,80.0,47.75,6,2,0,-1.0,-0.0022958949398475,Meal 1216 — Pasta (Italian)
76,1230,Beverages,Continental,TYPE_A,3.0,145,348.26,388.0,0,0,14.0,40.0,27.25,0,0,0,39.74000000000001,0.1024226804123711,Meal 1230 — Beverages (Continental)
76,1247,Biryani,Indian,TYPE_A,3.0,144,445.23,446.23,0,0,14.0,14.0,20.25,1,1,0,1.0,0.0022409967953745,Meal 1247 — Biryani (Indian)
76,1248,Beverages,Indian,TYPE_A,3.0,145,163.93,163.93,0,0,42.0,28.0,41.75,0,1,0,0.0,0.0,Meal 1248 — Beverages (Indian)
76,1311,Extras,Thai,TYPE_A,3.0,145,215.34,215.34,0,0,391.0,204.0,179.5,3,3,0,0.0,0.0,Meal 1311 — Extras (Thai)
76,1438,Soup,Thai,TYPE_A,3.0,145,195.0,194.0,0,0,123.0,107.0,125.0,12,3,0,-1.0,-0.0051546391752577,Meal 1438 — Soup (Thai)
76,1445,Seafood,Continental,TYPE_A,3.0,144,484.03,728.53,1,1,230.0,28.0,71.0,11,0,0,244.5,0.3356073188475423,Meal 1445 — Seafood (Continental)
76,1525,Other Snacks,Thai,TYPE_A,3.0,145,321.13,321.13,0,0,229.0,108.0,138.75,5,3,0,0.0,0.0,Meal 1525 — Other Snacks (Thai)
76,1543,Desert,Indian,TYPE_A,3.0,145,484.03,485.03,0,0,53.0,149.0,98.25,2,1,0,1.0,0.0020617281405273,Meal 1543 — Desert (Indian)
76,1558,Pizza,Continental,TYPE_A,3.0,145,563.6,562.6,0,0,27.0,95.0,148.75,7,0,0,-1.0,-0.0017774617845716,Meal 1558 — Pizza (Continental)
76,1727,Rice Bowl,Indian,TYPE_A,3.0,145,466.63,464.63,0,0,203.0,310.0,252.75,8,1,0,-2.0,-0.0043045003551212,Meal 1727 — Rice Bowl (Indian)
76,1754,Sandwich,Italian,TYPE_A,3.0,145,319.16,318.16,0,0,312.0,230.0,223.75,10,2,0,-1.0,-0.00314307266784,Meal 1754 — Sandwich (Italian)
76,1770,Biryani,Indian,TYPE_A,3.0,144,486.03,484.03,0,0,15.0,13.0,20.5,1,1,0,-2.0,-0.0041319752907877,Meal 1770 — Biryani (Indian)
76,1778,Beverages,Italian,TYPE_A,3.0,145,193.03,193.03,0,0,311.0,393.0,324.75,0,2,0,0.0,0.0,Meal 1778 — Beverages (Italian)
76,1803,Extras,Thai,TYPE_A,3.0,145,112.52,198.88,0,0,163.0,217.0,139.0,3,3,0,86.36,0.4342316975060338,Meal 1803 — Extras (Thai)
76,1847,Soup,Thai,TYPE_A,3.0,145,195.0,196.0,0,0,27.0,41.0,64.75,12,3,0,1.0,0.0051020408163265,Meal 1847 — Soup (Thai)
76,1878,Starters,Thai,TYPE_A,3.0,145,320.13,320.13,0,0,15.0,81.0,33.75,13,3,0,0.0,0.0,Meal 1878 — Starters (Thai)
76,1885,Beverages,Thai,TYPE_A,3.0,145,159.14,157.14,0,0,528.0,364.0,500.0,0,3,0,-2.0,-0.0127275041364388,Meal 1885 — Beverages (Thai)
76,1902,Biryani,Indian,TYPE_A,3.0,145,446.23,446.23,0,0,15.0,28.0,24.25,1,1,0,0.0,0.0,Meal 1902 — Biryani (Indian)
76,1962,Pizza,Continental,TYPE_A,3.0,145,563.6,564.6,0,0,161.0,96.0,303.75,7,0,0,1.0,0.0017711654268508,Meal 1962 — Pizza (Continental)
76,1971,Sandwich,Italian,TYPE_A,3.0,145,349.2,350.2,0,0,41.0,82.0,84.75,10,2,0,1.0,0.0028555111364934,Meal 1971 — Sandwich (Italian)
76,1993,Beverages,Thai,TYPE_A,3.0,145,158.14,157.14,0,0,269.0,215.0,276.25,0,3,0,-1.0,-0.0063637520682194,Meal 1993 — Beverages (Thai)
76,2126,Pasta,Italian,TYPE_A,3.0,145,484.03,484.03,0,0,14.0,28.0,64.75,6,2,0,0.0,0.0,Meal 2126 — Pasta (Italian)
76,2139,Beverages,Indian,TYPE_A,3.0,145,290.03,292.03,0,0,41.0,26.0,54.5,0,1,0,2.0,0.0068486114440297,Meal 2139 — Beverages (Indian)
76,2290,Rice Bowl,Indian,TYPE_A,3.0,145,259.99,260.99,0,0,528.0,474.0,510.5,8,1,0,1.0,0.0038315644277558,Meal 2290 — Rice Bowl (Indian)
76,2304,Desert,Indian,TYPE_A,3.0,145,485.03,485.03,0,0,94.0,42.0,78.5,2,1,0,0.0,0.0,Meal 2304 — Desert (Indian)
76,2306,Pasta,Italian,TYPE_A,3.0,145,244.5,337.62,1,0,15.0,27.0,17.75,6,2,0,93.12,0.275813044250933,Meal 2306 — Pasta (Italian)
76,2322,Beverages,Continental,TYPE_A,3.0,145,388.0,390.0,0,0,109.0,27.0,64.0,0,0,0,2.0,0.0051282051282051,Meal 2322 — Beverages (Continental)
76,2444,Seafood,Continental,TYPE_A,3.0,144,485.03,727.53,1,1,231.0,15.0,68.25,11,0,0,242.5,0.3333195881956758,Meal 2444 — Seafood (Continental)
76,2490,Salad,Italian,TYPE_A,3.0,145,291.03,292.03,0,0,107.0,96.0,101.25,9,2,0,1.0,0.0034243057220148,Meal 2490 — Salad (Italian)
76,2492,Desert,Indian,TYPE_A,3.0,145,389.03,388.03,0,0,26.0,162.0,60.75,2,1,0,-1.0,-0.002577120325748,Meal 2492 — Desert (Indian)
76,2494,Soup,Thai,TYPE_A,3.0,145,196.0,195.0,0,0,108.0,149.0,148.25,12,3,0,-1.0,-0.0051282051282051,Meal 2494 — Soup (Thai)
76,2539,Beverages,Thai,TYPE_A,3.0,145,158.11,159.11,0,0,190.0,121.0,145.5,0,3,0,1.0,0.0062849600905034,Meal 2539 — Beverages (Thai)
76,2569,Salad,Italian,TYPE_A,3.0,145,242.53,323.07,0,0,270.0,123.0,182.25,9,2,0,80.53999999999999,0.2492958182437242,Meal 2569 — Salad (Italian)
76,2577,Starters,Thai,TYPE_A,3.0,145,319.13,319.13,0,0,54.0,26.0,43.75,13,3,0,0.0,0.0,Meal 2577 — Starters (Thai)
76,2581,Pizza,Continental,TYPE_A,3.0,145,564.6,562.6,0,0,82.0,67.0,287.0,7,0,0,-2.0,-0.0035549235691432,Meal 2581 — Pizza (Continental)
76,2631,Beverages,Indian,TYPE_A,3.0,145,164.93,164.93,0,0,82.0,82.0,78.75,0,1,0,0.0,0.0,Meal 2631 — Beverages (Indian)
76,2640,Starters,Thai,TYPE_A,3.0,145,321.13,320.13,0,0,28.0,55.0,71.5,13,3,0,-1.0,-0.0031237309842876,Meal 2640 — Starters (Thai)
76,2664,Salad,Italian,TYPE_A,3.0,145,253.23,323.07,0,0,270.0,121.0,161.5,9,2,0,69.84,0.216176060915591,Meal 2664 — Salad (Italian)
76,2704,Other Snacks,Thai,TYPE_A,3.0,145,321.13,321.13,0,0,81.0,69.0,68.25,5,3,0,0.0,0.0,Meal 2704 — Other Snacks (Thai)
76,2707,Beverages,Italian,TYPE_A,3.0,145,232.8,233.8,0,0,582.0,567.0,540.0,0,2,0,1.0,0.0042771599657827,Meal 2707 — Beverages (Italian)
76,2760,Other Snacks,Thai,TYPE_A,3.0,145,162.99,242.53,0,0,96.0,53.0,71.25,5,3,0,79.53999999999999,0.3279594276996659,Meal 2760 — Other Snacks (Thai)
76,2826,Sandwich,Italian,TYPE_A,3.0,145,377.33,377.33,0,0,324.0,474.0,311.25,10,2,0,0.0,0.0,Meal 2826 — Sandwich (Italian)
76,2867,Seafood,Continental,TYPE_A,3.0,145,727.53,727.53,0,0,81.0,108.0,57.5,11,0,0,0.0,0.0,Meal 2867 — Seafood (Continental)
77,1062,Beverages,Italian,TYPE_A,3.8,145,169.78,156.2,1,0,136.0,149.0,179.5,0,2,0,-13.580000000000013,-0.0869398207426377,Meal 1062 — Beverages (Italian)
77,1109,Rice Bowl,Indian,TYPE_A,3.8,145,170.72,311.43,0,0,108.0,177.0,125.25,8,1,0,140.71,0.4518190283530809,Meal 1109 — Rice Bowl (Indian)
77,1207,Beverages,Continental,TYPE_A,3.8,144,368.63,368.63,0,0,15.0,82.0,47.75,0,0,0,0.0,0.0,Meal 1207 — Beverages (Continental)
77,1216,Pasta,Italian,TYPE_A,3.8,145,418.13,416.13,0,0,69.0,55.0,48.25,6,2,0,-2.0,-0.0048061903732006,Meal 1216 — Pasta (Italian)
77,1230,Beverages,Continental,TYPE_A,3.8,145,350.23,348.23,0,0,55.0,41.0,40.75,0,0,0,-2.0,-0.0057433305573902,Meal 1230 — Beverages (Continental)
77,1247,Biryani,Indian,TYPE_A,3.8,145,447.23,445.23,0,0,13.0,15.0,14.5,1,1,0,-2.0,-0.004492060283449,Meal 1247 — Biryani (Indian)
77,1248,Beverages,Indian,TYPE_A,3.8,144,153.26,153.26,0,0,26.0,41.0,53.5,0,1,0,0.0,0.0,Meal 1248 — Beverages (Indian)
77,1445,Seafood,Continental,TYPE_A,3.8,145,728.53,727.53,0,0,81.0,28.0,34.25,11,0,0,-1.0,-0.0013745137657553,Meal 1445 — Seafood (Continental)
77,1525,Other Snacks,Thai,TYPE_A,3.8,145,321.13,320.13,0,0,28.0,26.0,44.0,5,3,0,-1.0,-0.0031237309842876,Meal 1525 — Other Snacks (Thai)
77,1543,Desert,Indian,TYPE_A,3.8,145,482.09,484.09,0,0,54.0,96.0,74.75,2,1,0,2.0,0.0041314631576772,Meal 1543 — Desert (Indian)
77,1558,Pizza,Continental,TYPE_A,3.8,145,512.19,511.19,0,0,26.0,55.0,186.0,7,0,0,-1.0000000000000568,-0.0019562198008569,Meal 1558 — Pizza (Continental)
77,1571,Fish,Continental,TYPE_A,3.8,145,583.03,581.03,0,0,41.0,27.0,40.75,4,0,0,-2.0,-0.0034421630552639,Meal 1571 — Fish (Continental)
77,1727,Rice Bowl,Indian,TYPE_A,3.8,145,268.75,423.95,0,1,528.0,270.0,273.5,8,1,0,155.2,0.3660809057671895,Meal 1727 — Rice Bowl (Indian)
77,1754,Sandwich,Italian,TYPE_A,3.8,145,284.27,282.27,0,0,744.0,810.0,672.0,10,2,0,-2.0,-0.0070854146738937,Meal 1754 — Sandwich (Italian)
77,1770,Biryani,Indian,TYPE_A,3.8,142,486.03,485.03,0,0,13.0,14.0,16.75,1,1,0,-1.0,-0.0020617281405273,Meal 1770 — Biryani (Indian)
77,1778,Beverages,Italian,TYPE_A,3.8,145,170.75,156.2,1,0,270.0,188.0,192.25,0,2,0,-14.550000000000011,-0.0931498079385404,Meal 1778 — Beverages (Italian)
77,1878,Starters,Thai,TYPE_A,3.8,145,321.13,320.13,0,0,40.0,28.0,50.75,13,3,0,-1.0,-0.0031237309842876,Meal 1878 — Starters (Thai)
77,1885,Beverages,Thai,TYPE_A,3.8,145,122.28,119.34,0,1,405.0,311.0,334.75,0,3,0,-2.9399999999999977,-0.0246354952237305,Meal 1885 — Beverages (Thai)
77,1902,Biryani,Indian,TYPE_A,3.8,145,447.23,446.23,0,0,15.0,13.0,17.0,1,1,0,-1.0,-0.0022409967953745,Meal 1902 — Biryani (Indian)
77,1962,Pizza,Continental,TYPE_A,3.8,145,513.19,512.19,0,0,163.0,162.0,256.75,7,0,0,-1.0,-0.0019524004763857,Meal 1962 — Pizza (Continental)
77,1971,Sandwich,Italian,TYPE_A,3.8,145,290.06,289.06,0,0,283.0,215.0,279.5,10,2,0,-1.0,-0.0034594893793676,Meal 1971 — Sandwich (Italian)
77,1993,Beverages,Thai,TYPE_A,3.8,145,120.31,119.31,0,0,229.0,188.0,222.5,0,3,0,-1.0,-0.0083815271142402,Meal 1993 — Beverages (Thai)
77,2126,Pasta,Italian,TYPE_A,3.8,145,437.53,507.31,0,1,40.0,26.0,29.75,6,2,0,69.78000000000003,0.1375490331355582,Meal 2126 — Pasta (Italian)
77,2139,Beverages,Indian,TYPE_A,3.8,145,291.03,290.03,0,0,41.0,13.0,30.5,0,1,0,-1.0,-0.0034479191807744,Meal 2139 — Beverages (Indian)
77,2290,Rice Bowl,Indian,TYPE_A,3.8,145,260.96,260.96,0,0,581.0,458.0,523.25,8,1,0,0.0,0.0,Meal 2290 — Rice Bowl (Indian)
77,2304,Desert,Indian,TYPE_A,3.8,145,482.09,483.09,0,0,27.0,42.0,37.75,2,1,0,1.0,0.0020700076590283,Meal 2304 — Desert (Indian)
77,2306,Pasta,Italian,TYPE_A,3.8,145,243.53,337.62,1,0,13.0,69.0,30.75,6,2,0,94.09,0.2786860967952135,Meal 2306 — Pasta (Italian)
77,2322,Beverages,Continental,TYPE_A,3.8,145,368.63,367.63,0,0,81.0,67.0,77.75,0,0,0,-1.0,-0.0027201262138563,Meal 2322 — Beverages (Continental)
77,2444,Seafood,Continental,TYPE_A,3.8,145,727.53,728.53,0,0,14.0,107.0,37.0,11,0,0,1.0,0.001372627070951,Meal 2444 — Seafood (Continental)
77,2490,Salad,Italian,TYPE_A,3.8,145,259.02,258.02,0,0,188.0,162.0,178.75,9,2,0,-1.0,-0.0038756685528253,Meal 2490 — Salad (Italian)
77,2492,Desert,Indian,TYPE_A,3.8,145,446.23,447.23,0,0,27.0,41.0,40.75,2,1,0,1.0,0.0022359859580081,Meal 2492 — Desert (Indian)
77,2539,Beverages,Thai,TYPE_A,3.8,145,120.34,121.25,0,1,177.0,204.0,170.0,0,3,0,0.9099999999999966,0.0075051546391752,Meal 2539 — Beverages (Thai)
77,2569,Salad,Italian,TYPE_A,3.8,145,242.5,338.53,0,0,595.0,582.0,510.0,9,2,0,96.02999999999996,0.2836676217765042,Meal 2569 — Salad (Italian)
77,2577,Starters,Thai,TYPE_A,3.8,143,321.13,319.13,0,0,13.0,15.0,27.25,13,3,0,-2.0,-0.0062670385109516,Meal 2577 — Starters (Thai)
77,2581,Pizza,Continental,TYPE_A,3.8,145,512.19,511.19,0,0,177.0,108.0,189.75,7,0,0,-1.0000000000000568,-0.0019562198008569,Meal 2581 — Pizza (Continental)
77,2631,Beverages,Indian,TYPE_A,3.8,145,151.32,152.32,0,0,80.0,108.0,141.5,0,1,0,1.0,0.0065651260504201,Meal 2631 — Beverages (Indian)
77,2640,Starters,Thai,TYPE_A,3.8,145,320.13,319.13,0,0,53.0,27.0,50.5,13,3,0,-1.0,-0.0031335192554758,Meal 2640 — Starters (Thai)
77,2664,Salad,Italian,TYPE_A,3.8,145,243.5,338.53,0,0,325.0,473.0,351.5,9,2,0,95.02999999999996,0.2807136738250671,Meal 2664 — Salad (Italian)
77,2704,Other Snacks,Thai,TYPE_A,3.8,145,320.13,321.13,0,0,42.0,41.0,44.5,5,3,0,1.0,0.0031140036745243,Meal 2704 — Other Snacks (Thai)
77,2707,Beverages,Italian,TYPE_A,3.8,145,206.67,206.67,0,0,176.0,162.0,158.25,0,2,0,0.0,0.0,Meal 2707 — Beverages (Italian)
77,2760,Other Snacks,Thai,TYPE_A,3.8,145,184.36,261.93,0,0,107.0,14.0,47.5,5,3,0,77.57,0.2961478257549726,Meal 2760 — Other Snacks (Thai)
77,2826,Sandwich,Italian,TYPE_A,3.8,145,326.92,326.92,0,0,217.0,338.0,230.0,10,2,0,0.0,0.0,Meal 2826 — Sandwich (Italian)
77,2867,Seafood,Continental,TYPE_A,3.8,145,726.53,727.53,0,0,109.0,14.0,44.25,11,0,0,1.0,0.0013745137657553,Meal 2867 — Seafood (Continental)
80,1062,Beverages,Italian,TYPE_C,5.1,145,188.24,187.24,0,0,809.0,621.0,621.0,0,2,2,-1.0,-0.0053407391582995,Meal 1062 — Beverages (Italian)
80,1109,Rice Bowl,Indian,TYPE_C,5.1,145,276.48,275.48,0,0,513.0,634.0,530.0,8,1,2,-1.0,-0.0036300275882096,Meal 1109 — Rice Bowl (Indian)
80,1198,Extras,Thai,TYPE_C,5.1,145,135.8,186.3,0,0,148.0,136.0,118.5,3,3,2,50.5,0.2710681696188942,Meal 1198 — Extras (Thai)
80,1207,Beverages,Continental,TYPE_C,5.1,145,385.09,385.09,0,0,122.0,108.0,105.0,0,0,2,0.0,0.0,Meal 1207 — Beverages (Continental)
80,1216,Pasta,Italian,TYPE_C,5.1,144,290.03,418.13,0,0,41.0,40.0,64.25,6,2,2,128.10000000000002,0.3063640494583025,Meal 1216 — Pasta (Italian)
80,1230,Beverages,Continental,TYPE_C,5.1,145,390.0,389.0,0,0,108.0,177.0,105.25,0,0,2,-1.0,-0.0025706940874035,Meal 1230 — Beverages (Continental)
80,1247,Biryani,Indian,TYPE_C,5.1,145,446.23,447.23,0,0,15.0,15.0,24.5,1,1,2,1.0,0.0022359859580081,Meal 1247 — Biryani (Indian)
80,1248,Beverages,Indian,TYPE_C,5.1,145,164.93,163.93,0,0,14.0,54.0,40.5,0,1,2,-1.0,-0.006100164704447,Meal 1248 — Beverages (Indian)
80,1311,Extras,Thai,TYPE_C,5.1,145,186.3,284.27,0,0,216.0,81.0,114.75,3,3,2,97.96999999999996,0.3446371407464733,Meal 1311 — Extras (Thai)
80,1438,Soup,Thai,TYPE_C,5.1,145,196.0,194.0,0,0,108.0,134.0,108.25,12,3,2,-2.0,-0.0103092783505154,Meal 1438 — Soup (Thai)
80,1445,Seafood,Continental,TYPE_C,5.1,145,727.53,727.53,0,0,162.0,67.0,81.0,11,0,2,0.0,0.0,Meal 1445 — Seafood (Continental)
80,1525,Other Snacks,Thai,TYPE_C,5.1,145,321.13,320.13,0,0,41.0,13.0,54.5,5,3,2,-1.0,-0.0031237309842876,Meal 1525 — Other Snacks (Thai)
80,1543,Desert,Indian,TYPE_C,5.1,145,484.03,485.03,0,0,26.0,41.0,34.0,2,1,2,1.0,0.0020617281405273,Meal 1543 — Desert (Indian)
80,1558,Pizza,Continental,TYPE_C,5.1,145,562.6,562.6,0,0,135.0,162.0,314.25,7,0,2,0.0,0.0,Meal 1558 — Pizza (Continental)
80,1571,Fish,Continental,TYPE_C,5.1,145,639.23,639.23,0,0,15.0,14.0,23.75,4,0,2,0.0,0.0,Meal 1571 — Fish (Continental)
80,1727,Rice Bowl,Indian,TYPE_C,5.1,145,466.63,464.63,0,0,486.0,648.0,516.0,8,1,2,-2.0,-0.0043045003551212,Meal 1727 — Rice Bowl (Indian)
80,1754,Sandwich,Italian,TYPE_C,5.1,145,319.16,318.16,0,0,798.0,743.0,639.0,10,2,2,-1.0,-0.00314307266784,Meal 1754 — Sandwich (Italian)
80,1770,Biryani,Indian,TYPE_C,5.1,145,485.03,486.03,0,0,14.0,13.0,17.5,1,1,2,1.0,0.0020574861634055,Meal 1770 — Biryani (Indian)
80,1778,Beverages,Italian,TYPE_C,5.1,145,193.06,192.06,0,0,609.0,486.0,453.0,0,2,2,-1.0,-0.005206706237634,Meal 1778 — Beverages (Italian)
80,1803,Extras,Thai,TYPE_C,5.1,145,194.03,227.01,0,0,135.0,177.0,142.5,3,3,2,32.97999999999999,0.1452799436148187,Meal 1803 — Extras (Thai)
80,1847,Soup,Thai,TYPE_C,5.1,145,195.0,194.0,0,0,149.0,67.0,111.5,12,3,2,-1.0,-0.0051546391752577,Meal 1847 — Soup (Thai)
80,1878,Starters,Thai,TYPE_C,5.1,144,319.13,321.13,0,0,26.0,14.0,37.25,13,3,2,2.0,0.0062280073490486,Meal 1878 — Starters (Thai)
80,1885,Beverages,Thai,TYPE_C,5.1,145,158.17,158.17,0,0,757.0,541.0,696.25,0,3,2,0.0,0.0,Meal 1885 — Beverages (Thai)
80,1902,Biryani,Indian,TYPE_C,5.1,145,445.23,445.23,0,0,28.0,42.0,24.5,1,1,2,0.0,0.0,Meal 1902 — Biryani (Indian)
80,1962,Pizza,Continental,TYPE_C,5.1,145,564.6,562.6,0,0,243.0,379.0,564.25,7,0,2,-2.0,-0.0035549235691432,Meal 1962 — Pizza (Continental)
80,1971,Sandwich,Italian,TYPE_C,5.1,145,345.35,346.35,0,0,215.0,231.0,152.25,10,2,2,1.0,0.0028872527789807,Meal 1971 — Sandwich (Italian)
80,1993,Beverages,Thai,TYPE_C,5.1,145,159.14,158.14,0,0,433.0,917.0,671.75,0,3,2,-1.0,-0.0063235108132034,Meal 1993 — Beverages (Thai)
80,2104,Fish,Continental,TYPE_C,5.1,145,641.23,640.23,0,0,27.0,26.0,50.25,4,0,2,-1.0,-0.0015619386782874,Meal 2104 — Fish (Continental)
80,2126,Pasta,Italian,TYPE_C,5.1,145,486.03,508.31,0,1,15.0,15.0,17.75,6,2,2,22.28000000000003,0.0438315201353505,Meal 2126 — Pasta (Italian)
80,2139,Beverages,Indian,TYPE_C,5.1,144,291.03,290.03,0,0,81.0,68.0,61.0,0,1,2,-1.0,-0.0034479191807744,Meal 2139 — Beverages (Indian)
80,2290,Rice Bowl,Indian,TYPE_C,5.1,145,212.43,290.03,0,0,513.0,539.0,459.25,8,1,2,77.59999999999997,0.2675585284280936,Meal 2290 — Rice Bowl (Indian)
80,2304,Desert,Indian,TYPE_C,5.1,145,486.03,486.03,0,0,26.0,14.0,20.5,2,1,2,0.0,0.0,Meal 2304 — Desert (Indian)
80,2306,Pasta,Italian,TYPE_C,5.1,145,243.5,336.62,1,0,13.0,54.0,60.75,6,2,2,93.12,0.2766324044917117,Meal 2306 — Pasta (Italian)
80,2322,Beverages,Continental,TYPE_C,5.1,145,389.0,388.0,0,0,134.0,136.0,141.25,0,0,2,-1.0,-0.0025773195876288,Meal 2322 — Beverages (Continental)
80,2444,Seafood,Continental,TYPE_C,5.1,144,486.03,728.53,1,1,190.0,42.0,71.25,11,0,2,242.5,0.3328620647056401,Meal 2444 — Seafood (Continental)
80,2490,Salad,Italian,TYPE_C,5.1,145,290.03,290.03,0,0,312.0,514.0,338.5,9,2,2,0.0,0.0,Meal 2490 — Salad (Italian)
80,2492,Desert,Indian,TYPE_C,5.1,145,388.03,388.03,0,0,54.0,26.0,50.5,2,1,2,0.0,0.0,Meal 2492 — Desert (Indian)
80,2494,Soup,Thai,TYPE_C,5.1,145,195.0,196.0,0,0,69.0,68.0,88.5,12,3,2,1.0,0.0051020408163265,Meal 2494 — Soup (Thai)
80,2539,Beverages,Thai,TYPE_C,5.1,145,160.11,158.11,0,0,256.0,271.0,253.0,0,3,2,-2.0,-0.012649421288976,Meal 2539 — Beverages (Thai)
80,2569,Salad,Italian,TYPE_C,5.1,145,272.63,338.56,0,0,553.0,446.0,408.75,9,2,2,65.93,0.1947365311909263,Meal 2569 — Salad (Italian)
80,2577,Starters,Thai,TYPE_C,5.1,145,321.13,320.13,0,0,68.0,41.0,54.0,13,3,2,-1.0,-0.0031237309842876,Meal 2577 — Starters (Thai)
80,2581,Pizza,Continental,TYPE_C,5.1,145,563.6,564.6,0,0,298.0,216.0,459.75,7,0,2,1.0,0.0017711654268508,Meal 2581 — Pizza (Continental)
80,2631,Beverages,Indian,TYPE_C,5.1,145,163.02,161.02,0,0,69.0,54.0,58.25,0,1,2,-2.0,-0.0124208172897776,Meal 2631 — Beverages (Indian)
80,2640,Starters,Thai,TYPE_C,5.1,144,319.13,319.13,0,0,28.0,41.0,37.5,13,3,2,0.0,0.0,Meal 2640 — Starters (Thai)
80,2664,Salad,Italian,TYPE_C,5.1,145,272.63,339.56,0,0,1027.0,676.0,669.0,9,2,2,66.93,0.197108022146307,Meal 2664 — Salad (Italian)
80,2704,Other Snacks,Thai,TYPE_C,5.1,145,320.13,321.13,0,0,68.0,41.0,44.75,5,3,2,1.0,0.0031140036745243,Meal 2704 — Other Snacks (Thai)
80,2707,Beverages,Italian,TYPE_C,5.1,145,224.07,225.07,0,0,715.0,728.0,637.75,0,2,2,1.0,0.0044430621584395,Meal 2707 — Beverages (Italian)
80,2760,Other Snacks,Thai,TYPE_C,5.1,145,161.99,242.53,0,0,80.0,55.0,67.25,5,3,2,80.53999999999999,0.3320826289531192,Meal 2760 — Other Snacks (Thai)
80,2826,Sandwich,Italian,TYPE_C,5.1,145,379.33,378.33,0,0,782.0,986.0,958.5,10,2,2,-1.0,-0.0026431950942299,Meal 2826 — Sandwich (Italian)
80,2867,Seafood,Continental,TYPE_C,5.1,145,728.53,728.53,0,0,109.0,96.0,58.5,11,0,2,0.0,0.0,Meal 2867 — Seafood (Continental)
80,2956,Fish,Continental,TYPE_C,5.1,145,640.23,640.23,0,0,28.0,94.0,47.25,4,0,2,0.0,0.0,Meal 2956 — Fish (Continental)
81,1062,Beverages,Italian,TYPE_A,4.0,145,153.26,155.2,1,1,460.0,432.0,350.75,0,2,0,1.9399999999999975,0.0124999999999999,Meal 1062 — Beverages (Italian)
81,1109,Rice Bowl,Indian,TYPE_A,4.0,145,297.82,296.82,0,0,352.0,377.0,347.75,8,1,0,-1.0,-0.0033690452125867,Meal 1109 — Rice Bowl (Indian)
81,1207,Beverages,Continental,TYPE_A,4.0,145,360.87,360.87,0,0,54.0,94.0,64.5,0,0,0,0.0,0.0,Meal 1207 — Beverages (Continental)
81,1216,Pasta,Italian,TYPE_A,4.0,145,291.03,418.13,0,1,41.0,161.0,71.0,6,2,0,127.10000000000002,0.3039724487599551,Meal 1216 — Pasta (Italian)
81,1230,Beverages,Continental,TYPE_A,4.0,145,359.9,360.9,0,0,81.0,40.0,64.0,0,0,0,1.0,0.0027708506511499,Meal 1230 — Beverages (Continental)
81,1247,Biryani,Indian,TYPE_A,4.0,144,447.23,445.23,0,0,14.0,13.0,23.5,1,1,0,-2.0,-0.004492060283449,Meal 1247 — Biryani (Indian)
81,1248,Beverages,Indian,TYPE_A,4.0,145,143.59,142.59,0,0,53.0,41.0,33.5,0,1,0,-1.0,-0.0070131145241601,Meal 1248 — Beverages (Indian)
81,1445,Seafood,Continental,TYPE_A,4.0,145,728.53,726.53,0,0,55.0,94.0,64.25,11,0,0,-2.0,-0.0027528113085488,Meal 1445 — Seafood (Continental)
81,1525,Other Snacks,Thai,TYPE_A,4.0,145,319.13,319.13,0,0,55.0,27.0,41.0,5,3,0,0.0,0.0,Meal 1525 — Other Snacks (Thai)
81,1543,Desert,Indian,TYPE_A,4.0,145,483.09,482.09,0,0,68.0,148.0,104.75,2,1,0,-1.0,-0.0020743014789769,Meal 1543 — Desert (Indian)
81,1558,Pizza,Continental,TYPE_A,4.0,145,513.19,511.19,0,0,203.0,161.0,219.75,7,0,0,-2.000000000000057,-0.0039124396017137,Meal 1558 — Pizza (Continental)
81,1571,Fish,Continental,TYPE_A,4.0,145,583.03,583.03,0,0,148.0,54.0,87.75,4,0,0,0.0,0.0,Meal 1571 — Fish (Continental)
81,1727,Rice Bowl,Indian,TYPE_A,4.0,145,423.95,423.95,0,0,150.0,352.0,247.25,8,1,0,0.0,0.0,Meal 1727 — Rice Bowl (Indian)
81,1754,Sandwich,Italian,TYPE_A,4.0,145,292.03,291.03,0,0,662.0,607.0,617.75,10,2,0,-1.0,-0.0034360718826237,Meal 1754 — Sandwich (Italian)
81,1770,Biryani,Indian,TYPE_A,4.0,144,485.03,485.03,0,0,26.0,13.0,19.5,1,1,0,0.0,0.0,Meal 1770 — Biryani (Indian)
81,1778,Beverages,Italian,TYPE_A,4.0,145,158.14,161.08,1,1,242.0,258.0,226.5,0,2,0,2.940000000000026,0.0182518003476535,Meal 1778 — Beverages (Italian)
81,1878,Starters,Thai,TYPE_A,4.0,145,320.13,321.13,0,0,96.0,82.0,65.0,13,3,0,1.0,0.0031140036745243,Meal 1878 — Starters (Thai)
81,1885,Beverages,Thai,TYPE_A,4.0,145,117.37,119.31,0,1,486.0,541.0,479.0,0,3,0,1.9399999999999975,0.0162601626016259,Meal 1885 — Beverages (Thai)
81,1902,Biryani,Indian,TYPE_A,4.0,145,447.23,446.23,0,0,69.0,14.0,37.5,1,1,0,-1.0,-0.0022409967953745,Meal 1902 — Biryani (Indian)
81,1962,Pizza,Continental,TYPE_A,4.0,145,513.19,513.19,0,0,148.0,229.0,307.0,7,0,0,0.0,0.0,Meal 1962 — Pizza (Continental)
81,1971,Sandwich,Italian,TYPE_A,4.0,145,290.06,289.06,0,0,351.0,216.0,317.75,10,2,0,-1.0,-0.0034594893793676,Meal 1971 — Sandwich (Italian)
81,1993,Beverages,Thai,TYPE_A,4.0,145,119.37,118.4,0,1,566.0,620.0,543.25,0,3,0,-0.9699999999999988,-0.0081925675675675,Meal 1993 — Beverages (Thai)
81,2104,Fish,Continental,TYPE_A,4.0,145,583.03,583.03,0,0,68.0,40.0,61.0,4,0,0,0.0,0.0,Meal 2104 — Fish (Continental)
81,2126,Pasta,Italian,TYPE_A,4.0,145,436.53,507.31,0,0,41.0,13.0,68.25,6,2,0,70.78000000000003,0.1395202144645286,Meal 2126 — Pasta (Italian)
81,2139,Beverages,Indian,TYPE_A,4.0,145,291.03,291.03,0,0,41.0,42.0,41.0,0,1,0,0.0,0.0,Meal 2139 — Beverages (Indian)
81,2290,Rice Bowl,Indian,TYPE_A,4.0,145,260.96,259.96,0,0,663.0,568.0,601.25,8,1,0,-1.0,-0.0038467456531774,Meal 2290 — Rice Bowl (Indian)
81,2304,Desert,Indian,TYPE_A,4.0,145,483.09,484.09,0,0,13.0,67.0,43.25,2,1,0,1.0,0.0020657315788386,Meal 2304 — Desert (Indian)
81,2306,Pasta,Italian,TYPE_A,4.0,145,243.53,337.62,1,0,26.0,27.0,107.75,6,2,0,94.09,0.2786860967952135,Meal 2306 — Pasta (Italian)
81,2322,Beverages,Continental,TYPE_A,4.0,145,359.93,358.93,0,0,108.0,81.0,91.25,0,0,0,-1.0,-0.0027860585629509,Meal 2322 — Beverages (Continental)
81,2444,Seafood,Continental,TYPE_A,4.0,145,727.53,727.53,0,0,94.0,175.0,78.0,11,0,0,0.0,0.0,Meal 2444 — Seafood (Continental)
81,2490,Salad,Italian,TYPE_A,4.0,145,280.36,279.36,0,0,161.0,148.0,175.5,9,2,0,-1.0,-0.0035796105383734,Meal 2490 — Salad (Italian)
81,2492,Desert,Indian,TYPE_A,4.0,145,447.23,445.23,0,0,69.0,40.0,78.0,2,1,0,-2.0,-0.004492060283449,Meal 2492 — Desert (Indian)
81,2539,Beverages,Thai,TYPE_A,4.0,145,118.37,118.37,0,0,162.0,269.0,212.5,0,3,0,0.0,0.0,Meal 2539 — Beverages (Thai)
81,2569,Salad,Italian,TYPE_A,4.0,145,242.5,283.24,0,0,447.0,256.0,266.75,9,2,0,40.74000000000001,0.1438356164383561,Meal 2569 — Salad (Italian)
81,2577,Starters,Thai,TYPE_A,4.0,145,319.13,321.13,0,0,69.0,68.0,58.25,13,3,0,2.0,0.0062280073490486,Meal 2577 — Starters (Thai)
81,2581,Pizza,Continental,TYPE_A,4.0,145,512.19,512.19,0,0,94.0,150.0,229.75,7,0,0,0.0,0.0,Meal 2581 — Pizza (Continental)
81,2631,Beverages,Indian,TYPE_A,4.0,145,149.38,149.38,0,0,148.0,108.0,121.25,0,1,0,0.0,0.0,Meal 2631 — Beverages (Indian)
81,2640,Starters,Thai,TYPE_A,4.0,145,319.13,320.13,0,0,123.0,162.0,118.25,13,3,0,1.0,0.0031237309842876,Meal 2640 — Starters (Thai)
81,2664,Salad,Italian,TYPE_A,4.0,145,246.41,338.53,0,0,379.0,283.0,240.25,9,2,0,92.11999999999998,0.2721176852863852,Meal 2664 — Salad (Italian)
81,2704,Other Snacks,Thai,TYPE_A,4.0,145,319.13,321.13,0,0,67.0,149.0,97.5,5,3,0,2.0,0.0062280073490486,Meal 2704 — Other Snacks (Thai)
81,2707,Beverages,Italian,TYPE_A,4.0,145,206.61,207.61,0,0,460.0,404.0,384.75,0,2,0,1.0,0.0048167236645633,Meal 2707 — Beverages (Italian)
81,2760,Other Snacks,Thai,TYPE_A,4.0,145,184.36,262.93,0,1,190.0,13.0,88.0,5,3,0,78.57,0.2988247822614384,Meal 2760 — Other Snacks (Thai)
81,2826,Sandwich,Italian,TYPE_A,4.0,145,326.92,325.92,0,0,257.0,459.0,361.25,10,2,0,-1.0,-0.00306823760432,Meal 2826 — Sandwich (Italian)
81,2867,Seafood,Continental,TYPE_A,4.0,145,727.53,726.53,0,0,81.0,28.0,41.25,11,0,0,-1.0,-0.0013764056542744,Meal 2867 — Seafood (Continental)
83,1062,Beverages,Italian,TYPE_A,5.3,145,157.14,156.17,1,0,582.0,541.0,574.75,0,2,0,-0.9699999999999988,-0.0062111801242235,Meal 1062 — Beverages (Italian)
83,1109,Rice Bowl,Indian,TYPE_A,5.3,145,300.7,301.7,0,0,528.0,540.0,527.0,8,1,0,1.0,0.0033145508783559,Meal 1109 — Rice Bowl (Indian)
83,1207,Beverages,Continental,TYPE_A,5.3,145,366.72,365.72,0,0,149.0,82.0,138.5,0,0,0,-1.0,-0.0027343322760581,Meal 1207 — Beverages (Continental)
83,1216,Pasta,Italian,TYPE_A,5.3,145,413.25,413.25,0,1,122.0,163.0,88.25,6,2,0,0.0,0.0,Meal 1216 — Pasta (Italian)
83,1230,Beverages,Continental,TYPE_A,5.3,145,365.75,363.75,0,0,217.0,162.0,189.5,0,0,0,-2.0,-0.0054982817869415,Meal 1230 — Beverages (Continental)
83,1247,Biryani,Indian,TYPE_A,5.3,145,447.23,445.23,0,0,67.0,15.0,58.0,1,1,0,-2.0,-0.004492060283449,Meal 1247 — Biryani (Indian)
83,1248,Beverages,Indian,TYPE_A,5.3,145,149.44,148.44,0,0,42.0,94.0,64.5,0,1,0,-1.0,-0.0067367286445701,Meal 1248 — Beverages (Indian)
83,1445,Seafood,Continental,TYPE_A,5.3,145,727.53,726.53,0,0,135.0,230.0,122.0,11,0,0,-1.0,-0.0013764056542744,Meal 1445 — Seafood (Continental)
83,1525,Other Snacks,Thai,TYPE_A,5.3,145,321.13,320.13,0,0,68.0,27.0,60.75,5,3,0,-1.0,-0.0031237309842876,Meal 1525 — Other Snacks (Thai)
83,1543,Desert,Indian,TYPE_A,5.3,145,483.09,483.09,0,0,96.0,108.0,84.75,2,1,0,0.0,0.0,Meal 1543 — Desert (Indian)
83,1558,Pizza,Continental,TYPE_A,5.3,145,547.08,547.08,0,0,256.0,109.0,290.25,7,0,0,0.0,0.0,Meal 1558 — Pizza (Continental)
83,1571,Fish,Continental,TYPE_A,5.3,145,582.03,582.03,0,0,94.0,67.0,67.25,4,0,0,0.0,0.0,Meal 1571 — Fish (Continental)
83,1727,Rice Bowl,Indian,TYPE_A,5.3,145,445.23,446.23,0,0,229.0,230.0,253.0,8,1,0,1.0,0.0022409967953745,Meal 1727 — Rice Bowl (Indian)
83,1754,Sandwich,Italian,TYPE_A,5.3,145,330.83,329.83,0,0,501.0,690.0,527.5,10,2,0,-1.0,-0.0030318649001,Meal 1754 — Sandwich (Italian)
83,1770,Biryani,Indian,TYPE_A,5.3,145,486.03,486.03,0,0,15.0,13.0,17.75,1,1,0,0.0,0.0,Meal 1770 — Biryani (Indian)
83,1778,Beverages,Italian,TYPE_A,5.3,145,159.08,153.29,1,0,379.0,446.0,355.25,0,2,0,-5.7900000000000205,-0.0377715441320374,Meal 1778 — Beverages (Italian)
83,1878,Starters,Thai,TYPE_A,5.3,145,321.13,319.13,0,0,148.0,230.0,138.0,13,3,0,-2.0,-0.0062670385109516,Meal 1878 — Starters (Thai)
83,1885,Beverages,Thai,TYPE_A,5.3,145,140.71,139.71,0,0,553.0,649.0,601.0,0,3,0,-1.0,-0.0071576837735308,Meal 1885 — Beverages (Thai)
83,1902,Biryani,Indian,TYPE_A,5.3,145,446.23,445.23,0,0,42.0,28.0,28.0,1,1,0,-1.0,-0.0022460301417245,Meal 1902 — Biryani (Indian)
83,1962,Pizza,Continental,TYPE_A,5.3,145,547.08,549.08,0,0,136.0,284.0,368.5,7,0,0,2.0,0.0036424564726451,Meal 1962 — Pizza (Continental)
83,1971,Sandwich,Italian,TYPE_A,5.3,145,328.86,329.86,0,0,204.0,135.0,193.0,10,2,0,1.0,0.0030315891590371,Meal 1971 — Sandwich (Italian)
83,1993,Beverages,Thai,TYPE_A,5.3,145,133.92,133.92,0,0,487.0,392.0,459.25,0,3,0,0.0,0.0,Meal 1993 — Beverages (Thai)
83,2104,Fish,Continental,TYPE_A,5.3,145,582.03,582.03,0,0,42.0,42.0,38.0,4,0,0,0.0,0.0,Meal 2104 — Fish (Continental)
83,2126,Pasta,Italian,TYPE_A,5.3,145,435.53,509.31,0,0,27.0,15.0,51.25,6,2,0,73.78000000000003,0.1448626573206888,Meal 2126 — Pasta (Italian)
83,2139,Beverages,Indian,TYPE_A,5.3,145,290.03,292.03,0,0,40.0,82.0,57.75,0,1,0,2.0,0.0068486114440297,Meal 2139 — Beverages (Indian)
83,2290,Rice Bowl,Indian,TYPE_A,5.3,145,297.79,298.79,0,0,512.0,798.0,614.5,8,1,0,1.0,0.0033468322233006,Meal 2290 — Rice Bowl (Indian)
83,2304,Desert,Indian,TYPE_A,5.3,145,482.09,484.09,0,0,15.0,41.0,30.5,2,1,0,2.0,0.0041314631576772,Meal 2304 — Desert (Indian)
83,2306,Pasta,Italian,TYPE_A,5.3,145,242.53,337.62,1,0,28.0,13.0,17.5,6,2,0,95.09,0.281648006634678,Meal 2306 — Pasta (Italian)
83,2322,Beverages,Continental,TYPE_A,5.3,145,365.72,365.72,0,0,121.0,136.0,145.0,0,0,0,0.0,0.0,Meal 2322 — Beverages (Continental)
83,2444,Seafood,Continental,TYPE_A,5.3,145,727.53,728.53,0,0,94.0,123.0,68.25,11,0,0,1.0,0.001372627070951,Meal 2444 — Seafood (Continental)
83,2490,Salad,Italian,TYPE_A,5.3,145,292.03,290.03,0,0,122.0,136.0,192.5,9,2,0,-2.0,-0.0068958383615488,Meal 2490 — Salad (Italian)
83,2492,Desert,Indian,TYPE_A,5.3,145,456.93,454.93,0,0,26.0,26.0,36.75,2,1,0,-2.0,-0.0043962807464884,Meal 2492 — Desert (Indian)
83,2539,Beverages,Thai,TYPE_A,5.3,145,134.86,134.86,0,0,324.0,404.0,327.0,0,3,0,0.0,0.0,Meal 2539 — Beverages (Thai)
83,2569,Salad,Italian,TYPE_A,5.3,145,242.5,323.07,0,1,1322.0,528.0,628.0,9,2,0,80.57,0.2493886773764199,Meal 2569 — Salad (Italian)
83,2577,Starters,Thai,TYPE_A,5.3,145,321.13,320.13,0,0,40.0,67.0,67.5,13,3,0,-1.0,-0.0031237309842876,Meal 2577 — Starters (Thai)
83,2581,Pizza,Continental,TYPE_A,5.3,145,547.08,548.08,0,0,229.0,108.0,384.5,7,0,0,1.0,0.0018245511604145,Meal 2581 — Pizza (Continental)
83,2631,Beverages,Indian,TYPE_A,5.3,145,146.47,148.47,0,0,95.0,107.0,77.5,0,1,0,2.0,0.0134707348285849,Meal 2631 — Beverages (Indian)
83,2640,Starters,Thai,TYPE_A,5.3,145,319.13,320.13,0,0,163.0,162.0,139.0,13,3,0,1.0,0.0031237309842876,Meal 2640 — Starters (Thai)
83,2664,Salad,Italian,TYPE_A,5.3,145,233.83,323.07,0,0,1661.0,366.0,624.75,9,2,0,89.23999999999998,0.2762249667254774,Meal 2664 — Salad (Italian)
83,2704,Other Snacks,Thai,TYPE_A,5.3,145,320.13,320.13,0,0,297.0,215.0,246.25,5,3,0,0.0,0.0,Meal 2704 — Other Snacks (Thai)
83,2707,Beverages,Italian,TYPE_A,5.3,145,199.88,228.01,0,0,298.0,501.0,439.5,0,2,0,28.129999999999995,0.1233717819393886,Meal 2707 — Beverages (Italian)
83,2760,Other Snacks,Thai,TYPE_A,5.3,145,182.36,260.93,0,1,149.0,175.0,115.25,5,3,0,78.57,0.3011152416356877,Meal 2760 — Other Snacks (Thai)
83,2826,Sandwich,Italian,TYPE_A,5.3,145,327.92,325.92,0,0,244.0,431.0,357.25,10,2,0,-2.0,-0.0061364752086401,Meal 2826 — Sandwich (Italian)
83,2867,Seafood,Continental,TYPE_A,5.3,145,726.53,727.53,0,0,68.0,95.0,51.0,11,0,0,1.0,0.0013745137657553,Meal 2867 — Seafood (Continental)
83,2956,Fish,Continental,TYPE_A,5.3,145,581.03,581.03,0,0,67.0,55.0,57.25,4,0,0,0.0,0.0,Meal 2956 — Fish (Continental)
86,1062,Beverages,Italian,TYPE_C,4.0,145,192.09,193.09,0,0,797.0,634.0,692.25,0,2,2,1.0,0.0051789321042001,Meal 1062 — Beverages (Italian)
86,1109,Rice Bowl,Indian,TYPE_C,4.0,145,301.67,302.67,0,0,756.0,729.0,654.5,8,1,2,1.0,0.0033039283708329,Meal 1109 — Rice Bowl (Indian)
86,1198,Extras,Thai,TYPE_C,4.0,145,171.75,339.53,0,0,15.0,27.0,41.25,3,3,2,167.77999999999997,0.4941536830324271,Meal 1198 — Extras (Thai)
86,1207,Beverages,Continental,TYPE_C,4.0,145,383.18,382.18,0,0,136.0,41.0,118.25,0,0,2,-1.0,-0.0026165681092678,Meal 1207 — Beverages (Continental)
86,1216,Pasta,Italian,TYPE_C,4.0,145,434.56,434.56,0,0,55.0,94.0,47.75,6,2,2,0.0,0.0,Meal 1216 — Pasta (Italian)
86,1230,Beverages,Continental,TYPE_C,4.0,145,378.3,378.3,0,0,162.0,148.0,111.5,0,0,2,0.0,0.0,Meal 1230 — Beverages (Continental)
86,1247,Biryani,Indian,TYPE_C,4.0,142,446.23,447.23,0,0,13.0,13.0,13.75,1,1,2,1.0,0.0022359859580081,Meal 1247 — Biryani (Indian)
86,1248,Beverages,Indian,TYPE_C,4.0,145,165.93,164.93,0,0,14.0,13.0,34.0,0,1,2,-1.0,-0.0060631783180743,Meal 1248 — Beverages (Indian)
86,1311,Extras,Thai,TYPE_C,4.0,145,171.75,204.73,0,0,28.0,40.0,41.0,3,3,2,32.97999999999999,0.1610902163825525,Meal 1311 — Extras (Thai)
86,1438,Soup,Thai,TYPE_C,4.0,145,196.0,195.0,0,0,136.0,94.0,112.0,12,3,2,-1.0,-0.0051282051282051,Meal 1438 — Soup (Thai)
86,1445,Seafood,Continental,TYPE_C,4.0,145,726.53,727.53,0,0,217.0,42.0,75.5,11,0,2,1.0,0.0013745137657553,Meal 1445 — Seafood (Continental)
86,1525,Other Snacks,Thai,TYPE_C,4.0,145,319.13,319.13,0,0,28.0,15.0,21.25,5,3,2,0.0,0.0,Meal 1525 — Other Snacks (Thai)
86,1543,Desert,Indian,TYPE_C,4.0,145,486.03,484.03,0,0,95.0,53.0,57.5,2,1,2,-2.0,-0.0041319752907877,Meal 1543 — Desert (Indian)
86,1558,Pizza,Continental,TYPE_C,4.0,145,563.63,563.63,0,0,189.0,134.0,404.75,7,0,2,0.0,0.0,Meal 1558 — Pizza (Continental)
86,1571,Fish,Continental,TYPE_C,4.0,145,640.23,640.23,0,0,14.0,13.0,20.5,4,0,2,0.0,0.0,Meal 1571 — Fish (Continental)
86,1727,Rice Bowl,Indian,TYPE_C,4.0,145,466.63,466.63,0,0,622.0,593.0,502.75,8,1,2,0.0,0.0,Meal 1727 — Rice Bowl (Indian)
86,1754,Sandwich,Italian,TYPE_C,4.0,145,319.16,318.16,0,0,1579.0,906.0,1009.75,10,2,2,-1.0,-0.00314307266784,Meal 1754 — Sandwich (Italian)
86,1770,Biryani,Indian,TYPE_C,4.0,145,485.03,486.03,0,0,27.0,14.0,17.25,1,1,2,1.0,0.0020574861634055,Meal 1770 — Biryani (Indian)
86,1778,Beverages,Italian,TYPE_C,4.0,145,195.03,193.03,0,0,528.0,351.0,412.75,0,2,2,-2.0,-0.0103610837693622,Meal 1778 — Beverages (Italian)
86,1803,Extras,Thai,TYPE_C,4.0,144,228.01,338.53,0,0,15.0,41.0,41.25,3,3,2,110.51999999999998,0.3264703275928278,Meal 1803 — Extras (Thai)
86,1847,Soup,Thai,TYPE_C,4.0,145,195.0,194.0,0,0,135.0,109.0,98.25,12,3,2,-1.0,-0.0051546391752577,Meal 1847 — Soup (Thai)
86,1878,Starters,Thai,TYPE_C,4.0,143,319.13,321.13,0,0,13.0,13.0,16.5,13,3,2,2.0,0.0062280073490486,Meal 1878 — Starters (Thai)
86,1885,Beverages,Thai,TYPE_C,4.0,145,158.14,159.14,0,0,379.0,366.0,351.25,0,3,2,1.0,0.0062837752921955,Meal 1885 — Beverages (Thai)
86,1902,Biryani,Indian,TYPE_C,4.0,145,445.23,445.23,0,0,15.0,15.0,21.5,1,1,2,0.0,0.0,Meal 1902 — Biryani (Indian)
86,1962,Pizza,Continental,TYPE_C,4.0,145,563.6,564.6,0,0,432.0,323.0,462.0,7,0,2,1.0,0.0017711654268508,Meal 1962 — Pizza (Continental)
86,1971,Sandwich,Italian,TYPE_C,4.0,145,345.35,344.35,0,0,851.0,445.0,455.5,10,2,2,-1.0,-0.0029040220705677,Meal 1971 — Sandwich (Italian)
86,1993,Beverages,Thai,TYPE_C,4.0,145,159.14,158.14,0,0,148.0,202.0,188.75,0,3,2,-1.0,-0.0063235108132034,Meal 1993 — Beverages (Thai)
86,2126,Pasta,Italian,TYPE_C,4.0,142,509.31,507.31,0,0,28.0,14.0,17.75,6,2,2,-2.0,-0.0039423626579409,Meal 2126 — Pasta (Italian)
86,2139,Beverages,Indian,TYPE_C,4.0,145,291.03,291.03,0,0,26.0,53.0,32.75,0,1,2,0.0,0.0,Meal 2139 — Beverages (Indian)
86,2290,Rice Bowl,Indian,TYPE_C,4.0,145,286.15,288.15,0,0,1039.0,674.0,772.0,8,1,2,2.0,0.0069408294291167,Meal 2290 — Rice Bowl (Indian)
86,2304,Desert,Indian,TYPE_C,4.0,145,486.03,485.03,0,0,69.0,42.0,55.0,2,1,2,-1.0,-0.0020617281405273,Meal 2304 — Desert (Indian)
86,2306,Pasta,Italian,TYPE_C,4.0,145,242.5,336.62,1,1,28.0,13.0,17.0,6,2,2,94.12,0.279603113302834,Meal 2306 — Pasta (Italian)
86,2322,Beverages,Continental,TYPE_C,4.0,145,385.12,386.12,0,0,258.0,177.0,196.5,0,0,2,1.0,0.0025898684346835,Meal 2322 — Beverages (Continental)
86,2444,Seafood,Continental,TYPE_C,4.0,144,540.35,727.53,1,1,123.0,14.0,41.25,11,0,2,187.17999999999995,0.2572814866740889,Meal 2444 — Seafood (Continental)
86,2490,Salad,Italian,TYPE_C,4.0,145,290.03,290.03,0,0,1147.0,595.0,722.0,9,2,2,0.0,0.0,Meal 2490 — Salad (Italian)
86,2492,Desert,Indian,TYPE_C,4.0,145,388.03,387.03,0,0,27.0,41.0,54.0,2,1,2,-1.0,-0.0025837790352169,Meal 2492 — Desert (Indian)
86,2494,Soup,Thai,TYPE_C,4.0,145,194.0,196.0,0,0,82.0,41.0,64.75,12,3,2,2.0,0.010204081632653,Meal 2494 — Soup (Thai)
86,2539,Beverages,Thai,TYPE_C,4.0,145,159.14,159.14,0,0,148.0,67.0,135.25,0,3,2,0.0,0.0,Meal 2539 — Beverages (Thai)
86,2569,Salad,Italian,TYPE_C,4.0,145,268.75,339.56,0,0,433.0,256.0,270.5,9,2,2,70.81,0.2085345741547885,Meal 2569 — Salad (Italian)
86,2577,Starters,Thai,TYPE_C,4.0,145,320.13,319.13,0,0,14.0,14.0,13.75,13,3,2,-1.0,-0.0031335192554758,Meal 2577 — Starters (Thai)
86,2581,Pizza,Continental,TYPE_C,4.0,145,564.6,564.6,0,0,554.0,366.0,733.25,7,0,2,0.0,0.0,Meal 2581 — Pizza (Continental)
86,2631,Beverages,Indian,TYPE_C,4.0,145,163.93,165.93,0,0,95.0,53.0,81.5,0,1,2,2.0,0.012053275477611,Meal 2631 — Beverages (Indian)
86,2640,Starters,Thai,TYPE_C,4.0,145,319.13,320.13,0,0,68.0,27.0,51.0,13,3,2,1.0,0.0031237309842876,Meal 2640 — Starters (Thai)
86,2664,Salad,Italian,TYPE_C,4.0,145,276.48,337.56,0,0,755.0,458.0,424.5,9,2,2,61.079999999999984,0.180945609669392,Meal 2664 — Salad (Italian)
86,2704,Other Snacks,Thai,TYPE_C,4.0,144,320.13,319.13,0,0,14.0,68.0,40.75,5,3,2,-1.0,-0.0031335192554758,Meal 2704 — Other Snacks (Thai)
86,2707,Beverages,Italian,TYPE_C,4.0,145,235.71,237.71,0,0,352.0,189.0,253.0,0,2,2,2.0,0.0084136132261999,Meal 2707 — Beverages (Italian)
86,2760,Other Snacks,Thai,TYPE_C,4.0,144,163.99,241.53,0,1,28.0,13.0,27.5,5,3,2,77.53999999999999,0.3210367242164534,Meal 2760 — Other Snacks (Thai)
86,2826,Sandwich,Italian,TYPE_C,4.0,145,378.33,377.33,0,0,351.0,595.0,381.25,10,2,2,-1.0,-0.0026502000901068,Meal 2826 — Sandwich (Italian)
86,2867,Seafood,Continental,TYPE_C,4.0,144,484.03,727.53,1,0,82.0,55.0,40.75,11,0,2,243.5,0.3346941019614312,Meal 2867 — Seafood (Continental)
86,2956,Fish,Continental,TYPE_C,4.0,140,486.03,630.53,0,0,15.0,14.0,17.25,4,0,2,144.5,0.2291722836344028,Meal 2956 — Fish (Continental)
88,1062,Beverages,Italian,TYPE_A,4.1,145,153.26,159.11,1,0,364.0,472.0,344.0,0,2,0,5.850000000000023,0.0367670165294451,Meal 1062 — Beverages (Italian)
88,1109,Rice Bowl,Indian,TYPE_A,4.1,145,279.39,310.43,0,0,229.0,244.0,209.25,8,1,0,31.04000000000002,0.0999903359855684,Meal 1109 — Rice Bowl (Indian)
88,1207,Beverages,Continental,TYPE_A,4.1,145,349.23,349.23,0,0,109.0,40.0,91.25,0,0,0,0.0,0.0,Meal 1207 — Beverages (Continental)
88,1216,Pasta,Italian,TYPE_A,4.1,145,417.13,417.13,0,0,148.0,82.0,67.25,6,2,0,0.0,0.0,Meal 1216 — Pasta (Italian)
88,1230,Beverages,Continental,TYPE_A,4.1,145,368.63,367.63,0,0,81.0,82.0,67.5,0,0,0,-1.0,-0.0027201262138563,Meal 1230 — Beverages (Continental)
88,1247,Biryani,Indian,TYPE_A,4.1,145,446.23,446.23,0,0,40.0,27.0,30.0,1,1,0,0.0,0.0,Meal 1247 — Biryani (Indian)
88,1248,Beverages,Indian,TYPE_A,4.1,145,146.5,145.5,0,0,41.0,42.0,48.25,0,1,0,-1.0,-0.0068728522336769,Meal 1248 — Beverages (Indian)
88,1445,Seafood,Continental,TYPE_A,4.1,145,726.53,727.53,0,0,41.0,54.0,44.25,11,0,0,1.0,0.0013745137657553,Meal 1445 — Seafood (Continental)
88,1525,Other Snacks,Thai,TYPE_A,4.1,145,320.13,319.13,0,0,42.0,28.0,38.25,5,3,0,-1.0,-0.0031335192554758,Meal 1525 — Other Snacks (Thai)
88,1543,Desert,Indian,TYPE_A,4.1,145,484.09,483.09,0,0,95.0,109.0,85.0,2,1,0,-1.0,-0.0020700076590283,Meal 1543 — Desert (Indian)
88,1558,Pizza,Continental,TYPE_A,4.1,145,511.19,512.19,0,0,107.0,148.0,172.25,7,0,0,1.0000000000000568,0.0019524004763858,Meal 1558 — Pizza (Continental)
88,1571,Fish,Continental,TYPE_A,4.1,145,581.03,581.03,0,0,14.0,13.0,37.25,4,0,0,0.0,0.0,Meal 1571 — Fish (Continental)
88,1727,Rice Bowl,Indian,TYPE_A,4.1,145,421.95,422.95,0,0,242.0,270.0,182.25,8,1,0,1.0,0.0023643456673365,Meal 1727 — Rice Bowl (Indian)
88,1754,Sandwich,Italian,TYPE_A,4.1,145,282.3,282.3,0,0,728.0,742.0,688.75,10,2,0,0.0,0.0,Meal 1754 — Sandwich (Italian)
88,1770,Biryani,Indian,TYPE_A,4.1,145,456.93,455.93,0,0,13.0,27.0,20.0,1,1,0,-1.0,-0.0021933191498694,Meal 1770 — Biryani (Indian)
88,1778,Beverages,Italian,TYPE_A,4.1,145,162.05,159.14,1,0,190.0,202.0,151.5,0,2,0,-2.910000000000025,-0.0182857861002892,Meal 1778 — Beverages (Italian)
88,1878,Starters,Thai,TYPE_A,4.1,145,319.13,319.13,0,0,80.0,80.0,60.5,13,3,0,0.0,0.0,Meal 1878 — Starters (Thai)
88,1885,Beverages,Thai,TYPE_A,4.1,145,118.34,122.28,0,1,175.0,324.0,226.5,0,3,0,3.9399999999999977,0.0322211318285901,Meal 1885 — Beverages (Thai)
88,1902,Biryani,Indian,TYPE_A,4.1,143,445.23,446.23,0,0,14.0,15.0,17.75,1,1,0,1.0,0.0022409967953745,Meal 1902 — Biryani (Indian)
88,1962,Pizza,Continental,TYPE_A,4.1,145,513.19,511.19,0,0,108.0,231.0,267.25,7,0,0,-2.000000000000057,-0.0039124396017137,Meal 1962 — Pizza (Continental)
88,1971,Sandwich,Italian,TYPE_A,4.1,145,291.06,291.06,0,0,324.0,325.0,297.5,10,2,0,0.0,0.0,Meal 1971 — Sandwich (Italian)
88,1993,Beverages,Thai,TYPE_A,4.1,145,118.37,118.37,0,0,136.0,176.0,132.25,0,3,0,0.0,0.0,Meal 1993 — Beverages (Thai)
88,2104,Fish,Continental,TYPE_A,4.1,145,581.03,582.03,0,0,54.0,15.0,40.75,4,0,0,1.0,0.0017181244953009,Meal 2104 — Fish (Continental)
88,2126,Pasta,Italian,TYPE_A,4.1,145,437.53,489.85,0,1,55.0,27.0,37.75,6,2,0,52.32000000000005,0.1068082065938553,Meal 2126 — Pasta (Italian)
88,2139,Beverages,Indian,TYPE_A,4.1,145,275.48,276.48,0,0,13.0,40.0,33.75,0,1,0,1.0,0.0036168981481481,Meal 2139 — Beverages (Indian)
88,2290,Rice Bowl,Indian,TYPE_A,4.1,145,242.53,242.53,0,0,432.0,541.0,537.5,8,1,0,0.0,0.0,Meal 2290 — Rice Bowl (Indian)
88,2304,Desert,Indian,TYPE_A,4.1,145,483.09,482.09,0,0,14.0,41.0,27.75,2,1,0,-1.0,-0.0020743014789769,Meal 2304 — Desert (Indian)
88,2306,Pasta,Italian,TYPE_A,4.1,144,292.03,335.62,0,0,14.0,15.0,21.0,6,2,0,43.59000000000003,0.1298790298551934,Meal 2306 — Pasta (Italian)
88,2322,Beverages,Continental,TYPE_A,4.1,145,369.63,368.63,0,0,122.0,53.0,64.5,0,0,0,-1.0,-0.0027127471990885,Meal 2322 — Beverages (Continental)
88,2444,Seafood,Continental,TYPE_A,4.1,145,727.53,728.53,0,0,15.0,40.0,21.0,11,0,0,1.0,0.001372627070951,Meal 2444 — Seafood (Continental)
88,2490,Salad,Italian,TYPE_A,4.1,145,262.93,261.93,0,0,162.0,177.0,189.75,9,2,0,-1.0,-0.0038178139197495,Meal 2490 — Salad (Italian)
88,2492,Desert,Indian,TYPE_A,4.1,145,445.23,446.23,0,0,41.0,42.0,34.5,2,1,0,1.0,0.0022409967953745,Meal 2492 — Desert (Indian)
88,2539,Beverages,Thai,TYPE_A,4.1,145,116.43,121.25,0,1,68.0,41.0,82.0,0,3,0,4.819999999999993,0.0397525773195875,Meal 2539 — Beverages (Thai)
88,2569,Salad,Italian,TYPE_A,4.1,145,245.47,339.53,0,0,946.0,474.0,588.0,9,2,0,94.05999999999996,0.2770300120755161,Meal 2569 — Salad (Italian)
88,2577,Starters,Thai,TYPE_A,4.1,145,321.13,321.13,0,0,14.0,13.0,20.5,13,3,0,0.0,0.0,Meal 2577 — Starters (Thai)
88,2581,Pizza,Continental,TYPE_A,4.1,145,511.19,511.19,0,0,175.0,95.0,226.25,7,0,0,0.0,0.0,Meal 2581 — Pizza (Continental)
88,2631,Beverages,Indian,TYPE_A,4.1,145,151.35,150.35,0,0,122.0,135.0,91.75,0,1,0,-1.0,-0.0066511473229132,Meal 2631 — Beverages (Indian)
88,2640,Starters,Thai,TYPE_A,4.1,145,319.13,319.13,0,0,54.0,40.0,50.5,13,3,0,0.0,0.0,Meal 2640 — Starters (Thai)
88,2664,Salad,Italian,TYPE_A,4.1,145,246.44,328.89,0,0,527.0,419.0,354.75,9,2,0,82.44999999999999,0.2506917206360789,Meal 2664 — Salad (Italian)
88,2704,Other Snacks,Thai,TYPE_A,4.1,145,321.13,320.13,0,0,28.0,28.0,44.75,5,3,0,-1.0,-0.0031237309842876,Meal 2704 — Other Snacks (Thai)
88,2707,Beverages,Italian,TYPE_A,4.1,145,201.76,201.76,0,0,163.0,95.0,139.0,0,2,0,0.0,0.0,Meal 2707 — Beverages (Italian)
88,2760,Other Snacks,Thai,TYPE_A,4.1,145,183.36,262.93,0,1,163.0,42.0,71.25,5,3,0,79.57,0.3026280759137412,Meal 2760 — Other Snacks (Thai)
88,2826,Sandwich,Italian,TYPE_A,4.1,145,325.92,325.92,0,0,94.0,217.0,122.25,10,2,0,0.0,0.0,Meal 2826 — Sandwich (Italian)
88,2867,Seafood,Continental,TYPE_A,4.1,144,582.03,728.53,1,0,42.0,41.0,41.0,11,0,0,146.5,0.2010898658943351,Meal 2867 — Seafood (Continental)
88,2956,Fish,Continental,TYPE_A,4.1,144,583.03,581.03,0,0,28.0,13.0,16.75,4,0,0,-2.0,-0.0034421630552639,Meal 2956 — Fish (Continental)
89,1062,Beverages,Italian,TYPE_A,4.8,145,189.18,189.18,0,0,500.0,757.0,618.25,0,2,0,0.0,0.0,Meal 1062 — Beverages (Italian)
89,1109,Rice Bowl,Indian,TYPE_A,4.8,145,269.66,269.66,0,0,620.0,512.0,573.25,8,1,0,0.0,0.0,Meal 1109 — Rice Bowl (Indian)
89,1198,Extras,Thai,TYPE_A,4.8,145,152.29,242.53,0,0,95.0,310.0,158.5,3,3,0,90.24,0.3720776811116151,Meal 1198 — Extras (Thai)
89,1207,Beverages,Continental,TYPE_A,4.8,145,379.27,381.27,0,0,122.0,177.0,132.5,0,0,0,2.0,0.0052456264589398,Meal 1207 — Beverages (Continental)
89,1216,Pasta,Italian,TYPE_A,4.8,145,418.13,416.13,0,0,177.0,230.0,132.25,6,2,0,-2.0,-0.0048061903732006,Meal 1216 — Pasta (Italian)
89,1230,Beverages,Continental,TYPE_A,4.8,145,378.33,378.33,0,0,81.0,175.0,131.0,0,0,0,0.0,0.0,Meal 1230 — Beverages (Continental)
89,1247,Biryani,Indian,TYPE_A,4.8,142,445.23,445.23,0,0,14.0,41.0,24.0,1,1,0,0.0,0.0,Meal 1247 — Biryani (Indian)
89,1248,Beverages,Indian,TYPE_A,4.8,145,164.93,163.93,0,0,80.0,67.0,80.75,0,1,0,-1.0,-0.006100164704447,Meal 1248 — Beverages (Indian)
89,1311,Extras,Thai,TYPE_A,4.8,145,219.28,219.28,0,0,243.0,242.0,240.0,3,3,0,0.0,0.0,Meal 1311 — Extras (Thai)
89,1438,Soup,Thai,TYPE_A,4.8,145,195.0,196.0,0,0,123.0,81.0,112.5,12,3,0,1.0,0.0051020408163265,Meal 1438 — Soup (Thai)
89,1445,Seafood,Continental,TYPE_A,4.8,145,728.53,726.53,0,0,242.0,163.0,111.0,11,0,0,-2.0,-0.0027528113085488,Meal 1445 — Seafood (Continental)
89,1525,Other Snacks,Thai,TYPE_A,4.8,145,321.13,321.13,0,0,176.0,95.0,128.5,5,3,0,0.0,0.0,Meal 1525 — Other Snacks (Thai)
89,1543,Desert,Indian,TYPE_A,4.8,145,486.03,485.03,0,0,55.0,95.0,64.75,2,1,0,-1.0,-0.0020617281405273,Meal 1543 — Desert (Indian)
89,1558,Pizza,Continental,TYPE_A,4.8,145,563.6,562.6,0,0,162.0,123.0,385.75,7,0,0,-1.0,-0.0017774617845716,Meal 1558 — Pizza (Continental)
89,1571,Fish,Continental,TYPE_A,4.8,145,640.23,640.23,0,0,69.0,149.0,81.5,4,0,0,0.0,0.0,Meal 1571 — Fish (Continental)
89,1727,Rice Bowl,Indian,TYPE_A,4.8,145,464.63,464.63,0,0,339.0,311.0,351.25,8,1,0,0.0,0.0,Meal 1727 — Rice Bowl (Indian)
89,1754,Sandwich,Italian,TYPE_A,4.8,145,319.16,318.16,0,0,296.0,337.0,395.0,10,2,0,-1.0,-0.00314307266784,Meal 1754 — Sandwich (Italian)
89,1770,Biryani,Indian,TYPE_A,4.8,145,485.03,484.03,0,0,95.0,15.0,34.0,1,1,0,-1.0,-0.0020659876453938,Meal 1770 — Biryani (Indian)
89,1778,Beverages,Italian,TYPE_A,4.8,145,192.12,190.12,0,0,485.0,460.0,428.75,0,2,0,-2.0,-0.0105196717862402,Meal 1778 — Beverages (Italian)
89,1803,Extras,Thai,TYPE_A,4.8,145,121.31,216.34,0,0,243.0,217.0,203.0,3,3,0,95.03,0.4392622723490801,Meal 1803 — Extras (Thai)
89,1847,Soup,Thai,TYPE_A,4.8,145,196.0,194.0,0,0,95.0,53.0,94.0,12,3,0,-2.0,-0.0103092783505154,Meal 1847 — Soup (Thai)
89,1878,Starters,Thai,TYPE_A,4.8,145,320.13,320.13,0,0,54.0,41.0,34.25,13,3,0,0.0,0.0,Meal 1878 — Starters (Thai)
89,1885,Beverages,Thai,TYPE_A,4.8,145,158.14,159.14,0,0,1160.0,1268.0,1119.75,0,3,0,1.0,0.0062837752921955,Meal 1885 — Beverages (Thai)
89,1902,Biryani,Indian,TYPE_A,4.8,145,445.23,447.23,0,0,27.0,26.0,20.0,1,1,0,2.0,0.0044719719160163,Meal 1902 — Biryani (Indian)
89,1962,Pizza,Continental,TYPE_A,4.8,145,563.6,640.23,0,0,433.0,296.0,1158.0,7,0,0,76.63,0.1196913609171703,Meal 1962 — Pizza (Continental)
89,1971,Sandwich,Italian,TYPE_A,4.8,145,344.35,346.35,0,0,202.0,122.0,138.75,10,2,0,2.0,0.0057745055579615,Meal 1971 — Sandwich (Italian)
89,1993,Beverages,Thai,TYPE_A,4.8,145,156.17,157.17,0,0,648.0,649.0,682.25,0,3,0,1.0,0.0063625373799071,Meal 1993 — Beverages (Thai)
89,2104,Fish,Continental,TYPE_A,4.8,145,640.23,639.23,0,0,14.0,26.0,33.75,4,0,0,-1.0,-0.0015643821472709,Meal 2104 — Fish (Continental)
89,2126,Pasta,Italian,TYPE_A,4.8,145,332.71,532.56,0,0,14.0,26.0,53.75,6,2,0,199.85,0.3752628811777077,Meal 2126 — Pasta (Italian)
89,2139,Beverages,Indian,TYPE_A,4.8,145,380.3,379.3,0,0,13.0,28.0,31.0,0,1,0,-1.0,-0.002636435539151,Meal 2139 — Beverages (Indian)
89,2290,Rice Bowl,Indian,TYPE_A,4.8,145,187.27,303.67,0,0,594.0,676.0,648.25,8,1,0,116.4,0.3833108308361049,Meal 2290 — Rice Bowl (Indian)
89,2304,Desert,Indian,TYPE_A,4.8,145,484.03,486.03,0,0,14.0,41.0,44.5,2,1,0,2.0,0.0041149723268111,Meal 2304 — Desert (Indian)
89,2306,Pasta,Italian,TYPE_A,4.8,145,243.5,335.62,1,0,40.0,15.0,30.25,6,2,0,92.12,0.274477087181932,Meal 2306 — Pasta (Italian)
89,2322,Beverages,Continental,TYPE_A,4.8,145,387.06,388.06,0,0,135.0,107.0,186.0,0,0,0,1.0,0.002576921094676,Meal 2322 — Beverages (Continental)
89,2444,Seafood,Continental,TYPE_A,4.8,145,667.39,666.39,0,0,257.0,204.0,122.25,11,0,0,-1.0,-0.0015006227584447,Meal 2444 — Seafood (Continental)
89,2490,Salad,Italian,TYPE_A,4.8,145,290.03,290.03,0,0,270.0,352.0,314.5,9,2,0,0.0,0.0,Meal 2490 — Salad (Italian)
89,2492,Desert,Indian,TYPE_A,4.8,145,388.03,388.03,0,0,13.0,54.0,57.25,2,1,0,0.0,0.0,Meal 2492 — Desert (Indian)
89,2494,Soup,Thai,TYPE_A,4.8,145,194.0,195.0,0,0,108.0,69.0,74.75,12,3,0,1.0,0.0051282051282051,Meal 2494 — Soup (Thai)
89,2539,Beverages,Thai,TYPE_A,4.8,145,156.17,156.17,0,0,310.0,244.0,273.25,0,3,0,0.0,0.0,Meal 2539 — Beverages (Thai)
89,2569,Salad,Italian,TYPE_A,4.8,145,238.62,337.56,0,1,729.0,217.0,344.5,9,2,0,98.94,0.293103448275862,Meal 2569 — Salad (Italian)
89,2577,Starters,Thai,TYPE_A,4.8,145,320.13,319.13,0,0,28.0,42.0,31.25,13,3,0,-1.0,-0.0031335192554758,Meal 2577 — Starters (Thai)
89,2581,Pizza,Continental,TYPE_A,4.8,145,563.6,564.6,0,0,257.0,243.0,560.25,7,0,0,1.0,0.0017711654268508,Meal 2581 — Pizza (Continental)
89,2631,Beverages,Indian,TYPE_A,4.8,145,165.93,165.93,0,0,40.0,121.0,77.75,0,1,0,0.0,0.0,Meal 2631 — Beverages (Indian)
89,2640,Starters,Thai,TYPE_A,4.8,145,321.13,319.13,0,0,41.0,13.0,54.0,13,3,0,-2.0,-0.0062670385109516,Meal 2640 — Starters (Thai)
89,2664,Salad,Italian,TYPE_A,4.8,145,241.53,338.56,0,1,663.0,215.0,338.0,9,2,0,97.03,0.2865961720226843,Meal 2664 — Salad (Italian)
89,2704,Other Snacks,Thai,TYPE_A,4.8,145,321.13,320.13,0,0,53.0,123.0,95.25,5,3,0,-1.0,-0.0031237309842876,Meal 2704 — Other Snacks (Thai)
89,2707,Beverages,Italian,TYPE_A,4.8,145,229.92,228.92,0,0,971.0,1027.0,972.75,0,2,0,-1.0,-0.0043683382841167,Meal 2707 — Beverages (Italian)
89,2760,Other Snacks,Thai,TYPE_A,4.8,145,168.81,241.53,0,0,231.0,149.0,158.75,5,3,0,72.72,0.3010806111042106,Meal 2760 — Other Snacks (Thai)
89,2826,Sandwich,Italian,TYPE_A,4.8,145,371.54,371.54,0,0,296.0,526.0,485.75,10,2,0,0.0,0.0,Meal 2826 — Sandwich (Italian)
89,2867,Seafood,Continental,TYPE_A,4.8,144,486.03,728.53,1,1,67.0,40.0,51.0,11,0,0,242.5,0.3328620647056401,Meal 2867 — Seafood (Continental)
89,2956,Fish,Continental,TYPE_A,4.8,145,639.23,640.23,0,0,53.0,67.0,50.25,4,0,0,1.0,0.0015619386782874,Meal 2956 — Fish (Continental)
91,1062,Beverages,Italian,TYPE_C,0.9,145,193.03,194.03,0,0,176.0,162.0,158.75,0,2,2,1.0,0.0051538421893521,Meal 1062 — Beverages (Italian)
91,1109,Rice Bowl,Indian,TYPE_C,0.9,145,271.63,309.43,0,0,148.0,163.0,108.5,8,1,2,37.80000000000001,0.1221601008305594,Meal 1109 — Rice Bowl (Indian)
91,1198,Extras,Thai,TYPE_C,0.9,62,319.13,319.13,0,0,40.0,68.0,40.25,3,3,2,0.0,0.0,Meal 1198 — Extras (Thai)
91,1207,Beverages,Continental,TYPE_C,0.9,145,390.0,390.0,0,0,163.0,148.0,118.75,0,0,2,0.0,0.0,Meal 1207 — Beverages (Continental)
91,1216,Pasta,Italian,TYPE_C,0.9,145,417.13,417.13,0,0,13.0,14.0,14.0,6,2,2,0.0,0.0,Meal 1216 — Pasta (Italian)
91,1230,Beverages,Continental,TYPE_C,0.9,118,389.0,388.0,0,0,94.0,95.0,105.0,0,0,2,-1.0,-0.0025773195876288,Meal 1230 — Beverages (Continental)
91,1248,Beverages,Indian,TYPE_C,0.9,145,164.93,164.93,0,0,42.0,67.0,57.25,0,1,2,0.0,0.0,Meal 1248 — Beverages (Indian)
91,1311,Extras,Thai,TYPE_C,0.9,145,170.75,339.53,0,0,14.0,42.0,34.75,3,3,2,168.77999999999997,0.4970989308750331,Meal 1311 — Extras (Thai)
91,1438,Soup,Thai,TYPE_C,0.9,119,196.0,243.5,0,0,15.0,14.0,14.25,12,3,2,47.5,0.1950718685831622,Meal 1438 — Soup (Thai)
91,1445,Seafood,Continental,TYPE_C,0.9,144,486.03,726.53,1,0,69.0,26.0,37.75,11,0,2,240.5,0.3310255598529998,Meal 1445 — Seafood (Continental)
91,1525,Other Snacks,Thai,TYPE_C,0.9,143,319.13,319.13,0,0,26.0,13.0,23.75,5,3,2,0.0,0.0,Meal 1525 — Other Snacks (Thai)
91,1543,Desert,Indian,TYPE_C,0.9,144,485.03,485.03,0,0,14.0,15.0,14.75,2,1,2,0.0,0.0,Meal 1543 — Desert (Indian)
91,1558,Pizza,Continental,TYPE_C,0.9,145,564.6,563.6,0,0,175.0,149.0,162.5,7,0,2,-1.0,-0.0017743080198722,Meal 1558 — Pizza (Continental)
91,1727,Rice Bowl,Indian,TYPE_C,0.9,145,464.63,464.63,0,0,54.0,109.0,81.75,8,1,2,0.0,0.0,Meal 1727 — Rice Bowl (Indian)
91,1754,Sandwich,Italian,TYPE_C,0.9,145,318.16,320.16,0,0,325.0,150.0,189.5,10,2,2,2.0,0.0062468765617191,Meal 1754 — Sandwich (Italian)
91,1778,Beverages,Italian,TYPE_C,0.9,145,190.15,191.15,0,0,244.0,135.0,176.0,0,2,2,1.0,0.0052314935914203,Meal 1778 — Beverages (Italian)
91,1803,Extras,Thai,TYPE_C,0.9,144,226.01,338.53,0,0,14.0,14.0,20.75,3,3,2,112.51999999999998,0.3323782234957019,Meal 1803 — Extras (Thai)
91,1878,Starters,Thai,TYPE_C,0.9,144,319.13,321.13,0,0,14.0,14.0,13.75,13,3,2,2.0,0.0062280073490486,Meal 1878 — Starters (Thai)
91,1885,Beverages,Thai,TYPE_C,0.9,145,158.11,159.11,0,0,96.0,82.0,78.5,0,3,2,1.0,0.0062849600905034,Meal 1885 — Beverages (Thai)
91,1962,Pizza,Continental,TYPE_C,0.9,145,564.6,563.6,0,0,296.0,176.0,233.25,7,0,2,-1.0,-0.0017743080198722,Meal 1962 — Pizza (Continental)
91,1971,Sandwich,Italian,TYPE_C,0.9,145,346.35,346.35,0,0,122.0,40.0,88.5,10,2,2,0.0,0.0,Meal 1971 — Sandwich (Italian)
91,1993,Beverages,Thai,TYPE_C,0.9,145,158.11,159.11,0,0,54.0,109.0,91.25,0,3,2,1.0,0.0062849600905034,Meal 1993 — Beverages (Thai)
91,2126,Pasta,Italian,TYPE_C,0.9,143,507.31,508.31,0,0,15.0,26.0,20.75,6,2,2,1.0,0.001967303417206,Meal 2126 — Pasta (Italian)
91,2290,Rice Bowl,Indian,TYPE_C,0.9,145,297.79,297.79,0,0,323.0,283.0,240.0,8,1,2,0.0,0.0,Meal 2290 — Rice Bowl (Indian)
91,2304,Desert,Indian,TYPE_C,0.9,144,484.03,485.03,0,0,15.0,14.0,14.0,2,1,2,1.0,0.0020617281405273,Meal 2304 — Desert (Indian)
91,2322,Beverages,Continental,TYPE_C,0.9,145,382.18,382.18,0,0,135.0,96.0,149.0,0,0,2,0.0,0.0,Meal 2322 — Beverages (Continental)
91,2444,Seafood,Continental,TYPE_C,0.9,145,727.53,726.53,0,0,41.0,40.0,27.75,11,0,2,-1.0,-0.0013764056542744,Meal 2444 — Seafood (Continental)
91,2490,Salad,Italian,TYPE_C,0.9,145,291.03,290.03,0,0,256.0,107.0,165.0,9,2,2,-1.0,-0.0034479191807744,Meal 2490 — Salad (Italian)
91,2494,Soup,Thai,TYPE_C,0.9,120,195.0,196.0,0,0,15.0,15.0,14.333333333333334,12,3,2,1.0,0.0051020408163265,Meal 2494 — Soup (Thai)
91,2539,Beverages,Thai,TYPE_C,0.9,145,142.59,144.59,0,0,82.0,81.0,71.25,0,3,2,2.0,0.0138322152292689,Meal 2539 — Beverages (Thai)
91,2569,Salad,Italian,TYPE_C,0.9,145,278.42,338.56,0,0,96.0,136.0,122.0,9,2,2,60.13999999999999,0.1776346880907372,Meal 2569 — Salad (Italian)
91,2581,Pizza,Continental,TYPE_C,0.9,145,562.6,562.6,0,0,215.0,190.0,175.5,7,0,2,0.0,0.0,Meal 2581 — Pizza (Continental)
91,2631,Beverages,Indian,TYPE_C,0.9,145,163.93,164.93,0,0,27.0,15.0,23.75,0,1,2,1.0,0.0060631783180743,Meal 2631 — Beverages (Indian)
91,2640,Starters,Thai,TYPE_C,0.9,145,319.13,319.13,0,0,13.0,13.0,16.25,13,3,2,0.0,0.0,Meal 2640 — Starters (Thai)
91,2664,Salad,Italian,TYPE_C,0.9,145,280.33,338.56,0,0,202.0,325.0,219.0,9,2,2,58.23000000000002,0.1719931474480151,Meal 2664 — Salad (Italian)
91,2704,Other Snacks,Thai,TYPE_C,0.9,123,243.53,291.03,0,0,15.0,13.0,13.5,5,3,2,47.49999999999997,0.1632134144246297,Meal 2704 — Other Snacks (Thai)
91,2707,Beverages,Italian,TYPE_C,0.9,145,243.53,243.53,0,0,96.0,82.0,78.0,0,2,2,0.0,0.0,Meal 2707 — Beverages (Italian)
91,2760,Other Snacks,Thai,TYPE_C,0.9,145,163.99,243.53,0,0,26.0,26.0,29.75,5,3,2,79.53999999999999,0.3266127376503921,Meal 2760 — Other Snacks (Thai)
91,2826,Sandwich,Italian,TYPE_C,0.9,145,378.33,377.33,0,0,96.0,80.0,81.25,10,2,2,-1.0,-0.0026502000901068,Meal 2826 — Sandwich (Italian)
92,1062,Beverages,Italian,TYPE_C,2.9,145,153.29,154.29,1,0,352.0,257.0,280.75,0,2,2,1.0,0.0064813014453302,Meal 1062 — Beverages (Italian)
92,1109,Rice Bowl,Indian,TYPE_C,2.9,145,311.43,311.43,0,0,177.0,177.0,146.0,8,1,2,0.0,0.0,Meal 1109 — Rice Bowl (Indian)
92,1207,Beverages,Continental,TYPE_C,2.9,145,360.87,359.87,0,0,68.0,67.0,67.25,0,0,2,-1.0,-0.002778781226554,Meal 1207 — Beverages (Continental)
92,1216,Pasta,Italian,TYPE_C,2.9,145,418.13,416.13,0,0,109.0,81.0,57.5,6,2,2,-2.0,-0.0048061903732006,Meal 1216 — Pasta (Italian)
92,1230,Beverages,Continental,TYPE_C,2.9,140,326.92,325.92,0,0,53.0,53.0,87.25,0,0,2,-1.0,-0.00306823760432,Meal 1230 — Beverages (Continental)
92,1247,Biryani,Indian,TYPE_C,2.9,145,447.23,445.23,0,0,14.0,14.0,14.0,1,1,2,-2.0,-0.004492060283449,Meal 1247 — Biryani (Indian)
92,1248,Beverages,Indian,TYPE_C,2.9,145,150.41,150.41,0,0,94.0,40.0,57.5,0,1,2,0.0,0.0,Meal 1248 — Beverages (Indian)
92,1445,Seafood,Continental,TYPE_C,2.9,145,726.53,727.53,0,0,81.0,14.0,47.75,11,0,2,1.0,0.0013745137657553,Meal 1445 — Seafood (Continental)
92,1525,Other Snacks,Thai,TYPE_C,2.9,142,321.13,319.13,0,0,13.0,14.0,17.25,5,3,2,-2.0,-0.0062670385109516,Meal 1525 — Other Snacks (Thai)
92,1543,Desert,Indian,TYPE_C,2.9,145,483.09,484.09,0,0,67.0,136.0,104.5,2,1,2,1.0,0.0020657315788386,Meal 1543 — Desert (Indian)
92,1558,Pizza,Continental,TYPE_C,2.9,145,513.19,512.19,0,0,202.0,231.0,247.0,7,0,2,-1.0,-0.0019524004763857,Meal 1558 — Pizza (Continental)
92,1727,Rice Bowl,Indian,TYPE_C,2.9,145,423.95,422.95,0,0,242.0,365.0,253.0,8,1,2,-1.0,-0.0023643456673365,Meal 1727 — Rice Bowl (Indian)
92,1754,Sandwich,Italian,TYPE_C,2.9,145,292.03,290.03,0,0,782.0,689.0,765.5,10,2,2,-2.0,-0.0068958383615488,Meal 1754 — Sandwich (Italian)
92,1770,Biryani,Indian,TYPE_C,2.9,145,485.03,486.03,0,0,13.0,14.0,14.25,1,1,2,1.0,0.0020574861634055,Meal 1770 — Biryani (Indian)
92,1778,Beverages,Italian,TYPE_C,2.9,145,150.41,157.14,1,1,190.0,162.0,182.5,0,2,2,6.72999999999999,0.0428280514191166,Meal 1778 — Beverages (Italian)
92,1878,Starters,Thai,TYPE_C,2.9,145,321.13,319.13,0,0,15.0,27.0,23.5,13,3,2,-2.0,-0.0062670385109516,Meal 1878 — Starters (Thai)
92,1885,Beverages,Thai,TYPE_C,2.9,145,121.25,123.25,0,0,150.0,82.0,81.75,0,3,2,2.0,0.0162271805273833,Meal 1885 — Beverages (Thai)
92,1902,Biryani,Indian,TYPE_C,2.9,143,446.23,446.23,0,0,15.0,27.0,20.5,1,1,2,0.0,0.0,Meal 1902 — Biryani (Indian)
92,1962,Pizza,Continental,TYPE_C,2.9,145,511.19,513.19,0,0,202.0,134.0,236.0,7,0,2,2.000000000000057,0.0038971920731114,Meal 1962 — Pizza (Continental)
92,1971,Sandwich,Italian,TYPE_C,2.9,145,291.06,290.06,0,0,445.0,337.0,340.5,10,2,2,-1.0,-0.0034475625732607,Meal 1971 — Sandwich (Italian)
92,1993,Beverages,Thai,TYPE_C,2.9,145,115.43,116.43,0,0,271.0,177.0,166.0,0,3,2,1.0,0.0085888516705316,Meal 1993 — Beverages (Thai)
92,2126,Pasta,Italian,TYPE_C,2.9,145,437.53,507.31,0,0,28.0,13.0,27.5,6,2,2,69.78000000000003,0.1375490331355582,Meal 2126 — Pasta (Italian)
92,2139,Beverages,Indian,TYPE_C,2.9,144,290.03,291.03,0,0,42.0,53.0,34.25,0,1,2,1.0,0.0034360718826237,Meal 2139 — Beverages (Indian)
92,2290,Rice Bowl,Indian,TYPE_C,2.9,145,259.02,260.02,0,0,432.0,312.0,395.25,8,1,2,1.0,0.0038458580109222,Meal 2290 — Rice Bowl (Indian)
92,2304,Desert,Indian,TYPE_C,2.9,145,484.09,482.09,0,0,123.0,67.0,85.25,2,1,2,-2.0,-0.0041486029579539,Meal 2304 — Desert (Indian)
92,2306,Pasta,Italian,TYPE_C,2.9,144,78.57,337.62,0,0,26.0,95.0,43.75,6,2,2,259.05,0.7672827439132753,Meal 2306 — Pasta (Italian)
92,2322,Beverages,Continental,TYPE_C,2.9,145,350.23,349.23,0,0,69.0,68.0,92.0,0,0,2,-1.0,-0.0028634424304899,Meal 2322 — Beverages (Continental)
92,2444,Seafood,Continental,TYPE_C,2.9,143,583.03,726.53,0,0,14.0,13.0,67.5,11,0,2,143.5,0.1975142113883803,Meal 2444 — Seafood (Continental)
92,2490,Salad,Italian,TYPE_C,2.9,145,279.36,280.36,0,0,324.0,217.0,226.75,9,2,2,1.0,0.0035668426309031,Meal 2490 — Salad (Italian)
92,2492,Desert,Indian,TYPE_C,2.9,145,445.23,447.23,0,0,14.0,54.0,37.25,2,1,2,2.0,0.0044719719160163,Meal 2492 — Desert (Indian)
92,2539,Beverages,Thai,TYPE_C,2.9,145,119.34,120.34,0,0,69.0,53.0,54.25,0,3,2,1.0,0.0083097889313611,Meal 2539 — Beverages (Thai)
92,2569,Salad,Italian,TYPE_C,2.9,145,249.29,335.65,0,0,649.0,647.0,536.5,9,2,2,86.35999999999999,0.2572918218382243,Meal 2569 — Salad (Italian)
92,2577,Starters,Thai,TYPE_C,2.9,145,321.13,321.13,0,0,15.0,14.0,14.5,13,3,2,0.0,0.0,Meal 2577 — Starters (Thai)
92,2581,Pizza,Continental,TYPE_C,2.9,145,511.19,512.19,0,0,242.0,229.0,316.75,7,0,2,1.0000000000000568,0.0019524004763858,Meal 2581 — Pizza (Continental)
92,2631,Beverages,Indian,TYPE_C,2.9,145,130.01,149.41,0,0,121.0,109.0,85.0,0,1,2,19.40000000000001,0.1298440532762198,Meal 2631 — Beverages (Indian)
92,2640,Starters,Thai,TYPE_C,2.9,145,320.13,320.13,0,0,27.0,15.0,17.75,13,3,2,0.0,0.0,Meal 2640 — Starters (Thai)
92,2664,Salad,Italian,TYPE_C,2.9,145,251.23,337.62,0,0,635.0,620.0,499.5,9,2,2,86.39000000000001,0.255879391031337,Meal 2664 — Salad (Italian)
92,2704,Other Snacks,Thai,TYPE_C,2.9,145,321.13,321.13,0,0,14.0,15.0,14.25,5,3,2,0.0,0.0,Meal 2704 — Other Snacks (Thai)
92,2707,Beverages,Italian,TYPE_C,2.9,145,199.82,201.82,0,0,107.0,136.0,125.0,0,2,2,2.0,0.0099098206322465,Meal 2707 — Beverages (Italian)
92,2760,Other Snacks,Thai,TYPE_C,2.9,145,183.36,262.93,0,0,13.0,28.0,16.75,5,3,2,79.57,0.3026280759137412,Meal 2760 — Other Snacks (Thai)
92,2826,Sandwich,Italian,TYPE_C,2.9,145,327.92,327.92,0,0,123.0,270.0,166.0,10,2,2,0.0,0.0,Meal 2826 — Sandwich (Italian)
92,2867,Seafood,Continental,TYPE_C,2.9,134,485.03,767.33,1,1,13.0,15.0,21.25,11,0,2,282.30000000000007,0.3678990786232782,Meal 2867 — Seafood (Continental)
93,1062,Beverages,Italian,TYPE_A,3.9,145,154.23,153.26,1,0,392.0,418.0,327.75,0,2,0,-0.9699999999999988,-0.0063291139240506,Meal 1062 — Beverages (Italian)
93,1109,Rice Bowl,Indian,TYPE_A,3.9,145,309.43,311.43,0,0,337.0,593.0,458.75,8,1,0,2.0,0.0064219888899592,Meal 1109 — Rice Bowl (Indian)
93,1207,Beverages,Continental,TYPE_A,3.9,145,362.78,362.78,0,0,53.0,13.0,94.25,0,0,0,0.0,0.0,Meal 1207 — Beverages (Continental)
93,1216,Pasta,Italian,TYPE_A,3.9,145,416.13,417.13,0,0,41.0,136.0,64.75,6,2,0,1.0,0.0023973341644091,Meal 1216 — Pasta (Italian)
93,1230,Beverages,Continental,TYPE_A,3.9,145,345.38,344.38,0,0,190.0,149.0,125.5,0,0,0,-1.0,-0.0029037690922817,Meal 1230 — Beverages (Continental)
93,1247,Biryani,Indian,TYPE_A,3.9,144,445.23,445.23,0,0,14.0,15.0,20.75,1,1,0,0.0,0.0,Meal 1247 — Biryani (Indian)
93,1248,Beverages,Indian,TYPE_A,3.9,145,153.26,154.26,0,0,42.0,41.0,44.5,0,1,0,1.0,0.0064825619084662,Meal 1248 — Beverages (Indian)
93,1445,Seafood,Continental,TYPE_A,3.9,145,727.53,865.27,0,0,55.0,40.0,43.5,11,0,0,137.74,0.1591873056964878,Meal 1445 — Seafood (Continental)
93,1525,Other Snacks,Thai,TYPE_A,3.9,145,321.13,320.13,0,0,41.0,40.0,57.0,5,3,0,-1.0,-0.0031237309842876,Meal 1525 — Other Snacks (Thai)
93,1543,Desert,Indian,TYPE_A,3.9,145,483.09,483.09,0,0,82.0,27.0,50.75,2,1,0,0.0,0.0,Meal 1543 — Desert (Indian)
93,1558,Pizza,Continental,TYPE_A,3.9,145,511.19,513.19,0,0,122.0,161.0,233.0,7,0,0,2.000000000000057,0.0038971920731114,Meal 1558 — Pizza (Continental)
93,1571,Fish,Continental,TYPE_A,3.9,145,583.03,583.03,0,0,82.0,161.0,98.0,4,0,0,0.0,0.0,Meal 1571 — Fish (Continental)
93,1727,Rice Bowl,Indian,TYPE_A,3.9,145,422.95,422.95,0,0,189.0,215.0,212.25,8,1,0,0.0,0.0,Meal 1727 — Rice Bowl (Indian)
93,1754,Sandwich,Italian,TYPE_A,3.9,145,292.03,290.03,0,0,634.0,446.0,546.75,10,2,0,-2.0,-0.0068958383615488,Meal 1754 — Sandwich (Italian)
93,1770,Biryani,Indian,TYPE_A,3.9,145,485.03,484.03,0,0,15.0,28.0,27.25,1,1,0,-1.0,-0.0020659876453938,Meal 1770 — Biryani (Indian)
93,1778,Beverages,Italian,TYPE_A,3.9,145,162.02,177.51,1,1,271.0,339.0,243.75,0,2,0,15.48999999999998,0.0872626894259477,Meal 1778 — Beverages (Italian)
93,1878,Starters,Thai,TYPE_A,3.9,145,321.13,321.13,0,0,82.0,69.0,91.75,13,3,0,0.0,0.0,Meal 1878 — Starters (Thai)
93,1885,Beverages,Thai,TYPE_A,3.9,145,121.31,119.31,0,0,269.0,312.0,317.5,0,3,0,-2.0,-0.0167630542284804,Meal 1885 — Beverages (Thai)
93,1902,Biryani,Indian,TYPE_A,3.9,145,447.23,445.23,0,0,14.0,15.0,14.5,1,1,0,-2.0,-0.004492060283449,Meal 1902 — Biryani (Indian)
93,1962,Pizza,Continental,TYPE_A,3.9,145,511.19,512.19,0,0,188.0,150.0,314.0,7,0,0,1.0000000000000568,0.0019524004763858,Meal 1962 — Pizza (Continental)
93,1971,Sandwich,Italian,TYPE_A,3.9,145,290.06,290.06,0,0,406.0,217.0,274.0,10,2,0,0.0,0.0,Meal 1971 — Sandwich (Italian)
93,1993,Beverages,Thai,TYPE_A,3.9,145,119.34,119.34,0,0,283.0,297.0,307.0,0,3,0,0.0,0.0,Meal 1993 — Beverages (Thai)
93,2104,Fish,Continental,TYPE_A,3.9,145,594.64,593.64,0,0,67.0,82.0,71.0,4,0,0,-1.0,-0.0016845226062933,Meal 2104 — Fish (Continental)
93,2126,Pasta,Italian,TYPE_A,3.9,145,460.78,460.78,0,0,27.0,13.0,23.5,6,2,0,0.0,0.0,Meal 2126 — Pasta (Italian)
93,2139,Beverages,Indian,TYPE_A,3.9,145,282.33,280.33,0,0,40.0,15.0,34.25,0,1,0,-2.0,-0.0071344486854778,Meal 2139 — Beverages (Indian)
93,2290,Rice Bowl,Indian,TYPE_A,3.9,145,260.96,259.96,0,0,728.0,717.0,621.0,8,1,0,-1.0,-0.0038467456531774,Meal 2290 — Rice Bowl (Indian)
93,2304,Desert,Indian,TYPE_A,3.9,145,482.09,482.09,0,0,55.0,69.0,55.0,2,1,0,0.0,0.0,Meal 2304 — Desert (Indian)
93,2306,Pasta,Italian,TYPE_A,3.9,145,241.53,307.55,1,0,42.0,14.0,20.75,6,2,0,66.02000000000001,0.2146642822305316,Meal 2306 — Pasta (Italian)
93,2322,Beverages,Continental,TYPE_A,3.9,145,360.9,360.9,0,0,67.0,108.0,111.25,0,0,0,0.0,0.0,Meal 2322 — Beverages (Continental)
93,2444,Seafood,Continental,TYPE_A,3.9,144,581.03,726.53,1,1,53.0,14.0,37.25,11,0,0,145.5,0.2002670226969292,Meal 2444 — Seafood (Continental)
93,2490,Salad,Italian,TYPE_A,3.9,145,279.36,279.36,0,0,229.0,189.0,219.5,9,2,0,0.0,0.0,Meal 2490 — Salad (Italian)
93,2492,Desert,Indian,TYPE_A,3.9,144,447.23,447.23,0,0,26.0,14.0,27.25,2,1,0,0.0,0.0,Meal 2492 — Desert (Indian)
93,2539,Beverages,Thai,TYPE_A,3.9,145,119.34,120.34,0,0,108.0,123.0,108.75,0,3,0,1.0,0.0083097889313611,Meal 2539 — Beverages (Thai)
93,2569,Salad,Italian,TYPE_A,3.9,145,243.53,340.53,0,0,325.0,418.0,311.0,9,2,0,96.99999999999996,0.2848500866296654,Meal 2569 — Salad (Italian)
93,2577,Starters,Thai,TYPE_A,3.9,145,320.13,319.13,0,0,53.0,26.0,46.75,13,3,0,-1.0,-0.0031335192554758,Meal 2577 — Starters (Thai)
93,2581,Pizza,Continental,TYPE_A,3.9,145,511.19,513.19,0,0,216.0,175.0,310.75,7,0,0,2.000000000000057,0.0038971920731114,Meal 2581 — Pizza (Continental)
93,2631,Beverages,Indian,TYPE_A,3.9,145,148.41,150.41,0,0,95.0,121.0,87.75,0,1,0,2.0,0.0132969882321654,Meal 2631 — Beverages (Indian)
93,2640,Starters,Thai,TYPE_A,3.9,145,320.13,321.13,0,0,123.0,122.0,108.25,13,3,0,1.0,0.0031140036745243,Meal 2640 — Starters (Thai)
93,2664,Salad,Italian,TYPE_A,3.9,145,242.5,338.53,0,0,312.0,378.0,287.5,9,2,0,96.02999999999996,0.2836676217765042,Meal 2664 — Salad (Italian)
93,2704,Other Snacks,Thai,TYPE_A,3.9,145,319.13,319.13,0,0,54.0,55.0,57.75,5,3,0,0.0,0.0,Meal 2704 — Other Snacks (Thai)
93,2707,Beverages,Italian,TYPE_A,3.9,145,204.67,206.67,0,0,242.0,203.0,215.5,0,2,0,2.0,0.0096772632699472,Meal 2707 — Beverages (Italian)
93,2760,Other Snacks,Thai,TYPE_A,3.9,145,183.36,262.93,0,0,54.0,67.0,54.25,5,3,0,79.57,0.3026280759137412,Meal 2760 — Other Snacks (Thai)
93,2826,Sandwich,Italian,TYPE_A,3.9,145,326.92,326.92,0,0,258.0,351.0,310.75,10,2,0,0.0,0.0,Meal 2826 — Sandwich (Italian)
93,2867,Seafood,Continental,TYPE_A,3.9,145,727.53,727.53,0,0,27.0,68.0,41.25,11,0,0,0.0,0.0,Meal 2867 — Seafood (Continental)
93,2956,Fish,Continental,TYPE_A,3.9,144,582.03,583.03,0,0,41.0,14.0,64.0,4,0,0,1.0,0.0017151776066411,Meal 2956 — Fish (Continental)
94,1062,Beverages,Italian,TYPE_C,3.6,145,158.17,151.35,1,1,177.0,229.0,233.25,0,2,2,-6.819999999999993,-0.0450611166171126,Meal 1062 — Beverages (Italian)
94,1109,Rice Bowl,Indian,TYPE_C,3.6,145,282.27,283.27,0,0,242.0,257.0,219.5,8,1,2,1.0,0.0035302008684294,Meal 1109 — Rice Bowl (Indian)
94,1207,Beverages,Continental,TYPE_C,3.6,145,355.02,356.02,0,0,136.0,55.0,122.25,0,0,2,1.0,0.0028088309645525,Meal 1207 — Beverages (Continental)
94,1216,Pasta,Italian,TYPE_C,3.6,145,416.13,418.13,0,0,54.0,54.0,33.75,6,2,2,2.0,0.0047832013966948,Meal 1216 — Pasta (Italian)
94,1230,Beverages,Continental,TYPE_C,3.6,145,364.75,365.75,0,0,53.0,41.0,94.75,0,0,2,1.0,0.0027341079972658,Meal 1230 — Beverages (Continental)
94,1247,Biryani,Indian,TYPE_C,3.6,143,447.23,447.23,0,0,26.0,27.0,23.25,1,1,2,0.0,0.0,Meal 1247 — Biryani (Indian)
94,1248,Beverages,Indian,TYPE_C,3.6,145,151.35,150.35,0,0,69.0,28.0,34.0,0,1,2,-1.0,-0.0066511473229132,Meal 1248 — Beverages (Indian)
94,1445,Seafood,Continental,TYPE_C,3.6,145,726.53,728.53,0,0,55.0,94.0,50.75,11,0,2,2.0,0.0027452541419021,Meal 1445 — Seafood (Continental)
94,1525,Other Snacks,Thai,TYPE_C,3.6,145,319.13,320.13,0,0,27.0,15.0,20.5,5,3,2,1.0,0.0031237309842876,Meal 1525 — Other Snacks (Thai)
94,1543,Desert,Indian,TYPE_C,3.6,145,484.09,482.09,0,0,26.0,28.0,47.0,2,1,2,-2.0,-0.0041486029579539,Meal 1543 — Desert (Indian)
94,1558,Pizza,Continental,TYPE_C,3.6,145,513.19,513.19,0,0,123.0,108.0,260.0,7,0,2,0.0,0.0,Meal 1558 — Pizza (Continental)
94,1571,Fish,Continental,TYPE_C,3.6,112,581.03,582.03,0,0,15.0,67.0,34.25,4,0,2,1.0,0.0017181244953009,Meal 1571 — Fish (Continental)
94,1727,Rice Bowl,Indian,TYPE_C,3.6,145,423.95,423.95,0,0,190.0,269.0,206.0,8,1,2,0.0,0.0,Meal 1727 — Rice Bowl (Indian)
94,1754,Sandwich,Italian,TYPE_C,3.6,145,290.03,290.03,0,0,473.0,501.0,466.5,10,2,2,0.0,0.0,Meal 1754 — Sandwich (Italian)
94,1770,Biryani,Indian,TYPE_C,3.6,145,427.83,485.03,0,0,15.0,14.0,17.25,1,1,2,57.19999999999999,0.1179308496381666,Meal 1770 — Biryani (Indian)
94,1778,Beverages,Italian,TYPE_C,3.6,145,157.17,158.11,1,1,188.0,188.0,162.0,0,2,2,0.940000000000026,0.0059452280058188,Meal 1778 — Beverages (Italian)
94,1878,Starters,Thai,TYPE_C,3.6,143,319.13,321.13,0,0,54.0,55.0,47.75,13,3,2,2.0,0.0062280073490486,Meal 1878 — Starters (Thai)
94,1885,Beverages,Thai,TYPE_C,3.6,145,119.31,120.31,0,0,312.0,176.0,229.75,0,3,2,1.0,0.0083118610256836,Meal 1885 — Beverages (Thai)
94,1902,Biryani,Indian,TYPE_C,3.6,143,445.23,445.23,0,0,13.0,13.0,27.25,1,1,2,0.0,0.0,Meal 1902 — Biryani (Indian)
94,1962,Pizza,Continental,TYPE_C,3.6,145,512.19,511.19,0,0,176.0,204.0,294.25,7,0,2,-1.0000000000000568,-0.0019562198008569,Meal 1962 — Pizza (Continental)
94,1971,Sandwich,Italian,TYPE_C,3.6,145,291.06,291.06,0,0,175.0,271.0,222.5,10,2,2,0.0,0.0,Meal 1971 — Sandwich (Italian)
94,1993,Beverages,Thai,TYPE_C,3.6,145,122.28,121.28,0,0,351.0,229.0,263.25,0,3,2,-1.0,-0.0082453825857519,Meal 1993 — Beverages (Thai)
94,2126,Pasta,Italian,TYPE_C,3.6,145,437.53,472.42,0,1,28.0,42.0,41.75,6,2,2,34.89000000000004,0.0738537741839889,Meal 2126 — Pasta (Italian)
94,2139,Beverages,Indian,TYPE_C,3.6,144,292.03,292.03,0,0,42.0,42.0,44.5,0,1,2,0.0,0.0,Meal 2139 — Beverages (Indian)
94,2290,Rice Bowl,Indian,TYPE_C,3.6,145,261.96,259.96,0,0,514.0,568.0,523.5,8,1,2,-2.0,-0.0076934913063548,Meal 2290 — Rice Bowl (Indian)
94,2304,Desert,Indian,TYPE_C,3.6,145,482.09,483.09,0,0,14.0,28.0,27.25,2,1,2,1.0,0.0020700076590283,Meal 2304 — Desert (Indian)
94,2306,Pasta,Italian,TYPE_C,3.6,145,241.53,313.31,1,0,28.0,14.0,41.25,6,2,2,71.78,0.2291021671826625,Meal 2306 — Pasta (Italian)
94,2322,Beverages,Continental,TYPE_C,3.6,145,352.11,353.11,0,0,96.0,163.0,133.0,0,0,2,1.0,0.0028319787035201,Meal 2322 — Beverages (Continental)
94,2444,Seafood,Continental,TYPE_C,3.6,144,582.03,728.53,1,1,69.0,13.0,34.25,11,0,2,146.5,0.2010898658943351,Meal 2444 — Seafood (Continental)
94,2490,Salad,Italian,TYPE_C,3.6,145,280.36,281.36,0,0,134.0,204.0,189.75,9,2,2,1.0,0.0035541654819448,Meal 2490 — Salad (Italian)
94,2492,Desert,Indian,TYPE_C,3.6,145,447.23,447.23,0,0,26.0,14.0,33.25,2,1,2,0.0,0.0,Meal 2492 — Desert (Indian)
94,2539,Beverages,Thai,TYPE_C,3.6,145,119.31,120.31,0,0,41.0,94.0,81.5,0,3,2,1.0,0.0083118610256836,Meal 2539 — Beverages (Thai)
94,2569,Salad,Italian,TYPE_C,3.6,145,250.32,339.53,0,0,460.0,445.0,358.5,9,2,2,89.20999999999998,0.2627455600388772,Meal 2569 — Salad (Italian)
94,2577,Starters,Thai,TYPE_C,3.6,133,320.13,320.13,0,0,13.0,53.0,26.75,13,3,2,0.0,0.0,Meal 2577 — Starters (Thai)
94,2581,Pizza,Continental,TYPE_C,3.6,145,512.19,513.19,0,0,229.0,190.0,256.75,7,0,2,1.0,0.0019485960365556,Meal 2581 — Pizza (Continental)
94,2631,Beverages,Indian,TYPE_C,3.6,145,153.26,153.26,0,0,41.0,68.0,44.25,0,1,2,0.0,0.0,Meal 2631 — Beverages (Indian)
94,2640,Starters,Thai,TYPE_C,3.6,145,321.13,320.13,0,0,13.0,82.0,50.5,13,3,2,-1.0,-0.0031237309842876,Meal 2640 — Starters (Thai)
94,2664,Salad,Italian,TYPE_C,3.6,145,248.35,338.53,0,0,337.0,365.0,273.75,9,2,2,90.17999999999998,0.2663870262605972,Meal 2664 — Salad (Italian)
94,2704,Other Snacks,Thai,TYPE_C,3.6,145,320.13,321.13,0,0,13.0,28.0,27.25,5,3,2,1.0,0.0031140036745243,Meal 2704 — Other Snacks (Thai)
94,2707,Beverages,Italian,TYPE_C,3.6,145,205.64,207.64,0,0,379.0,243.0,337.75,0,2,2,2.0,0.0096320554806395,Meal 2707 — Beverages (Italian)
94,2760,Other Snacks,Thai,TYPE_C,3.6,145,184.36,260.93,0,0,55.0,27.0,30.5,5,3,2,76.57,0.2934503506687617,Meal 2760 — Other Snacks (Thai)
94,2826,Sandwich,Italian,TYPE_C,3.6,145,325.92,327.92,0,0,377.0,243.0,290.75,10,2,2,2.0,0.0060990485484264,Meal 2826 — Sandwich (Italian)
94,2867,Seafood,Continental,TYPE_C,3.6,145,728.53,727.53,0,0,28.0,13.0,17.5,11,0,2,-1.0,-0.0013745137657553,Meal 2867 — Seafood (Continental)
97,1062,Beverages,Italian,TYPE_A,4.6,145,161.08,156.2,1,0,553.0,593.0,492.0,0,2,0,-4.880000000000024,-0.0312419974391806,Meal 1062 — Beverages (Italian)
97,1109,Rice Bowl,Indian,TYPE_A,4.6,145,302.64,303.64,0,0,553.0,580.0,546.0,8,1,0,1.0,0.0032933737320511,Meal 1109 — Rice Bowl (Indian)
97,1207,Beverages,Continental,TYPE_A,4.6,145,356.99,357.99,0,0,107.0,177.0,128.5,0,0,0,1.0,0.0027933741165954,Meal 1207 — Beverages (Continental)
97,1216,Pasta,Italian,TYPE_A,4.6,145,413.25,412.25,0,0,148.0,134.0,98.0,6,2,0,-1.0,-0.0024257125530624,Meal 1216 — Pasta (Italian)
97,1230,Beverages,Continental,TYPE_A,4.6,145,348.29,348.29,0,0,40.0,96.0,108.5,0,0,0,0.0,0.0,Meal 1230 — Beverages (Continental)
97,1247,Biryani,Indian,TYPE_A,4.6,145,445.23,445.23,0,0,54.0,81.0,44.25,1,1,0,0.0,0.0,Meal 1247 — Biryani (Indian)
97,1248,Beverages,Indian,TYPE_A,4.6,145,155.26,153.26,0,0,55.0,26.0,44.25,0,1,0,-2.0,-0.0130497194310322,Meal 1248 — Beverages (Indian)
97,1445,Seafood,Continental,TYPE_A,4.6,145,726.53,727.53,0,0,216.0,244.0,148.75,11,0,0,1.0,0.0013745137657553,Meal 1445 — Seafood (Continental)
97,1525,Other Snacks,Thai,TYPE_A,4.6,145,320.13,319.13,0,0,40.0,95.0,88.0,5,3,0,-1.0,-0.0031335192554758,Meal 1525 — Other Snacks (Thai)
97,1543,Desert,Indian,TYPE_A,4.6,145,484.09,483.09,0,0,109.0,67.0,74.25,2,1,0,-1.0,-0.0020700076590283,Meal 1543 — Desert (Indian)
97,1558,Pizza,Continental,TYPE_A,4.6,145,549.08,549.08,0,0,230.0,204.0,436.0,7,0,0,0.0,0.0,Meal 1558 — Pizza (Continental)
97,1571,Fish,Continental,TYPE_A,4.6,145,583.03,582.03,0,0,69.0,149.0,112.5,4,0,0,-1.0,-0.0017181244953009,Meal 1571 — Fish (Continental)
97,1727,Rice Bowl,Indian,TYPE_A,4.6,145,447.23,445.23,0,0,217.0,297.0,273.5,8,1,0,-2.0,-0.004492060283449,Meal 1727 — Rice Bowl (Indian)
97,1754,Sandwich,Italian,TYPE_A,4.6,145,329.83,329.83,0,0,635.0,420.0,490.0,10,2,0,0.0,0.0,Meal 1754 — Sandwich (Italian)
97,1770,Biryani,Indian,TYPE_A,4.6,145,465.63,464.63,0,0,15.0,15.0,34.25,1,1,0,-1.0,-0.0021522501775606,Meal 1770 — Biryani (Indian)
97,1778,Beverages,Italian,TYPE_A,4.6,145,155.26,150.38,1,0,404.0,189.0,290.25,0,2,0,-4.879999999999996,-0.0324511238196568,Meal 1778 — Beverages (Italian)
97,1878,Starters,Thai,TYPE_A,4.6,145,319.13,319.13,0,0,230.0,162.0,179.5,13,3,0,0.0,0.0,Meal 1878 — Starters (Thai)
97,1885,Beverages,Thai,TYPE_A,4.6,145,135.86,134.86,0,0,620.0,513.0,688.5,0,3,0,-1.0,-0.0074150971377725,Meal 1885 — Beverages (Thai)
97,1902,Biryani,Indian,TYPE_A,4.6,145,446.23,447.23,0,0,27.0,68.0,47.0,1,1,0,1.0,0.0022359859580081,Meal 1902 — Biryani (Indian)
97,1962,Pizza,Continental,TYPE_A,4.6,145,548.08,549.08,0,0,378.0,337.0,540.25,7,0,0,1.0,0.0018212282363225,Meal 1962 — Pizza (Continental)
97,1971,Sandwich,Italian,TYPE_A,4.6,145,327.86,328.86,0,0,256.0,296.0,310.0,10,2,0,1.0,0.0030408076385087,Meal 1971 — Sandwich (Italian)
97,1993,Beverages,Thai,TYPE_A,4.6,145,136.8,135.8,0,0,500.0,784.0,668.5,0,3,0,-1.0,-0.0073637702503681,Meal 1993 — Beverages (Thai)
97,2104,Fish,Continental,TYPE_A,4.6,145,583.03,583.03,0,0,94.0,230.0,141.75,4,0,0,0.0,0.0,Meal 2104 — Fish (Continental)
97,2126,Pasta,Italian,TYPE_A,4.6,145,437.53,490.85,0,0,54.0,28.0,34.0,6,2,0,53.32000000000005,0.1086278903942142,Meal 2126 — Pasta (Italian)
97,2139,Beverages,Indian,TYPE_A,4.6,145,291.03,292.03,0,0,40.0,96.0,47.75,0,1,0,1.0,0.0034243057220148,Meal 2139 — Beverages (Indian)
97,2290,Rice Bowl,Indian,TYPE_A,4.6,145,272.6,271.6,0,0,512.0,784.0,661.75,8,1,0,-1.0,-0.003681885125184,Meal 2290 — Rice Bowl (Indian)
97,2304,Desert,Indian,TYPE_A,4.6,145,484.09,484.09,0,0,27.0,27.0,44.0,2,1,0,0.0,0.0,Meal 2304 — Desert (Indian)
97,2306,Pasta,Italian,TYPE_A,4.6,145,241.53,306.55,1,0,40.0,14.0,84.75,6,2,0,65.02000000000001,0.2121024302723862,Meal 2306 — Pasta (Italian)
97,2322,Beverages,Continental,TYPE_A,4.6,145,363.81,363.81,0,0,80.0,148.0,121.5,0,0,0,0.0,0.0,Meal 2322 — Beverages (Continental)
97,2444,Seafood,Continental,TYPE_A,4.6,145,726.53,728.53,0,0,149.0,26.0,67.5,11,0,0,2.0,0.0027452541419021,Meal 2444 — Seafood (Continental)
97,2490,Salad,Italian,TYPE_A,4.6,145,292.03,291.03,0,0,217.0,285.0,280.5,9,2,0,-1.0,-0.0034360718826237,Meal 2490 — Salad (Italian)
97,2492,Desert,Indian,TYPE_A,4.6,145,454.93,455.93,0,0,42.0,26.0,37.5,2,1,0,1.0,0.0021933191498694,Meal 2492 — Desert (Indian)
97,2539,Beverages,Thai,TYPE_A,4.6,145,133.92,131.92,0,0,217.0,351.0,287.0,0,3,0,-2.0,-0.0151607034566403,Meal 2539 — Beverages (Thai)
97,2569,Salad,Italian,TYPE_A,4.6,145,240.62,323.07,0,1,890.0,352.0,459.25,9,2,0,82.44999999999999,0.2552078496920171,Meal 2569 — Salad (Italian)
97,2577,Starters,Thai,TYPE_A,4.6,145,320.13,321.13,0,0,14.0,26.0,50.5,13,3,0,1.0,0.0031140036745243,Meal 2577 — Starters (Thai)
97,2581,Pizza,Continental,TYPE_A,4.6,145,548.08,548.08,0,0,177.0,243.0,426.0,7,0,0,0.0,0.0,Meal 2581 — Pizza (Continental)
97,2631,Beverages,Indian,TYPE_A,4.6,145,141.62,142.62,0,0,95.0,107.0,84.5,0,1,0,1.0,0.0070116393212733,Meal 2631 — Beverages (Indian)
97,2640,Starters,Thai,TYPE_A,4.6,145,320.13,319.13,0,0,177.0,188.0,158.5,13,3,0,-1.0,-0.0031335192554758,Meal 2640 — Starters (Thai)
97,2664,Salad,Italian,TYPE_A,4.6,145,248.38,321.07,0,1,661.0,296.0,350.75,9,2,0,72.69,0.2263992275827701,Meal 2664 — Salad (Italian)
97,2704,Other Snacks,Thai,TYPE_A,4.6,145,321.13,319.13,0,0,122.0,189.0,165.0,5,3,0,-2.0,-0.0062670385109516,Meal 2704 — Other Snacks (Thai)
97,2707,Beverages,Italian,TYPE_A,4.6,145,194.0,217.28,0,0,539.0,500.0,519.75,0,2,0,23.28,0.1071428571428571,Meal 2707 — Beverages (Italian)
97,2760,Other Snacks,Thai,TYPE_A,4.6,145,183.36,261.93,0,0,82.0,68.0,77.5,5,3,0,78.57,0.2999656396747222,Meal 2760 — Other Snacks (Thai)
97,2826,Sandwich,Italian,TYPE_A,4.6,145,325.92,325.92,0,0,514.0,593.0,493.0,10,2,0,0.0,0.0,Meal 2826 — Sandwich (Italian)
97,2867,Seafood,Continental,TYPE_A,4.6,145,728.53,726.53,0,0,163.0,162.0,94.75,11,0,0,-2.0,-0.0027528113085488,Meal 2867 — Seafood (Continental)
97,2956,Fish,Continental,TYPE_A,4.6,130,437.53,629.53,0,1,378.0,68.0,223.0,4,0,0,192.0,0.3049894365637857,Meal 2956 — Fish (Continental)
99,1062,Beverages,Italian,TYPE_A,4.5,145,191.15,190.15,0,0,744.0,824.0,692.5,0,2,0,-1.0,-0.0052590060478569,Meal 1062 — Beverages (Italian)
99,1109,Rice Bowl,Indian,TYPE_A,4.5,145,261.93,291.03,0,0,647.0,971.0,712.25,8,1,0,29.09999999999997,0.099989691784352,Meal 1109 — Rice Bowl (Indian)
99,1198,Extras,Thai,TYPE_A,4.5,145,170.75,211.46,0,0,230.0,122.0,169.0,3,3,0,40.71000000000001,0.1925186796557269,Meal 1198 — Extras (Thai)
99,1207,Beverages,Continental,TYPE_A,4.5,145,386.12,384.12,0,0,270.0,229.0,240.0,0,0,0,-2.0,-0.005206706237634,Meal 1207 — Beverages (Continental)
99,1216,Pasta,Italian,TYPE_A,4.5,145,436.56,435.56,0,0,108.0,148.0,94.5,6,2,0,-1.0,-0.0022958949398475,Meal 1216 — Pasta (Italian)
99,1230,Beverages,Continental,TYPE_A,4.5,145,380.27,381.27,0,0,269.0,352.0,293.75,0,0,0,1.0,0.0026228132294699,Meal 1230 — Beverages (Continental)
99,1247,Biryani,Indian,TYPE_A,4.5,143,446.23,445.23,0,0,14.0,15.0,14.0,1,1,0,-1.0,-0.0022460301417245,Meal 1247 — Biryani (Indian)
99,1248,Beverages,Indian,TYPE_A,4.5,145,164.93,164.93,0,0,15.0,13.0,34.25,0,1,0,0.0,0.0,Meal 1248 — Beverages (Indian)
99,1311,Extras,Thai,TYPE_A,4.5,145,243.53,242.53,0,0,42.0,82.0,75.5,3,3,0,-1.0,-0.0041232012534531,Meal 1311 — Extras (Thai)
99,1438,Soup,Thai,TYPE_A,4.5,145,195.0,195.0,0,0,95.0,148.0,125.0,12,3,0,0.0,0.0,Meal 1438 — Soup (Thai)
99,1445,Seafood,Continental,TYPE_A,4.5,145,728.53,728.53,0,0,392.0,338.0,189.25,11,0,0,0.0,0.0,Meal 1445 — Seafood (Continental)
99,1525,Other Snacks,Thai,TYPE_A,4.5,145,319.13,319.13,0,1,323.0,216.0,239.75,5,3,0,0.0,0.0,Meal 1525 — Other Snacks (Thai)
99,1543,Desert,Indian,TYPE_A,4.5,145,484.03,486.03,0,0,28.0,94.0,54.25,2,1,0,2.0,0.0041149723268111,Meal 1543 — Desert (Indian)
99,1558,Pizza,Continental,TYPE_A,4.5,145,564.6,564.6,0,0,122.0,149.0,682.25,7,0,0,0.0,0.0,Meal 1558 — Pizza (Continental)
99,1571,Fish,Continental,TYPE_A,4.5,145,641.23,640.23,0,0,108.0,53.0,88.0,4,0,0,-1.0,-0.0015619386782874,Meal 1571 — Fish (Continental)
99,1727,Rice Bowl,Indian,TYPE_A,4.5,145,464.63,464.63,0,0,405.0,539.0,445.25,8,1,0,0.0,0.0,Meal 1727 — Rice Bowl (Indian)
99,1754,Sandwich,Italian,TYPE_A,4.5,145,318.16,318.16,0,0,352.0,418.0,358.0,10,2,0,0.0,0.0,Meal 1754 — Sandwich (Italian)
99,1770,Biryani,Indian,TYPE_A,4.5,145,484.03,485.03,0,0,13.0,42.0,24.25,1,1,0,1.0,0.0020617281405273,Meal 1770 — Biryani (Indian)
99,1778,Beverages,Italian,TYPE_A,4.5,145,190.18,188.18,0,0,620.0,1052.0,714.75,0,2,0,-2.0,-0.0106281220108406,Meal 1778 — Beverages (Italian)
99,1803,Extras,Thai,TYPE_A,4.5,145,123.19,170.75,0,0,135.0,121.0,105.0,3,3,0,47.56,0.2785358711566618,Meal 1803 — Extras (Thai)
99,1847,Soup,Thai,TYPE_A,4.5,145,195.0,195.0,0,0,80.0,81.0,104.5,12,3,0,0.0,0.0,Meal 1847 — Soup (Thai)
99,1878,Starters,Thai,TYPE_A,4.5,145,319.13,319.13,0,0,41.0,42.0,37.75,13,3,0,0.0,0.0,Meal 1878 — Starters (Thai)
99,1885,Beverages,Thai,TYPE_A,4.5,145,158.14,158.14,0,0,1457.0,1311.0,1201.5,0,3,0,0.0,0.0,Meal 1885 — Beverages (Thai)
99,1902,Biryani,Indian,TYPE_A,4.5,145,446.23,446.23,0,0,15.0,27.0,17.75,1,1,0,0.0,0.0,Meal 1902 — Biryani (Indian)
99,1962,Pizza,Continental,TYPE_A,4.5,145,564.6,562.6,0,0,189.0,269.0,836.25,7,0,0,-2.0,-0.0035549235691432,Meal 1962 — Pizza (Continental)
99,1971,Sandwich,Italian,TYPE_A,4.5,145,349.2,349.2,0,0,177.0,285.0,179.5,10,2,0,0.0,0.0,Meal 1971 — Sandwich (Italian)
99,1993,Beverages,Thai,TYPE_A,4.5,145,157.14,149.41,0,1,581.0,852.0,655.0,0,3,0,-7.72999999999999,-0.0517368315373803,Meal 1993 — Beverages (Thai)
99,2126,Pasta,Italian,TYPE_A,4.5,144,510.25,510.25,0,0,13.0,15.0,30.5,6,2,0,0.0,0.0,Meal 2126 — Pasta (Italian)
99,2139,Beverages,Indian,TYPE_A,4.5,145,291.03,290.03,0,0,80.0,80.0,66.5,0,1,0,-1.0,-0.0034479191807744,Meal 2139 — Beverages (Indian)
99,2290,Rice Bowl,Indian,TYPE_A,4.5,145,269.66,271.66,0,0,891.0,918.0,750.0,8,1,0,2.0,0.0073621438562909,Meal 2290 — Rice Bowl (Indian)
99,2304,Desert,Indian,TYPE_A,4.5,145,484.03,486.03,0,0,13.0,80.0,50.5,2,1,0,2.0,0.0041149723268111,Meal 2304 — Desert (Indian)
99,2306,Pasta,Italian,TYPE_A,4.5,145,244.5,335.62,1,0,95.0,42.0,51.5,6,2,0,91.12,0.27149752696502,Meal 2306 — Pasta (Italian)
99,2322,Beverages,Continental,TYPE_A,4.5,145,389.0,388.0,0,0,297.0,68.0,267.0,0,0,0,-1.0,-0.0025773195876288,Meal 2322 — Beverages (Continental)
99,2444,Seafood,Continental,TYPE_A,4.5,145,726.53,726.53,0,0,378.0,393.0,199.75,11,0,0,0.0,0.0,Meal 2444 — Seafood (Continental)
99,2490,Salad,Italian,TYPE_A,4.5,145,292.03,291.03,0,0,350.0,392.0,371.25,9,2,0,-1.0,-0.0034360718826237,Meal 2490 — Salad (Italian)
99,2492,Desert,Indian,TYPE_A,4.5,145,389.03,389.03,0,0,13.0,26.0,26.75,2,1,0,0.0,0.0,Meal 2492 — Desert (Indian)
99,2494,Soup,Thai,TYPE_A,4.5,145,195.0,195.0,0,0,107.0,80.0,84.25,12,3,0,0.0,0.0,Meal 2494 — Soup (Thai)
99,2539,Beverages,Thai,TYPE_A,4.5,145,157.17,151.38,0,1,405.0,229.0,334.75,0,3,0,-5.789999999999992,-0.0382481173206499,Meal 2539 — Beverages (Thai)
99,2569,Salad,Italian,TYPE_A,4.5,145,243.53,323.07,0,0,919.0,337.0,462.75,9,2,0,79.53999999999999,0.2462005138205342,Meal 2569 — Salad (Italian)
99,2577,Starters,Thai,TYPE_A,4.5,145,319.13,321.13,0,0,80.0,123.0,94.75,13,3,0,2.0,0.0062280073490486,Meal 2577 — Starters (Thai)
99,2581,Pizza,Continental,TYPE_A,4.5,145,562.6,564.6,0,0,134.0,95.0,644.5,7,0,0,2.0,0.0035423308537017,Meal 2581 — Pizza (Continental)
99,2631,Beverages,Indian,TYPE_A,4.5,145,158.11,158.11,0,0,55.0,69.0,75.25,0,1,0,0.0,0.0,Meal 2631 — Beverages (Indian)
99,2640,Starters,Thai,TYPE_A,4.5,145,319.13,319.13,0,0,42.0,15.0,27.75,13,3,0,0.0,0.0,Meal 2640 — Starters (Thai)
99,2664,Salad,Italian,TYPE_A,4.5,145,239.59,321.07,0,0,798.0,161.0,348.25,9,2,0,81.47999999999999,0.2537764350453172,Meal 2664 — Salad (Italian)
99,2704,Other Snacks,Thai,TYPE_A,4.5,145,320.13,320.13,0,0,175.0,68.0,135.25,5,3,0,0.0,0.0,Meal 2704 — Other Snacks (Thai)
99,2707,Beverages,Italian,TYPE_A,4.5,145,241.59,241.59,0,0,1120.0,1162.0,952.0,0,2,0,0.0,0.0,Meal 2707 — Beverages (Italian)
99,2760,Other Snacks,Thai,TYPE_A,4.5,145,163.99,243.53,0,0,163.0,95.0,102.0,5,3,0,79.53999999999999,0.3266127376503921,Meal 2760 — Other Snacks (Thai)
99,2826,Sandwich,Italian,TYPE_A,4.5,145,379.33,378.33,0,0,500.0,486.0,530.0,10,2,0,-1.0,-0.0026431950942299,Meal 2826 — Sandwich (Italian)
99,2867,Seafood,Continental,TYPE_A,4.5,145,726.53,728.53,0,0,150.0,96.0,71.75,11,0,0,2.0,0.0027452541419021,Meal 2867 — Seafood (Continental)
99,2956,Fish,Continental,TYPE_A,4.5,144,591.73,590.73,0,0,69.0,134.0,87.5,4,0,0,-1.0,-0.001692820747211,Meal 2956 — Fish (Continental)
101,1062,Beverages,Italian,TYPE_C,2.8,145,194.06,193.06,0,0,446.0,377.0,425.25,0,2,2,-1.0,-0.005179736869367,Meal 1062 — Beverages (Italian)
101,1109,Rice Bowl,Indian,TYPE_C,2.8,145,296.85,296.85,0,0,553.0,473.0,432.0,8,1,2,0.0,0.0,Meal 1109 — Rice Bowl (Indian)
101,1198,Extras,Thai,TYPE_C,2.8,145,194.03,195.03,0,0,54.0,94.0,60.5,3,3,2,1.0,0.0051274162949289,Meal 1198 — Extras (Thai)
101,1207,Beverages,Continental,TYPE_C,2.8,145,384.18,383.18,0,0,459.0,339.0,358.5,0,0,2,-1.0,-0.0026097395479931,Meal 1207 — Beverages (Continental)
101,1216,Pasta,Italian,TYPE_C,2.8,145,423.95,423.95,0,0,82.0,68.0,47.25,6,2,2,0.0,0.0,Meal 1216 — Pasta (Italian)
101,1230,Beverages,Continental,TYPE_C,2.8,145,385.09,385.09,0,0,256.0,242.0,225.25,0,0,2,0.0,0.0,Meal 1230 — Beverages (Continental)
101,1247,Biryani,Indian,TYPE_C,2.8,139,387.03,446.23,0,0,26.0,27.0,26.75,1,1,2,59.200000000000045,0.1326670102861754,Meal 1247 — Biryani (Indian)
101,1248,Beverages,Indian,TYPE_C,2.8,145,157.17,156.17,0,0,13.0,68.0,58.0,0,1,2,-1.0,-0.006403278478581,Meal 1248 — Beverages (Indian)
101,1311,Extras,Thai,TYPE_C,2.8,145,202.73,340.53,0,0,82.0,95.0,87.75,3,3,2,137.79999999999998,0.404663318943999,Meal 1311 — Extras (Thai)
101,1438,Soup,Thai,TYPE_C,2.8,145,195.0,196.0,0,0,202.0,80.0,118.0,12,3,2,1.0,0.0051020408163265,Meal 1438 — Soup (Thai)
101,1445,Seafood,Continental,TYPE_C,2.8,145,728.53,726.53,0,0,284.0,95.0,101.25,11,0,2,-2.0,-0.0027528113085488,Meal 1445 — Seafood (Continental)
101,1525,Other Snacks,Thai,TYPE_C,2.8,145,320.13,319.13,0,0,40.0,82.0,44.0,5,3,2,-1.0,-0.0031335192554758,Meal 1525 — Other Snacks (Thai)
101,1543,Desert,Indian,TYPE_C,2.8,145,486.03,486.03,0,0,41.0,54.0,37.25,2,1,2,0.0,0.0,Meal 1543 — Desert (Indian)
101,1558,Pizza,Continental,TYPE_C,2.8,145,564.6,563.6,0,0,242.0,216.0,306.5,7,0,2,-1.0,-0.0017743080198722,Meal 1558 — Pizza (Continental)
101,1727,Rice Bowl,Indian,TYPE_C,2.8,145,464.63,464.63,0,0,473.0,541.0,425.5,8,1,2,0.0,0.0,Meal 1727 — Rice Bowl (Indian)
101,1754,Sandwich,Italian,TYPE_C,2.8,145,320.16,319.16,0,0,580.0,458.0,441.75,10,2,2,-1.0,-0.0031332247148765,Meal 1754 — Sandwich (Italian)
101,1770,Biryani,Indian,TYPE_C,2.8,145,485.03,486.03,0,0,26.0,13.0,17.25,1,1,2,1.0,0.0020574861634055,Meal 1770 — Biryani (Indian)
101,1778,Beverages,Italian,TYPE_C,2.8,145,191.09,191.09,0,0,513.0,474.0,465.75,0,2,2,0.0,0.0,Meal 1778 — Beverages (Italian)
101,1803,Extras,Thai,TYPE_C,2.8,145,113.52,194.03,0,0,94.0,28.0,91.5,3,3,2,80.51,0.4149358346647426,Meal 1803 — Extras (Thai)
101,1847,Soup,Thai,TYPE_C,2.8,145,196.0,196.0,0,0,189.0,107.0,147.75,12,3,2,0.0,0.0,Meal 1847 — Soup (Thai)
101,1878,Starters,Thai,TYPE_C,2.8,145,321.13,319.13,0,0,53.0,53.0,39.75,13,3,2,-2.0,-0.0062670385109516,Meal 1878 — Starters (Thai)
101,1885,Beverages,Thai,TYPE_C,2.8,145,158.14,157.14,0,0,621.0,527.0,567.0,0,3,2,-1.0,-0.0063637520682194,Meal 1885 — Beverages (Thai)
101,1902,Biryani,Indian,TYPE_C,2.8,144,447.23,447.23,0,0,14.0,26.0,19.75,1,1,2,0.0,0.0,Meal 1902 — Biryani (Indian)
101,1962,Pizza,Continental,TYPE_C,2.8,145,564.6,562.6,0,0,229.0,325.0,506.25,7,0,2,-2.0,-0.0035549235691432,Meal 1962 — Pizza (Continental)
101,1971,Sandwich,Italian,TYPE_C,2.8,145,350.2,349.2,0,0,163.0,81.0,115.5,10,2,2,-1.0,-0.0028636884306987,Meal 1971 — Sandwich (Italian)
101,1993,Beverages,Thai,TYPE_C,2.8,145,158.14,158.14,0,0,431.0,204.0,297.25,0,3,2,0.0,0.0,Meal 1993 — Beverages (Thai)
101,2126,Pasta,Italian,TYPE_C,2.8,144,509.25,511.25,0,0,15.0,27.0,27.0,6,2,2,2.0,0.0039119804400977,Meal 2126 — Pasta (Italian)
101,2139,Beverages,Indian,TYPE_C,2.8,145,291.03,290.03,0,0,54.0,40.0,43.5,0,1,2,-1.0,-0.0034479191807744,Meal 2139 — Beverages (Indian)
101,2290,Rice Bowl,Indian,TYPE_C,2.8,145,276.45,276.45,0,0,445.0,258.0,334.75,8,1,2,0.0,0.0,Meal 2290 — Rice Bowl (Indian)
101,2304,Desert,Indian,TYPE_C,2.8,145,486.03,486.03,0,0,28.0,27.0,37.5,2,1,2,0.0,0.0,Meal 2304 — Desert (Indian)
101,2306,Pasta,Italian,TYPE_C,2.8,145,244.5,335.62,1,0,14.0,13.0,13.75,6,2,2,91.12,0.27149752696502,Meal 2306 — Pasta (Italian)
101,2322,Beverages,Continental,TYPE_C,2.8,145,384.12,386.12,0,0,420.0,258.0,294.75,0,0,2,2.0,0.005179736869367,Meal 2322 — Beverages (Continental)
101,2444,Seafood,Continental,TYPE_C,2.8,144,493.73,727.53,1,1,149.0,27.0,53.75,11,0,2,233.79999999999995,0.321361318433604,Meal 2444 — Seafood (Continental)
101,2490,Salad,Italian,TYPE_C,2.8,145,290.03,291.03,0,0,108.0,323.0,226.0,9,2,2,1.0,0.0034360718826237,Meal 2490 — Salad (Italian)
101,2492,Desert,Indian,TYPE_C,2.8,145,387.03,387.03,0,0,41.0,53.0,37.5,2,1,2,0.0,0.0,Meal 2492 — Desert (Indian)
101,2494,Soup,Thai,TYPE_C,2.8,145,195.0,195.0,0,0,161.0,177.0,165.75,12,3,2,0.0,0.0,Meal 2494 — Soup (Thai)
101,2539,Beverages,Thai,TYPE_C,2.8,145,158.11,158.11,0,0,230.0,123.0,172.5,0,3,2,0.0,0.0,Meal 2539 — Beverages (Thai)
101,2569,Salad,Italian,TYPE_C,2.8,145,250.32,322.07,0,1,580.0,311.0,375.0,9,2,2,71.75,0.2227776570310802,Meal 2569 — Salad (Italian)
101,2577,Starters,Thai,TYPE_C,2.8,145,320.13,319.13,0,0,13.0,14.0,27.5,13,3,2,-1.0,-0.0031335192554758,Meal 2577 — Starters (Thai)
101,2581,Pizza,Continental,TYPE_C,2.8,145,564.6,564.6,0,0,216.0,256.0,617.5,7,0,2,0.0,0.0,Meal 2581 — Pizza (Continental)
101,2631,Beverages,Indian,TYPE_C,2.8,145,165.93,164.93,0,0,53.0,67.0,53.75,0,1,2,-1.0,-0.0060631783180743,Meal 2631 — Beverages (Indian)
101,2640,Starters,Thai,TYPE_C,2.8,144,319.13,319.13,0,0,53.0,27.0,43.25,13,3,2,0.0,0.0,Meal 2640 — Starters (Thai)
101,2664,Salad,Italian,TYPE_C,2.8,145,265.84,323.07,0,0,877.0,377.0,479.0,9,2,2,57.23000000000002,0.1771442721391649,Meal 2664 — Salad (Italian)
101,2704,Other Snacks,Thai,TYPE_C,2.8,143,319.13,320.13,0,0,15.0,15.0,15.0,5,3,2,1.0,0.0031237309842876,Meal 2704 — Other Snacks (Thai)
101,2707,Beverages,Italian,TYPE_C,2.8,145,234.74,235.74,0,0,500.0,514.0,493.25,0,2,2,1.0,0.0042419614829897,Meal 2707 — Beverages (Italian)
101,2760,Other Snacks,Thai,TYPE_C,2.8,145,162.99,243.53,0,0,80.0,13.0,33.25,5,3,2,80.53999999999999,0.3307190079251016,Meal 2760 — Other Snacks (Thai)
101,2826,Sandwich,Italian,TYPE_C,2.8,145,379.33,378.33,0,0,541.0,905.0,685.75,10,2,2,-1.0,-0.0026431950942299,Meal 2826 — Sandwich (Italian)
101,2867,Seafood,Continental,TYPE_C,2.8,145,726.53,726.53,0,0,216.0,150.0,98.5,11,0,2,0.0,0.0,Meal 2867 — Seafood (Continental)
102,1062,Beverages,Italian,TYPE_A,2.8,145,157.14,178.54,1,1,512.0,366.0,402.0,0,2,0,21.40000000000001,0.1198610955528173,Meal 1062 — Beverages (Italian)
102,1109,Rice Bowl,Indian,TYPE_A,2.8,145,276.48,277.48,0,0,311.0,312.0,236.75,8,1,0,1.0,0.003603863341502,Meal 1109 — Rice Bowl (Indian)
102,1207,Beverages,Continental,TYPE_A,2.8,145,365.75,364.75,0,0,121.0,108.0,152.25,0,0,0,-1.0,-0.0027416038382453,Meal 1207 — Beverages (Continental)
102,1216,Pasta,Italian,TYPE_A,2.8,145,414.25,413.25,0,0,55.0,82.0,54.75,6,2,0,-1.0,-0.0024198427102238,Meal 1216 — Pasta (Italian)
102,1230,Beverages,Continental,TYPE_A,2.8,145,363.75,365.75,0,0,204.0,149.0,159.25,0,0,0,2.0,0.0054682159945317,Meal 1230 — Beverages (Continental)
102,1247,Biryani,Indian,TYPE_A,2.8,142,445.23,445.23,0,0,15.0,26.0,17.25,1,1,0,0.0,0.0,Meal 1247 — Biryani (Indian)
102,1248,Beverages,Indian,TYPE_A,2.8,145,139.74,153.26,0,0,13.0,53.0,30.0,0,1,0,13.519999999999982,0.0882161033537777,Meal 1248 — Beverages (Indian)
102,1445,Seafood,Continental,TYPE_A,2.8,144,581.03,727.53,1,0,26.0,13.0,16.75,11,0,0,146.5,0.2013662666831608,Meal 1445 — Seafood (Continental)
102,1525,Other Snacks,Thai,TYPE_A,2.8,145,320.13,321.13,0,0,14.0,15.0,21.25,5,3,0,1.0,0.0031140036745243,Meal 1525 — Other Snacks (Thai)
102,1543,Desert,Indian,TYPE_A,2.8,145,482.09,484.09,0,0,15.0,28.0,21.5,2,1,0,2.0,0.0041314631576772,Meal 1543 — Desert (Indian)
102,1558,Pizza,Continental,TYPE_A,2.8,145,549.08,549.08,0,0,80.0,53.0,161.5,7,0,0,0.0,0.0,Meal 1558 — Pizza (Continental)
102,1727,Rice Bowl,Indian,TYPE_A,2.8,145,446.23,445.23,0,0,217.0,420.0,257.5,8,1,0,-1.0,-0.0022460301417245,Meal 1727 — Rice Bowl (Indian)
102,1754,Sandwich,Italian,TYPE_A,2.8,145,330.83,330.83,0,0,323.0,297.0,293.25,10,2,0,0.0,0.0,Meal 1754 — Sandwich (Italian)
102,1770,Biryani,Indian,TYPE_A,2.8,145,484.03,486.03,0,0,13.0,15.0,14.0,1,1,0,2.0,0.0041149723268111,Meal 1770 — Biryani (Indian)
102,1778,Beverages,Italian,TYPE_A,2.8,145,135.83,162.05,1,1,161.0,284.0,192.5,0,2,0,26.22,0.1618019129898179,Meal 1778 — Beverages (Italian)
102,1878,Starters,Thai,TYPE_A,2.8,145,319.13,319.13,0,0,28.0,80.0,44.0,13,3,0,0.0,0.0,Meal 1878 — Starters (Thai)
102,1885,Beverages,Thai,TYPE_A,2.8,145,122.22,119.31,0,1,447.0,405.0,453.0,0,3,0,-2.9099999999999966,-0.0243902439024389,Meal 1885 — Beverages (Thai)
102,1902,Biryani,Indian,TYPE_A,2.8,139,388.03,445.23,0,0,13.0,15.0,14.0,1,1,0,57.200000000000045,0.1284729241066416,Meal 1902 — Biryani (Indian)
102,1962,Pizza,Continental,TYPE_A,2.8,145,549.08,549.08,0,0,121.0,14.0,196.0,7,0,0,0.0,0.0,Meal 1962 — Pizza (Continental)
102,1971,Sandwich,Italian,TYPE_A,2.8,145,267.75,327.86,0,0,80.0,26.0,66.75,10,2,0,60.110000000000014,0.1833404501921552,Meal 1971 — Sandwich (Italian)
102,1993,Beverages,Thai,TYPE_A,2.8,145,121.28,119.34,0,1,339.0,285.0,328.25,0,3,0,-1.9399999999999975,-0.0162560750796044,Meal 1993 — Beverages (Thai)
102,2126,Pasta,Italian,TYPE_A,2.8,144,437.53,507.31,0,0,15.0,14.0,17.0,6,2,0,69.78000000000003,0.1375490331355582,Meal 2126 — Pasta (Italian)
102,2139,Beverages,Indian,TYPE_A,2.8,143,282.33,280.33,0,0,55.0,55.0,34.75,0,1,0,-2.0,-0.0071344486854778,Meal 2139 — Beverages (Indian)
102,2290,Rice Bowl,Indian,TYPE_A,2.8,145,261.93,299.79,0,0,285.0,378.0,291.0,8,1,0,37.860000000000014,0.1262884018813169,Meal 2290 — Rice Bowl (Indian)
102,2304,Desert,Indian,TYPE_A,2.8,143,484.09,484.09,0,0,40.0,28.0,34.25,2,1,0,0.0,0.0,Meal 2304 — Desert (Indian)
102,2306,Pasta,Italian,TYPE_A,2.8,145,242.53,336.62,1,0,27.0,14.0,27.25,6,2,0,94.09,0.2795139920385004,Meal 2306 — Pasta (Italian)
102,2322,Beverages,Continental,TYPE_A,2.8,145,356.05,356.05,0,0,189.0,107.0,179.25,0,0,0,0.0,0.0,Meal 2322 — Beverages (Continental)
102,2444,Seafood,Continental,TYPE_A,2.8,144,583.03,726.53,1,0,54.0,15.0,31.0,11,0,0,143.5,0.1975142113883803,Meal 2444 — Seafood (Continental)
102,2490,Salad,Italian,TYPE_A,2.8,145,291.03,290.03,0,0,122.0,53.0,101.75,9,2,0,-1.0,-0.0034479191807744,Meal 2490 — Salad (Italian)
102,2492,Desert,Indian,TYPE_A,2.8,145,455.93,456.93,0,0,14.0,15.0,27.75,2,1,0,1.0,0.0021885190291729,Meal 2492 — Desert (Indian)
102,2539,Beverages,Thai,TYPE_A,2.8,145,129.07,128.07,0,0,13.0,67.0,77.0,0,3,0,-1.0,-0.0078082298742874,Meal 2539 — Beverages (Thai)
102,2569,Salad,Italian,TYPE_A,2.8,145,260.99,323.07,0,0,1079.0,688.0,678.0,9,2,0,62.079999999999984,0.1921564985916364,Meal 2569 — Salad (Italian)
102,2577,Starters,Thai,TYPE_A,2.8,145,319.13,320.13,0,0,13.0,15.0,17.25,13,3,0,1.0,0.0031237309842876,Meal 2577 — Starters (Thai)
102,2581,Pizza,Continental,TYPE_A,2.8,145,549.08,547.08,0,0,161.0,68.0,230.0,7,0,0,-2.0,-0.0036557724647217,Meal 2581 — Pizza (Continental)
102,2631,Beverages,Indian,TYPE_A,2.8,145,154.26,153.26,0,0,28.0,41.0,44.0,0,1,0,-1.0,-0.0065248597155161,Meal 2631 — Beverages (Indian)
102,2640,Starters,Thai,TYPE_A,2.8,145,321.13,319.13,0,0,40.0,28.0,37.5,13,3,0,-2.0,-0.0062670385109516,Meal 2640 — Starters (Thai)
102,2664,Salad,Italian,TYPE_A,2.8,145,255.17,322.07,0,0,689.0,690.0,473.25,9,2,0,66.9,0.2077188188903033,Meal 2664 — Salad (Italian)
102,2704,Other Snacks,Thai,TYPE_A,2.8,145,320.13,321.13,0,0,13.0,26.0,33.25,5,3,0,1.0,0.0031140036745243,Meal 2704 — Other Snacks (Thai)
102,2707,Beverages,Italian,TYPE_A,2.8,145,193.06,194.06,0,0,339.0,256.0,253.5,0,2,0,1.0,0.0051530454498608,Meal 2707 — Beverages (Italian)
102,2760,Other Snacks,Thai,TYPE_A,2.8,145,182.36,260.93,0,0,14.0,26.0,30.5,5,3,0,78.57,0.3011152416356877,Meal 2760 — Other Snacks (Thai)
102,2826,Sandwich,Italian,TYPE_A,2.8,145,325.92,327.92,0,0,163.0,81.0,125.0,10,2,0,2.0,0.0060990485484264,Meal 2826 — Sandwich (Italian)
102,2867,Seafood,Continental,TYPE_A,2.8,145,726.53,726.53,0,0,42.0,27.0,27.0,11,0,0,0.0,0.0,Meal 2867 — Seafood (Continental)
104,1062,Beverages,Italian,TYPE_A,4.5,145,182.39,181.39,0,0,567.0,622.0,618.0,0,2,0,-1.0,-0.0055129830751419,Meal 1062 — Beverages (Italian)
104,1109,Rice Bowl,Indian,TYPE_A,4.5,145,283.24,284.24,0,0,797.0,865.0,682.5,8,1,0,1.0,0.0035181536729524,Meal 1109 — Rice Bowl (Indian)
104,1198,Extras,Thai,TYPE_A,4.5,145,206.64,205.64,0,0,392.0,285.0,372.0,3,3,0,-1.0,-0.0048628671464695,Meal 1198 — Extras (Thai)
104,1207,Beverages,Continental,TYPE_A,4.5,145,382.21,381.21,0,0,67.0,149.0,118.5,0,0,0,-1.0,-0.0026232260433881,Meal 1207 — Beverages (Continental)
104,1216,Pasta,Italian,TYPE_A,4.5,145,436.56,436.56,0,0,108.0,150.0,91.25,6,2,0,0.0,0.0,Meal 1216 — Pasta (Italian)
104,1230,Beverages,Continental,TYPE_A,4.5,145,374.45,373.45,0,0,285.0,109.0,162.75,0,0,0,-1.0,-0.0026777346364975,Meal 1230 — Beverages (Continental)
104,1247,Biryani,Indian,TYPE_A,4.5,145,446.23,445.23,0,0,13.0,28.0,20.75,1,1,0,-1.0,-0.0022460301417245,Meal 1247 — Biryani (Indian)
104,1248,Beverages,Indian,TYPE_A,4.5,145,163.02,163.02,0,0,54.0,81.0,54.0,0,1,0,0.0,0.0,Meal 1248 — Beverages (Indian)
104,1311,Extras,Thai,TYPE_A,4.5,145,147.44,212.46,0,0,405.0,339.0,365.0,3,3,0,65.02000000000001,0.3060340770027299,Meal 1311 — Extras (Thai)
104,1438,Soup,Thai,TYPE_A,4.5,145,194.0,194.0,0,0,69.0,69.0,75.5,12,3,0,0.0,0.0,Meal 1438 — Soup (Thai)
104,1445,Seafood,Continental,TYPE_A,4.5,145,686.79,686.79,0,0,298.0,269.0,151.75,11,0,0,0.0,0.0,Meal 1445 — Seafood (Continental)
104,1525,Other Snacks,Thai,TYPE_A,4.5,145,319.13,319.13,0,0,94.0,148.0,108.0,5,3,0,0.0,0.0,Meal 1525 — Other Snacks (Thai)
104,1543,Desert,Indian,TYPE_A,4.5,145,486.03,485.03,0,0,81.0,55.0,71.25,2,1,0,-1.0,-0.0020617281405273,Meal 1543 — Desert (Indian)
104,1558,Pizza,Continental,TYPE_A,4.5,145,562.6,562.6,0,0,188.0,161.0,410.75,7,0,0,0.0,0.0,Meal 1558 — Pizza (Continental)
104,1571,Fish,Continental,TYPE_A,4.5,144,590.73,592.73,0,0,42.0,15.0,72.25,4,0,0,2.0,0.0033742176032932,Meal 1571 — Fish (Continental)
104,1727,Rice Bowl,Indian,TYPE_A,4.5,145,464.63,464.63,0,0,609.0,528.0,490.25,8,1,0,0.0,0.0,Meal 1727 — Rice Bowl (Indian)
104,1754,Sandwich,Italian,TYPE_A,4.5,145,320.16,318.16,0,0,717.0,609.0,561.75,10,2,0,-2.0,-0.0062861453356801,Meal 1754 — Sandwich (Italian)
104,1770,Biryani,Indian,TYPE_A,4.5,145,484.03,484.03,0,0,40.0,13.0,26.5,1,1,0,0.0,0.0,Meal 1770 — Biryani (Indian)
104,1778,Beverages,Italian,TYPE_A,4.5,145,180.42,180.42,0,0,945.0,863.0,806.5,0,2,0,0.0,0.0,Meal 1778 — Beverages (Italian)
104,1803,Extras,Thai,TYPE_A,4.5,145,199.88,198.88,0,0,513.0,594.0,506.5,3,3,0,-1.0,-0.0050281576830249,Meal 1803 — Extras (Thai)
104,1847,Soup,Thai,TYPE_A,4.5,145,195.0,196.0,0,0,94.0,26.0,40.5,12,3,0,1.0,0.0051020408163265,Meal 1847 — Soup (Thai)
104,1878,Starters,Thai,TYPE_A,4.5,145,320.13,321.13,0,0,14.0,13.0,30.25,13,3,0,1.0,0.0031140036745243,Meal 1878 — Starters (Thai)
104,1885,Beverages,Thai,TYPE_A,4.5,145,157.14,158.14,0,0,1160.0,1054.0,1167.75,0,3,0,1.0,0.0063235108132034,Meal 1885 — Beverages (Thai)
104,1902,Biryani,Indian,TYPE_A,4.5,145,446.23,446.23,0,0,15.0,14.0,21.0,1,1,0,0.0,0.0,Meal 1902 — Biryani (Indian)
104,1962,Pizza,Continental,TYPE_A,4.5,145,562.63,562.63,0,0,350.0,270.0,603.75,7,0,0,0.0,0.0,Meal 1962 — Pizza (Continental)
104,1971,Sandwich,Italian,TYPE_A,4.5,145,346.35,346.35,0,0,215.0,123.0,162.75,10,2,0,0.0,0.0,Meal 1971 — Sandwich (Italian)
104,1993,Beverages,Thai,TYPE_A,4.5,145,156.17,158.17,0,0,823.0,770.0,742.5,0,3,0,2.0,0.0126446228741227,Meal 1993 — Beverages (Thai)
104,2126,Pasta,Italian,TYPE_A,4.5,145,484.03,507.31,0,1,15.0,40.0,34.75,6,2,0,23.28000000000003,0.0458891013384321,Meal 2126 — Pasta (Italian)
104,2139,Beverages,Indian,TYPE_A,4.5,145,287.18,287.18,0,0,55.0,28.0,47.75,0,1,0,0.0,0.0,Meal 2139 — Beverages (Indian)
104,2290,Rice Bowl,Indian,TYPE_A,4.5,145,286.15,288.15,0,0,838.0,1080.0,914.75,8,1,0,2.0,0.0069408294291167,Meal 2290 — Rice Bowl (Indian)
104,2304,Desert,Indian,TYPE_A,4.5,145,485.03,486.03,0,0,54.0,55.0,71.25,2,1,0,1.0,0.0020574861634055,Meal 2304 — Desert (Indian)
104,2306,Pasta,Italian,TYPE_A,4.5,145,242.5,377.33,1,0,27.0,40.0,27.25,6,2,0,134.82999999999998,0.3573264781491002,Meal 2306 — Pasta (Italian)
104,2322,Beverages,Continental,TYPE_A,4.5,145,382.18,383.18,0,0,350.0,296.0,276.75,0,0,0,1.0,0.0026097395479931,Meal 2322 — Beverages (Continental)
104,2444,Seafood,Continental,TYPE_A,4.5,144,484.03,726.53,1,1,406.0,53.0,132.25,11,0,0,242.5,0.3337783711615487,Meal 2444 — Seafood (Continental)
104,2490,Salad,Italian,TYPE_A,4.5,145,291.03,290.03,0,0,582.0,418.0,398.75,9,2,0,-1.0,-0.0034479191807744,Meal 2490 — Salad (Italian)
104,2492,Desert,Indian,TYPE_A,4.5,145,389.03,389.03,0,0,53.0,14.0,46.75,2,1,0,0.0,0.0,Meal 2492 — Desert (Indian)
104,2494,Soup,Thai,TYPE_A,4.5,145,196.0,196.0,0,0,55.0,53.0,54.0,12,3,0,0.0,0.0,Meal 2494 — Soup (Thai)
104,2539,Beverages,Thai,TYPE_A,4.5,145,158.14,158.14,0,0,337.0,432.0,350.5,0,3,0,0.0,0.0,Meal 2539 — Beverages (Thai)
104,2569,Salad,Italian,TYPE_A,4.5,145,242.53,309.49,0,0,528.0,270.0,263.75,9,2,0,66.96000000000001,0.2163559404181072,Meal 2569 — Salad (Italian)
104,2577,Starters,Thai,TYPE_A,4.5,145,320.13,319.13,0,0,67.0,69.0,70.75,13,3,0,-1.0,-0.0031335192554758,Meal 2577 — Starters (Thai)
104,2581,Pizza,Continental,TYPE_A,4.5,145,562.6,563.6,0,0,177.0,190.0,405.75,7,0,0,1.0,0.0017743080198722,Meal 2581 — Pizza (Continental)
104,2631,Beverages,Indian,TYPE_A,4.5,145,161.99,163.99,0,0,96.0,67.0,121.5,0,1,0,2.0,0.012195865601561,Meal 2631 — Beverages (Indian)
104,2640,Starters,Thai,TYPE_A,4.5,145,320.13,321.13,0,0,81.0,82.0,94.75,13,3,0,1.0,0.0031140036745243,Meal 2640 — Starters (Thai)
104,2664,Salad,Italian,TYPE_A,4.5,145,254.14,299.73,0,0,514.0,674.0,459.75,9,2,0,45.59000000000003,0.1521035598705502,Meal 2664 — Salad (Italian)
104,2704,Other Snacks,Thai,TYPE_A,4.5,145,320.13,320.13,0,0,107.0,81.0,87.75,5,3,0,0.0,0.0,Meal 2704 — Other Snacks (Thai)
104,2707,Beverages,Italian,TYPE_A,4.5,145,235.74,236.74,0,0,757.0,797.0,810.25,0,2,0,1.0,0.0042240432542029,Meal 2707 — Beverages (Italian)
104,2760,Other Snacks,Thai,TYPE_A,4.5,145,168.81,242.53,0,1,378.0,53.0,142.0,5,3,0,73.72,0.3039623964045685,Meal 2760 — Other Snacks (Thai)
104,2826,Sandwich,Italian,TYPE_A,4.5,145,378.33,378.33,0,0,661.0,729.0,664.75,10,2,0,0.0,0.0,Meal 2826 — Sandwich (Italian)
104,2867,Seafood,Continental,TYPE_A,4.5,145,726.53,728.53,0,1,312.0,204.0,139.25,11,0,0,2.0,0.0027452541419021,Meal 2867 — Seafood (Continental)
104,2956,Fish,Continental,TYPE_A,4.5,145,640.23,639.23,0,0,69.0,28.0,41.0,4,0,0,-1.0,-0.0015643821472709,Meal 2956 — Fish (Continental)
106,1062,Beverages,Italian,TYPE_A,4.0,145,155.26,154.29,1,1,366.0,258.0,267.75,0,2,0,-0.9699999999999988,-0.0062868624019703,Meal 1062 — Beverages (Italian)
106,1109,Rice Bowl,Indian,TYPE_A,4.0,145,258.08,309.43,0,0,298.0,215.0,253.75,8,1,0,51.35000000000002,0.165950295705006,Meal 1109 — Rice Bowl (Indian)
106,1207,Beverages,Continental,TYPE_A,4.0,145,359.9,358.9,0,0,55.0,109.0,108.5,0,0,0,-1.0,-0.0027862914460852,Meal 1207 — Beverages (Continental)
106,1216,Pasta,Italian,TYPE_A,4.0,145,418.13,418.13,0,0,108.0,80.0,57.0,6,2,0,0.0,0.0,Meal 1216 — Pasta (Italian)
106,1230,Beverages,Continental,TYPE_A,4.0,145,342.47,340.47,0,0,69.0,80.0,78.0,0,0,0,-2.0,-0.0058742326783563,Meal 1230 — Beverages (Continental)
106,1247,Biryani,Indian,TYPE_A,4.0,145,446.23,447.23,0,0,26.0,14.0,30.5,1,1,0,1.0,0.0022359859580081,Meal 1247 — Biryani (Indian)
106,1248,Beverages,Indian,TYPE_A,4.0,145,153.26,155.26,0,0,13.0,28.0,20.5,0,1,0,2.0,0.0128816179312121,Meal 1248 — Beverages (Indian)
106,1445,Seafood,Continental,TYPE_A,4.0,145,728.53,728.53,0,0,123.0,163.0,88.75,11,0,0,0.0,0.0,Meal 1445 — Seafood (Continental)
106,1525,Other Snacks,Thai,TYPE_A,4.0,145,321.13,320.13,0,0,67.0,40.0,47.25,5,3,0,-1.0,-0.0031237309842876,Meal 1525 — Other Snacks (Thai)
106,1543,Desert,Indian,TYPE_A,4.0,145,484.09,484.09,0,0,82.0,68.0,68.0,2,1,0,0.0,0.0,Meal 1543 — Desert (Indian)
106,1558,Pizza,Continental,TYPE_A,4.0,145,512.19,511.19,0,0,122.0,121.0,290.25,7,0,0,-1.0000000000000568,-0.0019562198008569,Meal 1558 — Pizza (Continental)
106,1571,Fish,Continental,TYPE_A,4.0,145,581.03,581.03,0,0,177.0,55.0,98.75,4,0,0,0.0,0.0,Meal 1571 — Fish (Continental)
106,1727,Rice Bowl,Indian,TYPE_A,4.0,145,421.95,422.95,0,0,203.0,202.0,196.0,8,1,0,1.0,0.0023643456673365,Meal 1727 — Rice Bowl (Indian)
106,1754,Sandwich,Italian,TYPE_A,4.0,145,292.03,292.03,0,0,460.0,499.0,499.75,10,2,0,0.0,0.0,Meal 1754 — Sandwich (Italian)
106,1770,Biryani,Indian,TYPE_A,4.0,145,426.83,484.03,0,0,14.0,14.0,30.25,1,1,0,57.19999999999999,0.1181744933165299,Meal 1770 — Biryani (Indian)
106,1778,Beverages,Italian,TYPE_A,4.0,145,161.02,152.35,1,1,188.0,258.0,202.75,0,2,0,-8.670000000000016,-0.0569084345257631,Meal 1778 — Beverages (Italian)
106,1878,Starters,Thai,TYPE_A,4.0,145,321.13,321.13,0,0,95.0,107.0,94.5,13,3,0,0.0,0.0,Meal 1878 — Starters (Thai)
106,1885,Beverages,Thai,TYPE_A,4.0,145,118.34,120.31,0,1,742.0,770.0,712.25,0,3,0,1.9699999999999989,0.0163743662205967,Meal 1885 — Beverages (Thai)
106,1902,Biryani,Indian,TYPE_A,4.0,144,445.23,446.23,0,0,15.0,13.0,21.0,1,1,0,1.0,0.0022409967953745,Meal 1902 — Biryani (Indian)
106,1962,Pizza,Continental,TYPE_A,4.0,145,512.19,513.19,0,0,203.0,243.0,374.75,7,0,0,1.0,0.0019485960365556,Meal 1962 — Pizza (Continental)
106,1971,Sandwich,Italian,TYPE_A,4.0,145,290.06,289.06,0,0,258.0,204.0,243.75,10,2,0,-1.0,-0.0034594893793676,Meal 1971 — Sandwich (Italian)
106,1993,Beverages,Thai,TYPE_A,4.0,145,117.37,118.37,0,0,487.0,647.0,512.75,0,3,0,1.0,0.0084480865084058,Meal 1993 — Beverages (Thai)
106,2104,Fish,Continental,TYPE_A,4.0,145,582.03,581.03,0,0,54.0,14.0,50.75,4,0,0,-1.0,-0.0017210815276319,Meal 2104 — Fish (Continental)
106,2126,Pasta,Italian,TYPE_A,4.0,145,436.53,507.31,0,1,13.0,14.0,33.75,6,2,0,70.78000000000003,0.1395202144645286,Meal 2126 — Pasta (Italian)
106,2139,Beverages,Indian,TYPE_A,4.0,145,284.24,283.24,0,0,42.0,41.0,41.25,0,1,0,-1.0,-0.0035305747775737,Meal 2139 — Beverages (Indian)
106,2290,Rice Bowl,Indian,TYPE_A,4.0,145,261.96,261.96,0,0,580.0,500.0,536.5,8,1,0,0.0,0.0,Meal 2290 — Rice Bowl (Indian)
106,2304,Desert,Indian,TYPE_A,4.0,145,484.09,482.09,0,0,26.0,13.0,36.75,2,1,0,-2.0,-0.0041486029579539,Meal 2304 — Desert (Indian)
106,2306,Pasta,Italian,TYPE_A,4.0,145,241.53,336.62,1,0,14.0,15.0,28.0,6,2,0,95.09,0.2824847008496227,Meal 2306 — Pasta (Italian)
106,2322,Beverages,Continental,TYPE_A,4.0,145,351.17,351.17,0,0,82.0,108.0,105.0,0,0,0,0.0,0.0,Meal 2322 — Beverages (Continental)
106,2444,Seafood,Continental,TYPE_A,4.0,145,728.53,726.53,0,0,26.0,68.0,33.75,11,0,0,-2.0,-0.0027528113085488,Meal 2444 — Seafood (Continental)
106,2490,Salad,Italian,TYPE_A,4.0,145,281.36,280.36,0,0,109.0,215.0,172.25,9,2,0,-1.0,-0.0035668426309031,Meal 2490 — Salad (Italian)
106,2492,Desert,Indian,TYPE_A,4.0,145,446.23,445.23,0,0,28.0,26.0,30.0,2,1,0,-1.0,-0.0022460301417245,Meal 2492 — Desert (Indian)
106,2539,Beverages,Thai,TYPE_A,4.0,145,121.28,119.31,0,1,149.0,121.0,206.0,0,3,0,-1.9699999999999989,-0.0165116084150532,Meal 2539 — Beverages (Thai)
106,2569,Salad,Italian,TYPE_A,4.0,145,243.47,283.24,0,0,486.0,445.0,324.0,9,2,0,39.77000000000001,0.1404109589041096,Meal 2569 — Salad (Italian)
106,2577,Starters,Thai,TYPE_A,4.0,145,320.13,321.13,0,0,41.0,15.0,37.5,13,3,0,1.0,0.0031140036745243,Meal 2577 — Starters (Thai)
106,2581,Pizza,Continental,TYPE_A,4.0,145,513.19,511.19,0,0,82.0,203.0,318.25,7,0,0,-2.000000000000057,-0.0039124396017137,Meal 2581 — Pizza (Continental)
106,2631,Beverages,Indian,TYPE_A,4.0,145,155.26,154.26,0,0,42.0,55.0,37.75,0,1,0,-1.0,-0.0064825619084662,Meal 2631 — Beverages (Indian)
106,2640,Starters,Thai,TYPE_A,4.0,145,320.13,319.13,0,0,150.0,68.0,122.25,13,3,0,-1.0,-0.0031335192554758,Meal 2640 — Starters (Thai)
106,2664,Salad,Italian,TYPE_A,4.0,145,235.71,332.77,0,0,445.0,229.0,236.25,9,2,0,97.05999999999996,0.2916729272470474,Meal 2664 — Salad (Italian)
106,2704,Other Snacks,Thai,TYPE_A,4.0,145,321.13,321.13,0,0,27.0,122.0,64.5,5,3,0,0.0,0.0,Meal 2704 — Other Snacks (Thai)
106,2707,Beverages,Italian,TYPE_A,4.0,145,206.64,206.64,0,0,283.0,474.0,388.25,0,2,0,0.0,0.0,Meal 2707 — Beverages (Italian)
106,2760,Other Snacks,Thai,TYPE_A,4.0,145,183.36,261.93,0,1,81.0,176.0,95.0,5,3,0,78.57,0.2999656396747222,Meal 2760 — Other Snacks (Thai)
106,2826,Sandwich,Italian,TYPE_A,4.0,145,327.92,325.92,0,0,337.0,432.0,394.75,10,2,0,-2.0,-0.0061364752086401,Meal 2826 — Sandwich (Italian)
106,2867,Seafood,Continental,TYPE_A,4.0,145,728.53,728.53,0,0,14.0,107.0,40.25,11,0,0,0.0,0.0,Meal 2867 — Seafood (Continental)
106,2956,Fish,Continental,TYPE_A,4.0,145,581.03,582.03,0,0,26.0,55.0,34.0,4,0,0,1.0,0.0017181244953009,Meal 2956 — Fish (Continental)
108,1062,Beverages,Italian,TYPE_B,4.4,145,189.15,191.15,0,0,458.0,567.0,526.0,0,2,1,2.0,0.0104629871828407,Meal 1062 — Beverages (Italian)
108,1109,Rice Bowl,Indian,TYPE_B,4.4,145,290.06,291.06,0,0,742.0,825.0,732.5,8,1,1,1.0,0.003435717721432,Meal 1109 — Rice Bowl (Indian)
108,1198,Extras,Thai,TYPE_B,4.4,145,198.88,234.74,0,0,94.0,270.0,246.25,3,3,1,35.860000000000014,0.1527647610121837,Meal 1198 — Extras (Thai)
108,1207,Beverages,Continental,TYPE_B,4.4,145,369.63,368.63,0,0,82.0,67.0,87.75,0,0,1,-1.0,-0.0027127471990885,Meal 1207 — Beverages (Continental)
108,1216,Pasta,Italian,TYPE_B,4.4,145,387.09,387.09,0,0,134.0,109.0,87.75,6,2,1,0.0,0.0,Meal 1216 — Pasta (Italian)
108,1230,Beverages,Continental,TYPE_B,4.4,145,388.0,389.0,0,0,26.0,67.0,61.0,0,0,1,1.0,0.0025706940874035,Meal 1230 — Beverages (Continental)
108,1247,Biryani,Indian,TYPE_B,4.4,145,446.23,445.23,0,0,94.0,27.0,54.0,1,1,1,-1.0,-0.0022460301417245,Meal 1247 — Biryani (Indian)
108,1248,Beverages,Indian,TYPE_B,4.4,145,160.05,161.05,0,0,42.0,40.0,51.25,0,1,1,1.0,0.0062092517851598,Meal 1248 — Beverages (Indian)
108,1311,Extras,Thai,TYPE_B,4.4,145,188.18,190.18,0,0,163.0,215.0,203.0,3,3,1,2.0,0.0105163529288042,Meal 1311 — Extras (Thai)
108,1438,Soup,Thai,TYPE_B,4.4,145,194.0,195.0,0,0,108.0,55.0,74.0,12,3,1,1.0,0.0051282051282051,Meal 1438 — Soup (Thai)
108,1445,Seafood,Continental,TYPE_B,4.4,145,727.53,727.53,0,0,352.0,473.0,233.0,11,0,1,0.0,0.0,Meal 1445 — Seafood (Continental)
108,1525,Other Snacks,Thai,TYPE_B,4.4,145,321.13,321.13,0,1,256.0,432.0,367.75,5,3,1,0.0,0.0,Meal 1525 — Other Snacks (Thai)
108,1543,Desert,Indian,TYPE_B,4.4,145,485.03,486.03,0,0,136.0,148.0,128.0,2,1,1,1.0,0.0020574861634055,Meal 1543 — Desert (Indian)
108,1558,Pizza,Continental,TYPE_B,4.4,145,564.6,562.6,0,0,55.0,67.0,243.25,7,0,1,-2.0,-0.0035549235691432,Meal 1558 — Pizza (Continental)
108,1571,Fish,Continental,TYPE_B,4.4,145,639.23,639.23,0,0,176.0,203.0,169.0,4,0,1,0.0,0.0,Meal 1571 — Fish (Continental)
108,1727,Rice Bowl,Indian,TYPE_B,4.4,145,465.63,464.63,0,0,312.0,432.0,401.75,8,1,1,-1.0,-0.0021522501775606,Meal 1727 — Rice Bowl (Indian)
108,1754,Sandwich,Italian,TYPE_B,4.4,145,319.16,318.16,0,0,717.0,662.0,638.0,10,2,1,-1.0,-0.00314307266784,Meal 1754 — Sandwich (Italian)
108,1770,Biryani,Indian,TYPE_B,4.4,145,485.03,484.03,0,0,41.0,41.0,34.25,1,1,1,-1.0,-0.0020659876453938,Meal 1770 — Biryani (Indian)
108,1778,Beverages,Italian,TYPE_B,4.4,145,182.36,182.36,0,0,593.0,662.0,573.75,0,2,1,0.0,0.0,Meal 1778 — Beverages (Italian)
108,1803,Extras,Thai,TYPE_B,4.4,145,203.73,204.73,0,0,149.0,231.0,209.75,3,3,1,1.0,0.0048844820006838,Meal 1803 — Extras (Thai)
108,1847,Soup,Thai,TYPE_B,4.4,145,194.0,195.0,0,0,67.0,15.0,44.75,12,3,1,1.0,0.0051282051282051,Meal 1847 — Soup (Thai)
108,1878,Starters,Thai,TYPE_B,4.4,145,320.13,320.13,0,0,109.0,68.0,112.0,13,3,1,0.0,0.0,Meal 1878 — Starters (Thai)
108,1885,Beverages,Thai,TYPE_B,4.4,145,157.14,144.56,0,1,1404.0,1485.0,1532.25,0,3,1,-12.579999999999984,-0.087022689540675,Meal 1885 — Beverages (Thai)
108,1902,Biryani,Indian,TYPE_B,4.4,145,446.23,447.23,0,0,54.0,67.0,47.0,1,1,1,1.0,0.0022359859580081,Meal 1902 — Biryani (Indian)
108,1962,Pizza,Continental,TYPE_B,4.4,145,564.6,562.6,0,0,284.0,392.0,682.25,7,0,1,-2.0,-0.0035549235691432,Meal 1962 — Pizza (Continental)
108,1971,Sandwich,Italian,TYPE_B,4.4,145,340.47,341.47,0,0,231.0,256.0,230.25,10,2,1,1.0,0.0029285149500688,Meal 1971 — Sandwich (Italian)
108,1993,Beverages,Thai,TYPE_B,4.4,145,159.14,145.56,0,1,1040.0,1201.0,1090.25,0,3,1,-13.579999999999984,-0.0932948612256113,Meal 1993 — Beverages (Thai)
108,2126,Pasta,Italian,TYPE_B,4.4,145,476.33,476.33,0,0,55.0,13.0,47.5,6,2,1,0.0,0.0,Meal 2126 — Pasta (Italian)
108,2139,Beverages,Indian,TYPE_B,4.4,145,290.03,292.03,0,0,41.0,27.0,40.75,0,1,1,2.0,0.0068486114440297,Meal 2139 — Beverages (Indian)
108,2290,Rice Bowl,Indian,TYPE_B,4.4,145,289.06,290.06,0,0,986.0,933.0,942.25,8,1,1,1.0,0.0034475625732607,Meal 2290 — Rice Bowl (Indian)
108,2304,Desert,Indian,TYPE_B,4.4,145,485.03,484.03,0,0,80.0,53.0,81.25,2,1,1,-1.0,-0.0020659876453938,Meal 2304 — Desert (Indian)
108,2306,Pasta,Italian,TYPE_B,4.4,145,242.5,336.62,1,0,15.0,26.0,34.0,6,2,1,94.12,0.279603113302834,Meal 2306 — Pasta (Italian)
108,2322,Beverages,Continental,TYPE_B,4.4,145,384.15,384.15,0,0,177.0,162.0,149.0,0,0,1,0.0,0.0,Meal 2322 — Beverages (Continental)
108,2444,Seafood,Continental,TYPE_B,4.4,145,727.53,726.53,0,0,258.0,229.0,132.25,11,0,1,-1.0,-0.0013764056542744,Meal 2444 — Seafood (Continental)
108,2490,Salad,Italian,TYPE_B,4.4,145,292.03,291.03,0,0,244.0,324.0,267.25,9,2,1,-1.0,-0.0034360718826237,Meal 2490 — Salad (Italian)
108,2492,Desert,Indian,TYPE_B,4.4,145,293.0,389.03,0,1,135.0,109.0,314.75,2,1,1,96.02999999999996,0.246844716345783,Meal 2492 — Desert (Indian)
108,2494,Soup,Thai,TYPE_B,4.4,145,195.0,195.0,0,0,69.0,68.0,81.25,12,3,1,0.0,0.0,Meal 2494 — Soup (Thai)
108,2539,Beverages,Thai,TYPE_B,4.4,145,160.11,151.38,0,1,690.0,676.0,730.0,0,3,1,-8.730000000000018,-0.0576694411414983,Meal 2539 — Beverages (Thai)
108,2569,Salad,Italian,TYPE_B,4.4,145,235.71,339.56,0,0,566.0,189.0,316.5,9,2,1,103.85,0.3058369654847449,Meal 2569 — Salad (Italian)
108,2577,Starters,Thai,TYPE_B,4.4,145,320.13,319.13,0,0,134.0,296.0,212.25,13,3,1,-1.0,-0.0031335192554758,Meal 2577 — Starters (Thai)
108,2581,Pizza,Continental,TYPE_B,4.4,145,563.6,563.6,0,0,150.0,244.0,335.0,7,0,1,0.0,0.0,Meal 2581 — Pizza (Continental)
108,2631,Beverages,Indian,TYPE_B,4.4,145,160.08,160.08,0,0,26.0,82.0,61.0,0,1,1,0.0,0.0,Meal 2631 — Beverages (Indian)
108,2640,Starters,Thai,TYPE_B,4.4,145,321.13,319.13,0,0,230.0,163.0,233.25,13,3,1,-2.0,-0.0062670385109516,Meal 2640 — Starters (Thai)
108,2664,Salad,Italian,TYPE_B,4.4,145,242.53,339.56,0,0,513.0,188.0,263.25,9,2,1,97.03,0.2857521498409707,Meal 2664 — Salad (Italian)
108,2704,Other Snacks,Thai,TYPE_B,4.4,145,319.13,321.13,0,1,337.0,310.0,303.75,5,3,1,2.0,0.0062280073490486,Meal 2704 — Other Snacks (Thai)
108,2707,Beverages,Italian,TYPE_B,4.4,145,239.65,237.65,0,0,986.0,716.0,878.0,0,2,1,-2.0,-0.0084157374289922,Meal 2707 — Beverages (Italian)
108,2760,Other Snacks,Thai,TYPE_B,4.4,145,163.99,241.53,0,1,500.0,204.0,271.0,5,3,1,77.53999999999999,0.3210367242164534,Meal 2760 — Other Snacks (Thai)
108,2826,Sandwich,Italian,TYPE_B,4.4,145,378.33,377.33,0,0,539.0,675.0,665.0,10,2,1,-1.0,-0.0026502000901068,Meal 2826 — Sandwich (Italian)
108,2867,Seafood,Continental,TYPE_B,4.4,145,728.53,727.53,0,0,229.0,323.0,148.0,11,0,1,-1.0,-0.0013745137657553,Meal 2867 — Seafood (Continental)
108,2956,Fish,Continental,TYPE_B,4.4,145,640.23,639.23,0,0,134.0,188.0,138.25,4,0,1,-1.0,-0.0015643821472709,Meal 2956 — Fish (Continental)
109,1062,Beverages,Italian,TYPE_A,3.6,145,188.24,187.24,0,0,446.0,500.0,513.5,0,2,0,-1.0,-0.0053407391582995,Meal 1062 — Beverages (Italian)
109,1109,Rice Bowl,Indian,TYPE_A,3.6,145,282.33,282.33,0,0,406.0,472.0,466.25,8,1,0,0.0,0.0,Meal 1109 — Rice Bowl (Indian)
109,1198,Extras,Thai,TYPE_A,3.6,145,192.12,227.01,0,0,297.0,109.0,162.25,3,3,0,34.889999999999986,0.1536936698823839,Meal 1198 — Extras (Thai)
109,1207,Beverages,Continental,TYPE_A,3.6,145,380.24,382.24,0,0,81.0,177.0,115.5,0,0,0,2.0,0.0052323147760569,Meal 1207 — Beverages (Continental)
109,1216,Pasta,Italian,TYPE_A,3.6,145,355.08,417.13,0,0,175.0,217.0,117.75,6,2,0,62.05000000000001,0.1487545849015894,Meal 1216 — Pasta (Italian)
109,1230,Beverages,Continental,TYPE_A,3.6,145,369.6,368.6,0,0,96.0,202.0,118.5,0,0,0,-1.0,-0.0027129679869777,Meal 1230 — Beverages (Continental)
109,1247,Biryani,Indian,TYPE_A,3.6,144,445.23,445.23,0,0,26.0,67.0,40.25,1,1,0,0.0,0.0,Meal 1247 — Biryani (Indian)
109,1248,Beverages,Indian,TYPE_A,3.6,145,163.02,163.02,0,0,67.0,27.0,43.25,0,1,0,0.0,0.0,Meal 1248 — Beverages (Indian)
109,1311,Extras,Thai,TYPE_A,3.6,145,149.41,148.41,0,0,527.0,420.0,415.75,3,3,0,-1.0,-0.0067380904251735,Meal 1311 — Extras (Thai)
109,1438,Soup,Thai,TYPE_A,3.6,142,195.0,195.0,0,0,41.0,40.0,47.25,12,3,0,0.0,0.0,Meal 1438 — Soup (Thai)
109,1445,Seafood,Continental,TYPE_A,3.6,145,728.53,726.53,0,0,244.0,243.0,138.75,11,0,0,-2.0,-0.0027528113085488,Meal 1445 — Seafood (Continental)
109,1525,Other Snacks,Thai,TYPE_A,3.6,145,319.13,321.13,0,0,80.0,136.0,101.5,5,3,0,2.0,0.0062280073490486,Meal 1525 — Other Snacks (Thai)
109,1543,Desert,Indian,TYPE_A,3.6,145,486.03,484.03,0,0,54.0,96.0,74.75,2,1,0,-2.0,-0.0041319752907877,Meal 1543 — Desert (Indian)
109,1558,Pizza,Continental,TYPE_A,3.6,145,564.6,562.6,0,0,55.0,95.0,280.5,7,0,0,-2.0,-0.0035549235691432,Meal 1558 — Pizza (Continental)
109,1727,Rice Bowl,Indian,TYPE_A,3.6,145,464.63,465.63,0,0,162.0,350.0,239.5,8,1,0,1.0,0.0021476279449348,Meal 1727 — Rice Bowl (Indian)
109,1754,Sandwich,Italian,TYPE_A,3.6,145,318.22,316.22,0,0,378.0,501.0,422.25,10,2,0,-2.0,-0.006324710644488,Meal 1754 — Sandwich (Italian)
109,1770,Biryani,Indian,TYPE_A,3.6,145,486.03,485.03,0,0,15.0,26.0,17.25,1,1,0,-1.0,-0.0020617281405273,Meal 1770 — Biryani (Indian)
109,1778,Beverages,Italian,TYPE_A,3.6,145,189.15,189.15,0,0,459.0,499.0,499.25,0,2,0,0.0,0.0,Meal 1778 — Beverages (Italian)
109,1803,Extras,Thai,TYPE_A,3.6,145,183.39,206.61,0,1,486.0,406.0,462.25,3,3,0,23.220000000000027,0.1123856541309715,Meal 1803 — Extras (Thai)
109,1847,Soup,Thai,TYPE_A,3.6,145,194.0,196.0,0,0,26.0,27.0,53.75,12,3,0,2.0,0.010204081632653,Meal 1847 — Soup (Thai)
109,1878,Starters,Thai,TYPE_A,3.6,145,321.13,319.13,0,0,69.0,82.0,68.25,13,3,0,-2.0,-0.0062670385109516,Meal 1878 — Starters (Thai)
109,1885,Beverages,Thai,TYPE_A,3.6,145,157.14,150.35,0,1,798.0,1013.0,952.5,0,3,0,-6.789999999999992,-0.0451612903225805,Meal 1885 — Beverages (Thai)
109,1902,Biryani,Indian,TYPE_A,3.6,145,447.23,446.23,0,0,28.0,40.0,30.5,1,1,0,-1.0,-0.0022409967953745,Meal 1902 — Biryani (Indian)
109,1962,Pizza,Continental,TYPE_A,3.6,145,564.6,563.6,0,0,215.0,188.0,583.0,7,0,0,-1.0,-0.0017743080198722,Meal 1962 — Pizza (Continental)
109,1971,Sandwich,Italian,TYPE_A,3.6,145,344.35,345.35,0,0,162.0,175.0,138.0,10,2,0,1.0,0.0028956131460836,Meal 1971 — Sandwich (Italian)
109,1993,Beverages,Thai,TYPE_A,3.6,145,157.14,159.14,0,0,501.0,593.0,631.5,0,3,0,2.0,0.0125675505843911,Meal 1993 — Beverages (Thai)
109,2126,Pasta,Italian,TYPE_A,3.6,145,486.03,485.03,0,0,53.0,55.0,34.25,6,2,0,-1.0,-0.0020617281405273,Meal 2126 — Pasta (Italian)
109,2139,Beverages,Indian,TYPE_A,3.6,145,284.21,284.21,0,0,14.0,54.0,47.5,0,1,0,0.0,0.0,Meal 2139 — Beverages (Indian)
109,2290,Rice Bowl,Indian,TYPE_A,3.6,145,299.79,299.79,0,0,431.0,432.0,472.25,8,1,0,0.0,0.0,Meal 2290 — Rice Bowl (Indian)
109,2304,Desert,Indian,TYPE_A,3.6,145,485.03,485.03,0,0,13.0,95.0,51.0,2,1,0,0.0,0.0,Meal 2304 — Desert (Indian)
109,2306,Pasta,Italian,TYPE_A,3.6,145,244.5,336.62,1,0,13.0,28.0,94.75,6,2,0,92.12,0.2736616956805894,Meal 2306 — Pasta (Italian)
109,2322,Beverages,Continental,TYPE_A,3.6,145,381.27,381.27,0,0,215.0,15.0,172.5,0,0,0,0.0,0.0,Meal 2322 — Beverages (Continental)
109,2444,Seafood,Continental,TYPE_A,3.6,144,484.03,728.53,1,1,460.0,15.0,128.75,11,0,0,244.5,0.3356073188475423,Meal 2444 — Seafood (Continental)
109,2490,Salad,Italian,TYPE_A,3.6,145,290.03,291.03,0,0,135.0,204.0,286.75,9,2,0,1.0,0.0034360718826237,Meal 2490 — Salad (Italian)
109,2492,Desert,Indian,TYPE_A,3.6,145,389.03,387.03,0,0,94.0,95.0,74.0,2,1,0,-2.0,-0.0051675580704338,Meal 2492 — Desert (Indian)
109,2494,Soup,Thai,TYPE_A,3.6,145,195.0,196.0,0,0,15.0,14.0,18.0,12,3,0,1.0,0.0051020408163265,Meal 2494 — Soup (Thai)
109,2539,Beverages,Thai,TYPE_A,3.6,145,160.11,158.11,0,0,162.0,231.0,206.5,0,3,0,-2.0,-0.012649421288976,Meal 2539 — Beverages (Thai)
109,2569,Salad,Italian,TYPE_A,3.6,145,243.53,339.56,0,1,420.0,149.0,189.75,9,2,0,96.03,0.2828071622099187,Meal 2569 — Salad (Italian)
109,2577,Starters,Thai,TYPE_A,3.6,144,321.13,320.13,0,0,41.0,13.0,30.25,13,3,0,-1.0,-0.0031237309842876,Meal 2577 — Starters (Thai)
109,2581,Pizza,Continental,TYPE_A,3.6,145,564.6,562.6,0,0,122.0,163.0,375.5,7,0,0,-2.0,-0.0035549235691432,Meal 2581 — Pizza (Continental)
109,2631,Beverages,Indian,TYPE_A,3.6,145,159.11,160.11,0,0,55.0,149.0,98.25,0,1,0,1.0,0.006245706077072,Meal 2631 — Beverages (Indian)
109,2640,Starters,Thai,TYPE_A,3.6,145,319.13,319.13,0,0,53.0,82.0,54.0,13,3,0,0.0,0.0,Meal 2640 — Starters (Thai)
109,2664,Salad,Italian,TYPE_A,3.6,145,257.05,339.56,0,1,446.0,95.0,196.0,9,2,0,82.50999999999999,0.2429909294380963,Meal 2664 — Salad (Italian)
109,2704,Other Snacks,Thai,TYPE_A,3.6,145,320.13,319.13,0,0,94.0,81.0,63.75,5,3,0,-1.0,-0.0031335192554758,Meal 2704 — Other Snacks (Thai)
109,2707,Beverages,Italian,TYPE_A,3.6,145,241.59,241.59,0,0,622.0,473.0,571.25,0,2,0,0.0,0.0,Meal 2707 — Beverages (Italian)
109,2760,Other Snacks,Thai,TYPE_A,3.6,145,163.99,243.53,0,0,162.0,95.0,105.25,5,3,0,79.53999999999999,0.3266127376503921,Meal 2760 — Other Snacks (Thai)
109,2826,Sandwich,Italian,TYPE_A,3.6,145,379.33,377.33,0,0,418.0,595.0,395.0,10,2,0,-2.0,-0.0053004001802136,Meal 2826 — Sandwich (Italian)
109,2867,Seafood,Continental,TYPE_A,3.6,145,726.53,728.53,0,0,257.0,123.0,105.5,11,0,0,2.0,0.0027452541419021,Meal 2867 — Seafood (Continental)
110,1062,Beverages,Italian,TYPE_A,3.8,145,157.2,158.17,1,0,337.0,459.0,370.75,0,2,0,0.9699999999999988,0.0061326420939495,Meal 1062 — Beverages (Italian)
110,1109,Rice Bowl,Indian,TYPE_A,3.8,145,292.97,291.97,0,0,433.0,378.0,375.25,8,1,0,-1.0,-0.0034250094187759,Meal 1109 — Rice Bowl (Indian)
110,1207,Beverages,Continental,TYPE_A,3.8,145,340.47,342.47,0,0,94.0,190.0,128.0,0,0,0,2.0,0.0058399275848979,Meal 1207 — Beverages (Continental)
110,1216,Pasta,Italian,TYPE_A,3.8,144,291.03,414.25,0,0,80.0,13.0,43.75,6,2,0,123.22000000000004,0.2974532287266144,Meal 1216 — Pasta (Italian)
110,1230,Beverages,Continental,TYPE_A,3.8,145,352.17,351.17,0,0,229.0,188.0,215.5,0,0,0,-1.0,-0.0028476236580573,Meal 1230 — Beverages (Continental)
110,1247,Biryani,Indian,TYPE_A,3.8,145,447.23,445.23,0,0,14.0,13.0,24.25,1,1,0,-2.0,-0.004492060283449,Meal 1247 — Biryani (Indian)
110,1248,Beverages,Indian,TYPE_A,3.8,145,150.41,150.41,0,0,55.0,94.0,57.5,0,1,0,0.0,0.0,Meal 1248 — Beverages (Indian)
110,1445,Seafood,Continental,TYPE_A,3.8,145,728.53,727.53,0,0,80.0,53.0,46.5,11,0,0,-1.0,-0.0013745137657553,Meal 1445 — Seafood (Continental)
110,1525,Other Snacks,Thai,TYPE_A,3.8,145,320.13,319.13,0,0,28.0,28.0,31.25,5,3,0,-1.0,-0.0031335192554758,Meal 1525 — Other Snacks (Thai)
110,1543,Desert,Indian,TYPE_A,3.8,145,482.09,483.09,0,0,107.0,55.0,61.5,2,1,0,1.0,0.0020700076590283,Meal 1543 — Desert (Indian)
110,1558,Pizza,Continental,TYPE_A,3.8,145,512.19,512.19,0,0,188.0,230.0,324.0,7,0,0,0.0,0.0,Meal 1558 — Pizza (Continental)
110,1571,Fish,Continental,TYPE_A,3.8,145,583.03,581.03,0,0,13.0,68.0,98.0,4,0,0,-2.0,-0.0034421630552639,Meal 1571 — Fish (Continental)
110,1727,Rice Bowl,Indian,TYPE_A,3.8,145,447.23,446.23,0,0,298.0,242.0,243.0,8,1,0,-1.0,-0.0022409967953745,Meal 1727 — Rice Bowl (Indian)
110,1754,Sandwich,Italian,TYPE_A,3.8,145,329.83,329.83,0,0,393.0,566.0,476.5,10,2,0,0.0,0.0,Meal 1754 — Sandwich (Italian)
110,1770,Biryani,Indian,TYPE_A,3.8,144,484.03,485.03,0,0,13.0,28.0,23.5,1,1,0,1.0,0.0020617281405273,Meal 1770 — Biryani (Indian)
110,1778,Beverages,Italian,TYPE_A,3.8,145,157.2,152.29,1,0,378.0,338.0,303.75,0,2,0,-4.909999999999997,-0.032241118917854,Meal 1778 — Beverages (Italian)
110,1878,Starters,Thai,TYPE_A,3.8,145,320.13,321.13,0,0,80.0,68.0,97.75,13,3,0,1.0,0.0031140036745243,Meal 1878 — Starters (Thai)
110,1885,Beverages,Thai,TYPE_A,3.8,145,117.37,118.37,0,0,378.0,513.0,500.0,0,3,0,1.0,0.0084480865084058,Meal 1885 — Beverages (Thai)
110,1902,Biryani,Indian,TYPE_A,3.8,144,447.23,446.23,0,0,27.0,28.0,24.0,1,1,0,-1.0,-0.0022409967953745,Meal 1902 — Biryani (Indian)
110,1962,Pizza,Continental,TYPE_A,3.8,145,513.19,511.19,0,0,298.0,337.0,509.75,7,0,0,-2.000000000000057,-0.0039124396017137,Meal 1962 — Pizza (Continental)
110,1971,Sandwich,Italian,TYPE_A,3.8,145,292.03,290.03,0,0,339.0,337.0,287.5,10,2,0,-2.0,-0.0068958383615488,Meal 1971 — Sandwich (Italian)
110,1993,Beverages,Thai,TYPE_A,3.8,145,118.34,118.34,0,0,392.0,310.0,391.5,0,3,0,0.0,0.0,Meal 1993 — Beverages (Thai)
110,2104,Fish,Continental,TYPE_A,3.8,145,582.03,581.03,0,0,67.0,95.0,77.5,4,0,0,-1.0,-0.0017210815276319,Meal 2104 — Fish (Continental)
110,2126,Pasta,Italian,TYPE_A,3.8,145,436.53,436.53,0,0,27.0,55.0,44.0,6,2,0,0.0,0.0,Meal 2126 — Pasta (Italian)
110,2139,Beverages,Indian,TYPE_A,3.8,145,282.33,281.33,0,0,53.0,41.0,40.75,0,1,0,-1.0,-0.0035545444851242,Meal 2139 — Beverages (Indian)
110,2290,Rice Bowl,Indian,TYPE_A,3.8,145,231.89,260.96,0,0,811.0,985.0,814.0,8,1,0,29.069999999999997,0.1113963825873697,Meal 2290 — Rice Bowl (Indian)
110,2304,Desert,Indian,TYPE_A,3.8,145,484.09,482.09,0,0,28.0,27.0,24.0,2,1,0,-2.0,-0.0041486029579539,Meal 2304 — Desert (Indian)
110,2306,Pasta,Italian,TYPE_A,3.8,145,242.53,335.62,1,0,27.0,15.0,44.75,6,2,0,93.09,0.2773672605923366,Meal 2306 — Pasta (Italian)
110,2322,Beverages,Continental,TYPE_A,3.8,145,359.87,361.87,0,0,352.0,364.0,294.0,0,0,0,2.0,0.0055268466576394,Meal 2322 — Beverages (Continental)
110,2444,Seafood,Continental,TYPE_A,3.8,145,728.53,727.53,0,0,148.0,81.0,81.5,11,0,0,-1.0,-0.0013745137657553,Meal 2444 — Seafood (Continental)
110,2490,Salad,Italian,TYPE_A,3.8,145,254.14,255.14,0,0,121.0,283.0,216.25,9,2,0,1.0,0.0039194167907815,Meal 2490 — Salad (Italian)
110,2492,Desert,Indian,TYPE_A,3.8,145,456.93,454.93,0,0,41.0,27.0,37.75,2,1,0,-2.0,-0.0043962807464884,Meal 2492 — Desert (Indian)
110,2539,Beverages,Thai,TYPE_A,3.8,145,117.4,118.4,0,0,148.0,81.0,111.25,0,3,0,1.0,0.0084459459459459,Meal 2539 — Beverages (Thai)
110,2569,Salad,Italian,TYPE_A,3.8,145,235.77,302.64,0,0,756.0,323.0,387.75,9,2,0,66.86999999999998,0.2209555908009515,Meal 2569 — Salad (Italian)
110,2577,Starters,Thai,TYPE_A,3.8,145,320.13,319.13,0,0,14.0,81.0,37.25,13,3,0,-1.0,-0.0031335192554758,Meal 2577 — Starters (Thai)
110,2581,Pizza,Continental,TYPE_A,3.8,145,512.19,513.19,0,0,135.0,150.0,287.25,7,0,0,1.0,0.0019485960365556,Meal 2581 — Pizza (Continental)
110,2631,Beverages,Indian,TYPE_A,3.8,145,154.26,153.26,0,0,95.0,163.0,102.0,0,1,0,-1.0,-0.0065248597155161,Meal 2631 — Beverages (Indian)
110,2640,Starters,Thai,TYPE_A,3.8,145,320.13,319.13,0,0,231.0,121.0,149.0,13,3,0,-1.0,-0.0031335192554758,Meal 2640 — Starters (Thai)
110,2664,Salad,Italian,TYPE_A,3.8,145,244.44,339.53,0,0,539.0,177.0,284.25,9,2,0,95.08999999999996,0.2800636173534002,Meal 2664 — Salad (Italian)
110,2704,Other Snacks,Thai,TYPE_A,3.8,145,319.13,321.13,0,0,68.0,109.0,98.25,5,3,0,2.0,0.0062280073490486,Meal 2704 — Other Snacks (Thai)
110,2707,Beverages,Italian,TYPE_A,3.8,145,202.76,201.76,0,0,433.0,514.0,499.75,0,2,0,-1.0,-0.0049563838223632,Meal 2707 — Beverages (Italian)
110,2760,Other Snacks,Thai,TYPE_A,3.8,145,182.36,262.93,0,1,96.0,15.0,55.0,5,3,0,80.57,0.3064313695660441,Meal 2760 — Other Snacks (Thai)
110,2826,Sandwich,Italian,TYPE_A,3.8,145,327.92,327.92,0,0,420.0,419.0,368.75,10,2,0,0.0,0.0,Meal 2826 — Sandwich (Italian)
110,2867,Seafood,Continental,TYPE_A,3.8,145,726.53,726.53,0,0,109.0,121.0,67.25,11,0,0,0.0,0.0,Meal 2867 — Seafood (Continental)
110,2956,Fish,Continental,TYPE_A,3.8,145,582.03,582.03,0,0,68.0,95.0,78.0,4,0,0,0.0,0.0,Meal 2956 — Fish (Continental)
113,1062,Beverages,Italian,TYPE_C,4.0,145,155.23,157.17,1,1,593.0,541.0,577.5,0,2,2,1.9399999999999975,0.0123433225170197,Meal 1062 — Beverages (Italian)
113,1109,Rice Bowl,Indian,TYPE_C,4.0,145,293.0,293.0,0,0,244.0,418.0,240.0,8,1,2,0.0,0.0,Meal 1109 — Rice Bowl (Indian)
113,1207,Beverages,Continental,TYPE_C,4.0,145,338.59,338.59,0,0,41.0,54.0,60.5,0,0,2,0.0,0.0,Meal 1207 — Beverages (Continental)
113,1216,Pasta,Italian,TYPE_C,4.0,145,413.25,413.25,0,0,204.0,108.0,91.5,6,2,2,0.0,0.0,Meal 1216 — Pasta (Italian)
113,1230,Beverages,Continental,TYPE_C,4.0,145,369.63,367.63,0,0,67.0,108.0,121.75,0,0,2,-2.0,-0.0054402524277126,Meal 1230 — Beverages (Continental)
113,1247,Biryani,Indian,TYPE_C,4.0,140,389.03,445.23,0,0,13.0,13.0,16.5,1,1,2,56.200000000000045,0.1262268939649171,Meal 1247 — Biryani (Indian)
113,1248,Beverages,Indian,TYPE_C,4.0,145,150.38,151.38,0,0,28.0,69.0,31.5,0,1,2,1.0,0.0066058924560708,Meal 1248 — Beverages (Indian)
113,1445,Seafood,Continental,TYPE_C,4.0,145,727.53,726.53,0,0,15.0,40.0,24.0,11,0,2,-1.0,-0.0013764056542744,Meal 1445 — Seafood (Continental)
113,1525,Other Snacks,Thai,TYPE_C,4.0,145,321.13,319.13,0,0,27.0,41.0,24.0,5,3,2,-2.0,-0.0062670385109516,Meal 1525 — Other Snacks (Thai)
113,1543,Desert,Indian,TYPE_C,4.0,145,484.09,482.09,0,0,135.0,163.0,145.5,2,1,2,-2.0,-0.0041486029579539,Meal 1543 — Desert (Indian)
113,1558,Pizza,Continental,TYPE_C,4.0,145,548.08,547.08,0,0,323.0,229.0,373.75,7,0,2,-1.0,-0.0018278862323608,Meal 1558 — Pizza (Continental)
113,1571,Fish,Continental,TYPE_C,4.0,143,581.03,581.03,0,0,15.0,26.0,17.25,4,0,2,0.0,0.0,Meal 1571 — Fish (Continental)
113,1727,Rice Bowl,Indian,TYPE_C,4.0,145,446.23,445.23,0,0,188.0,311.0,233.25,8,1,2,-1.0,-0.0022460301417245,Meal 1727 — Rice Bowl (Indian)
113,1754,Sandwich,Italian,TYPE_C,4.0,145,330.83,330.83,0,0,607.0,1025.0,732.75,10,2,2,0.0,0.0,Meal 1754 — Sandwich (Italian)
113,1770,Biryani,Indian,TYPE_C,4.0,145,486.03,485.03,0,0,13.0,15.0,24.0,1,1,2,-1.0,-0.0020617281405273,Meal 1770 — Biryani (Indian)
113,1778,Beverages,Italian,TYPE_C,4.0,145,153.29,156.17,1,0,432.0,391.0,371.25,0,2,2,2.8799999999999955,0.0184414420183133,Meal 1778 — Beverages (Italian)
113,1878,Starters,Thai,TYPE_C,4.0,145,319.13,321.13,0,0,55.0,26.0,30.75,13,3,2,2.0,0.0062280073490486,Meal 1878 — Starters (Thai)
113,1885,Beverages,Thai,TYPE_C,4.0,145,138.71,139.71,0,0,242.0,258.0,222.75,0,3,2,1.0,0.0071576837735308,Meal 1885 — Beverages (Thai)
113,1902,Biryani,Indian,TYPE_C,4.0,145,445.23,447.23,0,0,41.0,26.0,24.25,1,1,2,2.0,0.0044719719160163,Meal 1902 — Biryani (Indian)
113,1962,Pizza,Continental,TYPE_C,4.0,145,549.08,547.08,0,0,217.0,257.0,365.0,7,0,2,-2.0,-0.0036557724647217,Meal 1962 — Pizza (Continental)
113,1971,Sandwich,Italian,TYPE_C,4.0,145,327.86,328.86,0,0,242.0,284.0,236.25,10,2,2,1.0,0.0030408076385087,Meal 1971 — Sandwich (Italian)
113,1993,Beverages,Thai,TYPE_C,4.0,145,130.95,130.95,0,0,134.0,53.0,141.5,0,3,2,0.0,0.0,Meal 1993 — Beverages (Thai)
113,2104,Fish,Continental,TYPE_C,4.0,145,583.03,582.03,0,0,54.0,13.0,27.25,4,0,2,-1.0,-0.0017181244953009,Meal 2104 — Fish (Continental)
113,2126,Pasta,Italian,TYPE_C,4.0,145,437.53,437.53,0,0,54.0,82.0,54.0,6,2,2,0.0,0.0,Meal 2126 — Pasta (Italian)
113,2139,Beverages,Indian,TYPE_C,4.0,145,281.33,280.33,0,0,53.0,82.0,53.75,0,1,2,-1.0,-0.0035672243427389,Meal 2139 — Beverages (Indian)
113,2290,Rice Bowl,Indian,TYPE_C,4.0,145,298.79,299.79,0,0,568.0,635.0,659.0,8,1,2,1.0,0.0033356683011441,Meal 2290 — Rice Bowl (Indian)
113,2304,Desert,Indian,TYPE_C,4.0,145,484.09,482.09,0,0,121.0,81.0,74.25,2,1,2,-2.0,-0.0041486029579539,Meal 2304 — Desert (Indian)
113,2306,Pasta,Italian,TYPE_C,4.0,145,242.53,337.62,1,0,27.0,14.0,47.75,6,2,2,95.09,0.281648006634678,Meal 2306 — Pasta (Italian)
113,2322,Beverages,Continental,TYPE_C,4.0,145,340.47,340.47,0,0,53.0,121.0,71.25,0,0,2,0.0,0.0,Meal 2322 — Beverages (Continental)
113,2444,Seafood,Continental,TYPE_C,4.0,144,582.03,728.53,1,0,41.0,13.0,23.75,11,0,2,146.5,0.2010898658943351,Meal 2444 — Seafood (Continental)
113,2490,Salad,Italian,TYPE_C,4.0,145,291.03,291.03,0,0,351.0,393.0,374.75,9,2,2,0.0,0.0,Meal 2490 — Salad (Italian)
113,2492,Desert,Indian,TYPE_C,4.0,145,454.93,455.93,0,0,41.0,15.0,41.5,2,1,2,1.0,0.0021933191498694,Meal 2492 — Desert (Indian)
113,2539,Beverages,Thai,TYPE_C,4.0,145,131.01,130.01,0,0,81.0,69.0,99.0,0,3,2,-1.0,-0.0076917160218444,Meal 2539 — Beverages (Thai)
113,2569,Salad,Italian,TYPE_C,4.0,145,249.32,322.07,0,1,1214.0,636.0,611.0,9,2,2,72.75,0.2258825721116527,Meal 2569 — Salad (Italian)
113,2577,Starters,Thai,TYPE_C,4.0,110,213.46,282.33,0,0,40.0,15.0,27.5,13,3,2,68.86999999999998,0.2439344030035773,Meal 2577 — Starters (Thai)
113,2581,Pizza,Continental,TYPE_C,4.0,145,549.08,547.08,0,0,176.0,148.0,250.5,7,0,2,-2.0,-0.0036557724647217,Meal 2581 — Pizza (Continental)
113,2631,Beverages,Indian,TYPE_C,4.0,145,149.44,147.44,0,0,109.0,150.0,129.0,0,1,2,-2.0,-0.0135648399348887,Meal 2631 — Beverages (Indian)
113,2640,Starters,Thai,TYPE_C,4.0,145,320.13,321.13,0,0,68.0,40.0,44.0,13,3,2,1.0,0.0031140036745243,Meal 2640 — Starters (Thai)
113,2664,Salad,Italian,TYPE_C,4.0,145,246.38,315.28,0,1,1095.0,607.0,564.25,9,2,2,68.89999999999998,0.2185359045927429,Meal 2664 — Salad (Italian)
113,2704,Other Snacks,Thai,TYPE_C,4.0,145,321.13,321.13,0,0,53.0,69.0,60.5,5,3,2,0.0,0.0,Meal 2704 — Other Snacks (Thai)
113,2707,Beverages,Italian,TYPE_C,4.0,145,207.64,228.92,0,0,162.0,176.0,179.0,0,2,2,21.28,0.0929582386860038,Meal 2707 — Beverages (Italian)
113,2760,Other Snacks,Thai,TYPE_C,4.0,145,182.36,261.93,0,0,15.0,27.0,17.5,5,3,2,79.57,0.3037834535944718,Meal 2760 — Other Snacks (Thai)
113,2826,Sandwich,Italian,TYPE_C,4.0,145,325.92,326.92,0,0,161.0,445.0,267.0,10,2,2,1.0,0.00305885231861,Meal 2826 — Sandwich (Italian)
113,2867,Seafood,Continental,TYPE_C,4.0,144,582.03,727.53,1,0,15.0,28.0,30.75,11,0,2,145.5,0.1999917529174054,Meal 2867 — Seafood (Continental)
124,1062,Beverages,Italian,TYPE_C,4.0,145,192.06,192.06,0,0,458.0,325.0,408.5,0,2,2,0.0,0.0,Meal 1062 — Beverages (Italian)
124,1109,Rice Bowl,Indian,TYPE_C,4.0,145,309.43,309.43,0,0,485.0,459.0,448.75,8,1,2,0.0,0.0,Meal 1109 — Rice Bowl (Indian)
124,1198,Extras,Thai,TYPE_C,4.0,145,171.75,195.03,0,0,95.0,26.0,57.25,3,3,2,23.28,0.1193662513459467,Meal 1198 — Extras (Thai)
124,1207,Beverages,Continental,TYPE_C,4.0,145,388.0,389.0,0,0,204.0,107.0,131.75,0,0,2,1.0,0.0025706940874035,Meal 1207 — Beverages (Continental)
124,1216,Pasta,Italian,TYPE_C,4.0,145,416.13,417.13,0,0,54.0,67.0,40.75,6,2,2,1.0,0.0023973341644091,Meal 1216 — Pasta (Italian)
124,1230,Beverages,Continental,TYPE_C,4.0,145,384.18,383.18,0,0,378.0,188.0,213.0,0,0,2,-1.0,-0.0026097395479931,Meal 1230 — Beverages (Continental)
124,1247,Biryani,Indian,TYPE_C,4.0,142,447.23,446.23,0,0,41.0,15.0,24.5,1,1,2,-1.0,-0.0022409967953745,Meal 1247 — Biryani (Indian)
124,1248,Beverages,Indian,TYPE_C,4.0,144,159.11,158.11,0,0,27.0,69.0,44.75,0,1,2,-1.0,-0.006324710644488,Meal 1248 — Beverages (Indian)
124,1311,Extras,Thai,TYPE_C,4.0,145,84.39,171.75,0,0,81.0,54.0,57.0,3,3,2,87.36,0.508646288209607,Meal 1311 — Extras (Thai)
124,1438,Soup,Thai,TYPE_C,4.0,145,195.0,194.0,0,0,26.0,13.0,27.0,12,3,2,-1.0,-0.0051546391752577,Meal 1438 — Soup (Thai)
124,1445,Seafood,Continental,TYPE_C,4.0,144,485.03,726.53,1,0,54.0,15.0,40.75,11,0,2,241.5,0.3324019655072743,Meal 1445 — Seafood (Continental)
124,1525,Other Snacks,Thai,TYPE_C,4.0,145,321.13,320.13,0,0,15.0,55.0,37.25,5,3,2,-1.0,-0.0031237309842876,Meal 1525 — Other Snacks (Thai)
124,1543,Desert,Indian,TYPE_C,4.0,145,486.03,485.03,0,0,96.0,28.0,48.0,2,1,2,-1.0,-0.0020617281405273,Meal 1543 — Desert (Indian)
124,1558,Pizza,Continental,TYPE_C,4.0,145,563.6,562.6,0,0,217.0,150.0,274.25,7,0,2,-1.0,-0.0017774617845716,Meal 1558 — Pizza (Continental)
124,1571,Fish,Continental,TYPE_C,4.0,144,592.73,592.73,0,0,27.0,15.0,20.5,4,0,2,0.0,0.0,Meal 1571 — Fish (Continental)
124,1727,Rice Bowl,Indian,TYPE_C,4.0,145,465.63,466.63,0,0,391.0,526.0,367.75,8,1,2,1.0,0.0021430255234339,Meal 1727 — Rice Bowl (Indian)
124,1754,Sandwich,Italian,TYPE_C,4.0,145,318.16,320.16,0,0,1052.0,500.0,617.5,10,2,2,2.0,0.0062468765617191,Meal 1754 — Sandwich (Italian)
124,1770,Biryani,Indian,TYPE_C,4.0,145,486.03,486.03,0,0,14.0,28.0,20.5,1,1,2,0.0,0.0,Meal 1770 — Biryani (Indian)
124,1778,Beverages,Italian,TYPE_C,4.0,145,191.15,189.15,0,0,663.0,392.0,520.25,0,2,2,-2.0,-0.0105736188210415,Meal 1778 — Beverages (Italian)
124,1803,Extras,Thai,TYPE_C,4.0,145,190.18,255.14,0,0,54.0,42.0,47.25,3,3,2,64.95999999999998,0.2546053147291682,Meal 1803 — Extras (Thai)
124,1847,Soup,Thai,TYPE_C,4.0,145,196.0,194.0,0,0,54.0,53.0,40.25,12,3,2,-2.0,-0.0103092783505154,Meal 1847 — Soup (Thai)
124,1878,Starters,Thai,TYPE_C,4.0,145,319.13,321.13,0,0,13.0,28.0,38.0,13,3,2,2.0,0.0062280073490486,Meal 1878 — Starters (Thai)
124,1885,Beverages,Thai,TYPE_C,4.0,145,159.14,151.38,0,1,769.0,580.0,614.75,0,3,2,-7.759999999999991,-0.0512617254591094,Meal 1885 — Beverages (Thai)
124,1902,Biryani,Indian,TYPE_C,4.0,142,445.23,446.23,0,0,28.0,42.0,30.75,1,1,2,1.0,0.0022409967953745,Meal 1902 — Biryani (Indian)
124,1962,Pizza,Continental,TYPE_C,4.0,145,563.6,564.6,0,0,378.0,230.0,509.5,7,0,2,1.0,0.0017711654268508,Meal 1962 — Pizza (Continental)
124,1971,Sandwich,Italian,TYPE_C,4.0,145,346.35,346.35,0,0,473.0,231.0,253.75,10,2,2,0.0,0.0,Meal 1971 — Sandwich (Italian)
124,1993,Beverages,Thai,TYPE_C,4.0,145,158.14,150.38,0,1,784.0,566.0,590.5,0,3,2,-7.759999999999991,-0.0516026067296182,Meal 1993 — Beverages (Thai)
124,2104,Fish,Continental,TYPE_C,4.0,145,641.23,639.23,0,0,27.0,13.0,26.75,4,0,2,-2.0,-0.0031287642945418,Meal 2104 — Fish (Continental)
124,2126,Pasta,Italian,TYPE_C,4.0,145,485.03,507.31,0,1,41.0,26.0,23.25,6,2,2,22.28000000000003,0.0439179200094617,Meal 2126 — Pasta (Italian)
124,2139,Beverages,Indian,TYPE_C,4.0,145,291.03,292.03,0,0,15.0,27.0,24.25,0,1,2,1.0,0.0034243057220148,Meal 2139 — Beverages (Indian)
124,2290,Rice Bowl,Indian,TYPE_C,4.0,145,275.51,274.51,0,0,769.0,391.0,634.75,8,1,2,-1.0,-0.0036428545408181,Meal 2290 — Rice Bowl (Indian)
124,2304,Desert,Indian,TYPE_C,4.0,144,485.03,484.03,0,0,40.0,26.0,30.5,2,1,2,-1.0,-0.0020659876453938,Meal 2304 — Desert (Indian)
124,2306,Pasta,Italian,TYPE_C,4.0,144,290.03,337.62,0,0,15.0,54.0,28.0,6,2,2,47.59000000000003,0.140957289260115,Meal 2306 — Pasta (Italian)
124,2322,Beverages,Continental,TYPE_C,4.0,145,383.21,383.21,0,0,404.0,96.0,237.0,0,0,2,0.0,0.0,Meal 2322 — Beverages (Continental)
124,2444,Seafood,Continental,TYPE_C,4.0,144,484.03,728.53,1,1,69.0,14.0,34.0,11,0,2,244.5,0.3356073188475423,Meal 2444 — Seafood (Continental)
124,2490,Salad,Italian,TYPE_C,4.0,145,292.03,292.03,0,0,690.0,365.0,459.5,9,2,2,0.0,0.0,Meal 2490 — Salad (Italian)
124,2492,Desert,Indian,TYPE_C,4.0,145,389.03,388.03,0,0,41.0,26.0,30.75,2,1,2,-1.0,-0.002577120325748,Meal 2492 — Desert (Indian)
124,2494,Soup,Thai,TYPE_C,4.0,145,194.0,194.0,0,0,26.0,13.0,27.0,12,3,2,0.0,0.0,Meal 2494 — Soup (Thai)
124,2539,Beverages,Thai,TYPE_C,4.0,145,156.2,157.2,0,0,161.0,67.0,100.5,0,3,2,1.0,0.0063613231552162,Meal 2539 — Beverages (Thai)
124,2569,Salad,Italian,TYPE_C,4.0,145,270.69,333.74,0,0,568.0,393.0,395.25,9,2,2,63.05000000000001,0.1889195181878109,Meal 2569 — Salad (Italian)
124,2577,Starters,Thai,TYPE_C,4.0,145,321.13,319.13,0,0,14.0,13.0,13.5,13,3,2,-2.0,-0.0062670385109516,Meal 2577 — Starters (Thai)
124,2581,Pizza,Continental,TYPE_C,4.0,145,563.6,564.6,0,0,377.0,148.0,343.5,7,0,2,1.0,0.0017711654268508,Meal 2581 — Pizza (Continental)
124,2631,Beverages,Indian,TYPE_C,4.0,145,162.99,163.99,0,0,53.0,109.0,70.75,0,1,2,1.0,0.0060979328007805,Meal 2631 — Beverages (Indian)
124,2640,Starters,Thai,TYPE_C,4.0,145,320.13,321.13,0,0,13.0,26.0,20.25,13,3,2,1.0,0.0031140036745243,Meal 2640 — Starters (Thai)
124,2664,Salad,Italian,TYPE_C,4.0,145,263.87,336.59,0,0,904.0,406.0,462.25,9,2,2,72.71999999999997,0.2160491993226179,Meal 2664 — Salad (Italian)
124,2704,Other Snacks,Thai,TYPE_C,4.0,145,320.13,321.13,0,0,28.0,42.0,27.5,5,3,2,1.0,0.0031140036745243,Meal 2704 — Other Snacks (Thai)
124,2707,Beverages,Italian,TYPE_C,4.0,145,241.53,242.53,0,0,338.0,271.0,297.75,0,2,2,1.0,0.0041232012534531,Meal 2707 — Beverages (Italian)
124,2760,Other Snacks,Thai,TYPE_C,4.0,145,163.99,241.53,0,0,42.0,15.0,24.5,5,3,2,77.53999999999999,0.3210367242164534,Meal 2760 — Other Snacks (Thai)
124,2826,Sandwich,Italian,TYPE_C,4.0,145,377.33,377.33,0,0,379.0,649.0,453.0,10,2,2,0.0,0.0,Meal 2826 — Sandwich (Italian)
124,2867,Seafood,Continental,TYPE_C,4.0,145,727.53,727.53,0,0,216.0,67.0,81.5,11,0,2,0.0,0.0,Meal 2867 — Seafood (Continental)
124,2956,Fish,Continental,TYPE_C,4.0,140,485.03,629.53,0,0,13.0,13.0,14.0,4,0,2,144.5,0.2295363207472241,Meal 2956 — Fish (Continental)
126,1062,Beverages,Italian,TYPE_A,2.7,145,191.09,193.09,0,0,485.0,458.0,502.25,0,2,0,2.0,0.0103578642084002,Meal 1062 — Beverages (Italian)
126,1109,Rice Bowl,Indian,TYPE_A,2.7,145,280.39,280.39,0,0,474.0,446.0,432.75,8,1,0,0.0,0.0,Meal 1109 — Rice Bowl (Indian)
126,1198,Extras,Thai,TYPE_A,2.7,145,170.75,197.94,0,0,257.0,285.0,334.5,3,3,0,27.19,0.1373648580377892,Meal 1198 — Extras (Thai)
126,1207,Beverages,Continental,TYPE_A,2.7,145,378.33,377.33,0,0,68.0,42.0,92.25,0,0,0,-1.0,-0.0026502000901068,Meal 1207 — Beverages (Continental)
126,1216,Pasta,Italian,TYPE_A,2.7,145,436.56,434.56,0,0,123.0,95.0,61.0,6,2,0,-2.0,-0.0046023564064801,Meal 1216 — Pasta (Italian)
126,1230,Beverages,Continental,TYPE_A,2.7,145,372.51,373.51,0,0,81.0,134.0,94.25,0,0,0,1.0,0.0026773044898396,Meal 1230 — Beverages (Continental)
126,1247,Biryani,Indian,TYPE_A,2.7,145,446.23,447.23,0,0,26.0,14.0,20.25,1,1,0,1.0,0.0022359859580081,Meal 1247 — Biryani (Indian)
126,1248,Beverages,Indian,TYPE_A,2.7,145,163.93,148.44,0,1,40.0,42.0,30.5,0,1,0,-15.490000000000007,-0.1043519267043924,Meal 1248 — Beverages (Indian)
126,1311,Extras,Thai,TYPE_A,2.7,145,192.12,190.12,0,0,285.0,446.0,375.5,3,3,0,-2.0,-0.0105196717862402,Meal 1311 — Extras (Thai)
126,1438,Soup,Thai,TYPE_A,2.7,145,195.0,195.0,0,0,40.0,27.0,37.0,12,3,0,0.0,0.0,Meal 1438 — Soup (Thai)
126,1445,Seafood,Continental,TYPE_A,2.7,145,726.53,728.53,0,0,351.0,163.0,149.0,11,0,0,2.0,0.0027452541419021,Meal 1445 — Seafood (Continental)
126,1525,Other Snacks,Thai,TYPE_A,2.7,145,319.13,320.13,0,0,53.0,55.0,91.0,5,3,0,1.0,0.0031237309842876,Meal 1525 — Other Snacks (Thai)
126,1543,Desert,Indian,TYPE_A,2.7,145,485.03,483.09,0,1,53.0,41.0,44.25,2,1,0,-1.9399999999999975,-0.0040158148585149,Meal 1543 — Desert (Indian)
126,1558,Pizza,Continental,TYPE_A,2.7,145,563.6,564.6,0,0,202.0,108.0,412.0,7,0,0,1.0,0.0017711654268508,Meal 1558 — Pizza (Continental)
126,1571,Fish,Continental,TYPE_A,2.7,145,640.23,640.23,0,0,69.0,41.0,50.75,4,0,0,0.0,0.0,Meal 1571 — Fish (Continental)
126,1727,Rice Bowl,Indian,TYPE_A,2.7,145,464.63,464.63,0,0,311.0,244.0,294.5,8,1,0,0.0,0.0,Meal 1727 — Rice Bowl (Indian)
126,1754,Sandwich,Italian,TYPE_A,2.7,145,318.16,319.16,0,0,609.0,634.0,591.0,10,2,0,1.0,0.0031332247148765,Meal 1754 — Sandwich (Italian)
126,1770,Biryani,Indian,TYPE_A,2.7,145,485.03,486.03,0,0,14.0,15.0,20.75,1,1,0,1.0,0.0020574861634055,Meal 1770 — Biryani (Indian)
126,1778,Beverages,Italian,TYPE_A,2.7,145,188.21,187.21,0,0,554.0,634.0,556.75,0,2,0,-1.0,-0.005341595000267,Meal 1778 — Beverages (Italian)
126,1803,Extras,Thai,TYPE_A,2.7,145,157.17,220.19,0,0,189.0,270.0,263.75,3,3,0,63.02000000000001,0.2862073663654117,Meal 1803 — Extras (Thai)
126,1847,Soup,Thai,TYPE_A,2.7,145,196.0,196.0,0,0,67.0,42.0,37.5,12,3,0,0.0,0.0,Meal 1847 — Soup (Thai)
126,1878,Starters,Thai,TYPE_A,2.7,145,320.13,320.13,0,0,28.0,94.0,57.25,13,3,0,0.0,0.0,Meal 1878 — Starters (Thai)
126,1885,Beverages,Thai,TYPE_A,2.7,145,159.14,159.14,0,0,784.0,783.0,813.75,0,3,0,0.0,0.0,Meal 1885 — Beverages (Thai)
126,1902,Biryani,Indian,TYPE_A,2.7,142,446.23,447.23,0,0,13.0,27.0,16.75,1,1,0,1.0,0.0022359859580081,Meal 1902 — Biryani (Indian)
126,1962,Pizza,Continental,TYPE_A,2.7,145,562.6,563.6,0,0,296.0,163.0,699.0,7,0,0,1.0,0.0017743080198722,Meal 1962 — Pizza (Continental)
126,1971,Sandwich,Italian,TYPE_A,2.7,145,345.35,346.35,0,0,175.0,257.0,175.5,10,2,0,1.0,0.0028872527789807,Meal 1971 — Sandwich (Italian)
126,1993,Beverages,Thai,TYPE_A,2.7,145,154.26,155.26,0,0,674.0,675.0,803.25,0,3,0,1.0,0.006440808965606,Meal 1993 — Beverages (Thai)
126,2126,Pasta,Italian,TYPE_A,2.7,145,486.03,511.25,0,1,54.0,67.0,43.75,6,2,0,25.220000000000027,0.0493300733496333,Meal 2126 — Pasta (Italian)
126,2139,Beverages,Indian,TYPE_A,2.7,145,290.03,276.48,0,1,28.0,41.0,31.0,0,1,0,-13.549999999999956,-0.0490089699074072,Meal 2139 — Beverages (Indian)
126,2290,Rice Bowl,Indian,TYPE_A,2.7,145,290.09,288.09,0,0,958.0,1000.0,911.0,8,1,0,-2.0,-0.006942274983512,Meal 2290 — Rice Bowl (Indian)
126,2304,Desert,Indian,TYPE_A,2.7,145,485.03,484.03,0,0,53.0,26.0,33.25,2,1,0,-1.0,-0.0020659876453938,Meal 2304 — Desert (Indian)
126,2306,Pasta,Italian,TYPE_A,2.7,145,243.5,336.62,1,1,28.0,13.0,26.75,6,2,0,93.12,0.2766324044917117,Meal 2306 — Pasta (Italian)
126,2322,Beverages,Continental,TYPE_A,2.7,145,376.39,376.39,0,0,150.0,41.0,156.25,0,0,0,0.0,0.0,Meal 2322 — Beverages (Continental)
126,2444,Seafood,Continental,TYPE_A,2.7,144,484.03,728.53,1,0,513.0,27.0,148.5,11,0,0,244.5,0.3356073188475423,Meal 2444 — Seafood (Continental)
126,2490,Salad,Italian,TYPE_A,2.7,145,292.03,292.03,0,0,297.0,257.0,351.0,9,2,0,0.0,0.0,Meal 2490 — Salad (Italian)
126,2492,Desert,Indian,TYPE_A,2.7,145,388.03,387.03,0,0,53.0,28.0,33.75,2,1,0,-1.0,-0.0025837790352169,Meal 2492 — Desert (Indian)
126,2494,Soup,Thai,TYPE_A,2.7,106,244.5,244.5,0,0,27.0,53.0,26.75,12,3,0,0.0,0.0,Meal 2494 — Soup (Thai)
126,2539,Beverages,Thai,TYPE_A,2.7,145,160.11,160.11,0,0,258.0,392.0,331.25,0,3,0,0.0,0.0,Meal 2539 — Beverages (Thai)
126,2569,Salad,Italian,TYPE_A,2.7,145,241.53,308.52,0,1,352.0,216.0,226.75,9,2,0,66.98999999999998,0.2171334111240762,Meal 2569 — Salad (Italian)
126,2577,Starters,Thai,TYPE_A,2.7,145,320.13,319.13,0,0,55.0,41.0,51.5,13,3,0,-1.0,-0.0031335192554758,Meal 2577 — Starters (Thai)
126,2581,Pizza,Continental,TYPE_A,2.7,145,564.6,562.6,0,0,122.0,162.0,344.75,7,0,0,-2.0,-0.0035549235691432,Meal 2581 — Pizza (Continental)
126,2631,Beverages,Indian,TYPE_A,2.7,145,158.11,158.11,0,0,40.0,95.0,57.25,0,1,0,0.0,0.0,Meal 2631 — Beverages (Indian)
126,2640,Starters,Thai,TYPE_A,2.7,145,319.13,320.13,0,0,80.0,42.0,58.0,13,3,0,1.0,0.0031237309842876,Meal 2640 — Starters (Thai)
126,2664,Salad,Italian,TYPE_A,2.7,145,242.53,306.52,0,1,447.0,149.0,240.0,9,2,0,63.98999999999998,0.2087628865979381,Meal 2664 — Salad (Italian)
126,2704,Other Snacks,Thai,TYPE_A,2.7,145,321.13,319.13,0,0,96.0,94.0,95.25,5,3,0,-2.0,-0.0062670385109516,Meal 2704 — Other Snacks (Thai)
126,2707,Beverages,Italian,TYPE_A,2.7,145,234.8,234.8,0,0,757.0,636.0,641.5,0,2,0,0.0,0.0,Meal 2707 — Beverages (Italian)
126,2760,Other Snacks,Thai,TYPE_A,2.7,145,163.99,241.53,0,0,177.0,69.0,108.75,5,3,0,77.53999999999999,0.3210367242164534,Meal 2760 — Other Snacks (Thai)
126,2826,Sandwich,Italian,TYPE_A,2.7,145,377.33,377.33,0,0,554.0,433.0,516.75,10,2,0,0.0,0.0,Meal 2826 — Sandwich (Italian)
126,2867,Seafood,Continental,TYPE_A,2.7,144,486.03,728.53,1,1,121.0,14.0,48.0,11,0,0,242.5,0.3328620647056401,Meal 2867 — Seafood (Continental)
126,2956,Fish,Continental,TYPE_A,2.7,145,640.23,639.23,0,0,13.0,69.0,41.0,4,0,0,-1.0,-0.0015643821472709,Meal 2956 — Fish (Continental)
129,1062,Beverages,Italian,TYPE_A,3.9,145,153.26,180.48,1,1,298.0,323.0,253.5,0,2,0,27.22,0.1508200354609929,Meal 1062 — Beverages (Italian)
129,1109,Rice Bowl,Indian,TYPE_A,3.9,145,285.21,286.21,0,0,364.0,285.0,327.75,8,1,0,1.0,0.0034939380175395,Meal 1109 — Rice Bowl (Indian)
129,1207,Beverages,Continental,TYPE_A,3.9,145,355.99,355.99,0,0,53.0,175.0,131.0,0,0,0,0.0,0.0,Meal 1207 — Beverages (Continental)
129,1216,Pasta,Italian,TYPE_A,3.9,145,414.25,412.25,0,0,42.0,122.0,88.5,6,2,0,-2.0,-0.0048514251061249,Meal 1216 — Pasta (Italian)
129,1230,Beverages,Continental,TYPE_A,3.9,145,367.63,368.63,0,0,107.0,94.0,97.75,0,0,0,1.0,0.0027127471990885,Meal 1230 — Beverages (Continental)
129,1247,Biryani,Indian,TYPE_A,3.9,145,445.23,445.23,0,0,53.0,28.0,54.25,1,1,0,0.0,0.0,Meal 1247 — Biryani (Indian)
129,1248,Beverages,Indian,TYPE_A,3.9,145,151.35,152.35,0,0,54.0,40.0,37.75,0,1,0,1.0,0.0065638332786347,Meal 1248 — Beverages (Indian)
129,1445,Seafood,Continental,TYPE_A,3.9,145,726.53,726.53,0,0,53.0,95.0,53.75,11,0,0,0.0,0.0,Meal 1445 — Seafood (Continental)
129,1525,Other Snacks,Thai,TYPE_A,3.9,145,320.13,319.13,0,0,68.0,42.0,51.5,5,3,0,-1.0,-0.0031335192554758,Meal 1525 — Other Snacks (Thai)
129,1543,Desert,Indian,TYPE_A,3.9,145,483.09,483.09,0,0,14.0,69.0,44.75,2,1,0,0.0,0.0,Meal 1543 — Desert (Indian)
129,1558,Pizza,Continental,TYPE_A,3.9,145,549.08,549.08,0,0,41.0,136.0,203.0,7,0,0,0.0,0.0,Meal 1558 — Pizza (Continental)
129,1571,Fish,Continental,TYPE_A,3.9,145,589.82,587.82,0,0,95.0,94.0,77.5,4,0,0,-2.0,-0.0034024020958796,Meal 1571 — Fish (Continental)
129,1727,Rice Bowl,Indian,TYPE_A,3.9,145,446.23,445.23,0,0,161.0,163.0,138.5,8,1,0,-1.0,-0.0022460301417245,Meal 1727 — Rice Bowl (Indian)
129,1754,Sandwich,Italian,TYPE_A,3.9,145,328.83,330.83,0,0,338.0,284.0,280.25,10,2,0,2.0,0.0060454009612187,Meal 1754 — Sandwich (Italian)
129,1770,Biryani,Indian,TYPE_A,3.9,145,485.03,484.03,0,0,15.0,27.0,27.0,1,1,0,-1.0,-0.0020659876453938,Meal 1770 — Biryani (Indian)
129,1778,Beverages,Italian,TYPE_A,3.9,145,158.17,157.2,1,0,135.0,283.0,226.25,0,2,0,-0.9699999999999988,-0.0061704834605597,Meal 1778 — Beverages (Italian)
129,1878,Starters,Thai,TYPE_A,3.9,145,321.13,321.13,0,0,123.0,67.0,95.25,13,3,0,0.0,0.0,Meal 1878 — Starters (Thai)
129,1885,Beverages,Thai,TYPE_A,3.9,145,135.83,134.83,0,0,609.0,811.0,656.0,0,3,0,-1.0,-0.0074167470147593,Meal 1885 — Beverages (Thai)
129,1902,Biryani,Indian,TYPE_A,3.9,145,446.23,446.23,0,0,15.0,27.0,27.75,1,1,0,0.0,0.0,Meal 1902 — Biryani (Indian)
129,1962,Pizza,Continental,TYPE_A,3.9,145,549.08,548.08,0,0,135.0,96.0,223.0,7,0,0,-1.0,-0.0018245511604145,Meal 1962 — Pizza (Continental)
129,1971,Sandwich,Italian,TYPE_A,3.9,145,328.86,329.86,0,0,82.0,80.0,98.25,10,2,0,1.0,0.0030315891590371,Meal 1971 — Sandwich (Italian)
129,1993,Beverages,Thai,TYPE_A,3.9,145,136.77,137.77,0,0,351.0,351.0,411.75,0,3,0,1.0,0.0072584742687087,Meal 1993 — Beverages (Thai)
129,2104,Fish,Continental,TYPE_A,3.9,145,582.03,583.03,0,0,28.0,134.0,64.0,4,0,0,1.0,0.0017151776066411,Meal 2104 — Fish (Continental)
129,2126,Pasta,Italian,TYPE_A,3.9,145,437.53,478.21,0,1,69.0,40.0,41.25,6,2,0,40.68000000000001,0.085067229878087,Meal 2126 — Pasta (Italian)
129,2139,Beverages,Indian,TYPE_A,3.9,145,241.53,292.03,0,0,27.0,27.0,23.25,0,1,0,50.49999999999997,0.1729274389617504,Meal 2139 — Beverages (Indian)
129,2290,Rice Bowl,Indian,TYPE_A,3.9,145,297.79,299.79,0,0,459.0,338.0,388.25,8,1,0,2.0,0.0066713366022882,Meal 2290 — Rice Bowl (Indian)
129,2304,Desert,Indian,TYPE_A,3.9,145,483.09,483.09,0,0,15.0,27.0,34.0,2,1,0,0.0,0.0,Meal 2304 — Desert (Indian)
129,2306,Pasta,Italian,TYPE_A,3.9,145,242.53,336.62,1,0,13.0,285.0,94.5,6,2,0,94.09,0.2795139920385004,Meal 2306 — Pasta (Italian)
129,2322,Beverages,Continental,TYPE_A,3.9,145,344.38,343.38,0,0,41.0,121.0,88.0,0,0,0,-1.0,-0.0029122255227444,Meal 2322 — Beverages (Continental)
129,2444,Seafood,Continental,TYPE_A,3.9,144,583.03,728.53,1,0,13.0,27.0,17.0,11,0,0,145.5,0.199717238823384,Meal 2444 — Seafood (Continental)
129,2490,Salad,Italian,TYPE_A,3.9,145,292.03,291.03,0,0,81.0,107.0,104.25,9,2,0,-1.0,-0.0034360718826237,Meal 2490 — Salad (Italian)
129,2492,Desert,Indian,TYPE_A,3.9,145,454.93,454.93,0,0,13.0,68.0,36.75,2,1,0,0.0,0.0,Meal 2492 — Desert (Indian)
129,2539,Beverages,Thai,TYPE_A,3.9,145,134.86,134.86,0,0,242.0,230.0,199.0,0,3,0,0.0,0.0,Meal 2539 — Beverages (Thai)
129,2569,Salad,Italian,TYPE_A,3.9,145,247.38,321.07,0,0,365.0,175.0,216.0,9,2,0,73.69,0.2295138131871554,Meal 2569 — Salad (Italian)
129,2577,Starters,Thai,TYPE_A,3.9,145,319.13,321.13,0,0,13.0,15.0,23.5,13,3,0,2.0,0.0062280073490486,Meal 2577 — Starters (Thai)
129,2581,Pizza,Continental,TYPE_A,3.9,145,549.08,548.08,0,0,107.0,136.0,202.5,7,0,0,-1.0,-0.0018245511604145,Meal 2581 — Pizza (Continental)
129,2631,Beverages,Indian,TYPE_A,3.9,145,153.26,153.26,0,0,94.0,95.0,91.75,0,1,0,0.0,0.0,Meal 2631 — Beverages (Indian)
129,2640,Starters,Thai,TYPE_A,3.9,144,319.13,319.13,0,0,96.0,94.0,95.25,13,3,0,0.0,0.0,Meal 2640 — Starters (Thai)
129,2664,Salad,Italian,TYPE_A,3.9,145,220.19,322.07,0,0,404.0,177.0,213.0,9,2,0,101.88,0.316328748408731,Meal 2664 — Salad (Italian)
129,2704,Other Snacks,Thai,TYPE_A,3.9,145,321.13,319.13,0,0,54.0,161.0,114.75,5,3,0,-2.0,-0.0062670385109516,Meal 2704 — Other Snacks (Thai)
129,2707,Beverages,Italian,TYPE_A,3.9,145,198.85,228.98,0,0,323.0,391.0,313.5,0,2,0,30.129999999999995,0.1315835444143593,Meal 2707 — Beverages (Italian)
129,2760,Other Snacks,Thai,TYPE_A,3.9,145,195.0,261.93,0,0,42.0,54.0,41.0,5,3,0,66.93,0.2555262856488375,Meal 2760 — Other Snacks (Thai)
129,2826,Sandwich,Italian,TYPE_A,3.9,145,327.92,326.92,0,0,134.0,269.0,209.25,10,2,0,-1.0,-0.00305885231861,Meal 2826 — Sandwich (Italian)
129,2867,Seafood,Continental,TYPE_A,3.9,145,728.53,727.53,0,0,67.0,27.0,40.75,11,0,0,-1.0,-0.0013745137657553,Meal 2867 — Seafood (Continental)
129,2956,Fish,Continental,TYPE_A,3.9,145,583.03,583.03,0,0,15.0,40.0,37.5,4,0,0,0.0,0.0,Meal 2956 — Fish (Continental)
132,1062,Beverages,Italian,TYPE_A,3.9,145,193.09,193.09,0,0,593.0,541.0,584.0,0,2,0,0.0,0.0,Meal 1062 — Beverages (Italian)
132,1109,Rice Bowl,Indian,TYPE_A,3.9,145,293.97,291.97,0,0,648.0,1014.0,628.5,8,1,0,-2.0,-0.0068500188375518,Meal 1109 — Rice Bowl (Indian)
132,1198,Extras,Thai,TYPE_A,3.9,145,248.38,248.38,0,0,162.0,204.0,210.0,3,3,0,0.0,0.0,Meal 1198 — Extras (Thai)
132,1207,Beverages,Continental,TYPE_A,3.9,145,381.24,381.24,0,0,108.0,134.0,104.0,0,0,0,0.0,0.0,Meal 1207 — Beverages (Continental)
132,1216,Pasta,Italian,TYPE_A,3.9,145,417.13,418.13,0,0,175.0,150.0,108.75,6,2,0,1.0,0.0023916006983474,Meal 1216 — Pasta (Italian)
132,1230,Beverages,Continental,TYPE_A,3.9,145,354.11,353.11,0,0,148.0,149.0,115.0,0,0,0,-1.0,-0.0028319787035201,Meal 1230 — Beverages (Continental)
132,1247,Biryani,Indian,TYPE_A,3.9,145,446.23,445.23,0,0,13.0,27.0,23.75,1,1,0,-1.0,-0.0022460301417245,Meal 1247 — Biryani (Indian)
132,1248,Beverages,Indian,TYPE_A,3.9,145,165.93,164.93,0,0,40.0,26.0,61.0,0,1,0,-1.0,-0.0060631783180743,Meal 1248 — Beverages (Indian)
132,1311,Extras,Thai,TYPE_A,3.9,145,105.79,254.14,0,0,256.0,269.0,232.5,3,3,0,148.34999999999997,0.58373337530495,Meal 1311 — Extras (Thai)
132,1438,Soup,Thai,TYPE_A,3.9,145,196.0,195.0,0,0,53.0,134.0,83.75,12,3,0,-1.0,-0.0051282051282051,Meal 1438 — Soup (Thai)
132,1445,Seafood,Continental,TYPE_A,3.9,145,727.53,726.53,0,0,215.0,229.0,131.75,11,0,0,-1.0,-0.0013764056542744,Meal 1445 — Seafood (Continental)
132,1525,Other Snacks,Thai,TYPE_A,3.9,145,321.13,319.13,0,0,365.0,284.0,310.5,5,3,0,-2.0,-0.0062670385109516,Meal 1525 — Other Snacks (Thai)
132,1543,Desert,Indian,TYPE_A,3.9,145,486.03,486.03,0,0,27.0,55.0,51.0,2,1,0,0.0,0.0,Meal 1543 — Desert (Indian)
132,1558,Pizza,Continental,TYPE_A,3.9,145,562.6,641.23,0,1,257.0,162.0,344.25,7,0,0,78.63,0.1226237075620292,Meal 1558 — Pizza (Continental)
132,1571,Fish,Continental,TYPE_A,3.9,145,640.23,641.23,0,0,53.0,109.0,101.0,4,0,0,1.0,0.0015595028304976,Meal 1571 — Fish (Continental)
132,1727,Rice Bowl,Indian,TYPE_A,3.9,145,464.63,465.63,0,0,243.0,513.0,317.0,8,1,0,1.0,0.0021476279449348,Meal 1727 — Rice Bowl (Indian)
132,1754,Sandwich,Italian,TYPE_A,3.9,145,319.16,320.16,0,0,446.0,337.0,439.25,10,2,0,1.0,0.0031234382808595,Meal 1754 — Sandwich (Italian)
132,1770,Biryani,Indian,TYPE_A,3.9,145,486.03,484.03,0,0,28.0,28.0,24.25,1,1,0,-2.0,-0.0041319752907877,Meal 1770 — Biryani (Indian)
132,1778,Beverages,Italian,TYPE_A,3.9,145,183.33,185.33,0,0,446.0,675.0,588.0,0,2,0,2.0,0.0107915609992985,Meal 1778 — Beverages (Italian)
132,1803,Extras,Thai,TYPE_A,3.9,145,158.11,201.82,0,0,312.0,296.0,216.5,3,3,0,43.70999999999998,0.2165791299177484,Meal 1803 — Extras (Thai)
132,1847,Soup,Thai,TYPE_A,3.9,145,194.0,196.0,0,0,109.0,121.0,108.0,12,3,0,2.0,0.010204081632653,Meal 1847 — Soup (Thai)
132,1878,Starters,Thai,TYPE_A,3.9,145,319.13,319.13,0,0,82.0,53.0,74.75,13,3,0,0.0,0.0,Meal 1878 — Starters (Thai)
132,1885,Beverages,Thai,TYPE_A,3.9,145,160.11,148.41,0,1,1540.0,1701.0,1600.25,0,3,0,-11.700000000000015,-0.0788356579745301,Meal 1885 — Beverages (Thai)
132,1902,Biryani,Indian,TYPE_A,3.9,145,446.23,446.23,0,0,26.0,27.0,36.75,1,1,0,0.0,0.0,Meal 1902 — Biryani (Indian)
132,1962,Pizza,Continental,TYPE_A,3.9,145,563.6,549.08,0,1,418.0,271.0,816.75,7,0,0,-14.519999999999982,-0.0264442339914037,Meal 1962 — Pizza (Continental)
132,1971,Sandwich,Italian,TYPE_A,3.9,145,345.35,346.35,0,0,258.0,189.0,216.5,10,2,0,1.0,0.0028872527789807,Meal 1971 — Sandwich (Italian)
132,1993,Beverages,Thai,TYPE_A,3.9,145,157.17,151.38,0,1,1081.0,1311.0,1316.75,0,3,0,-5.789999999999992,-0.0382481173206499,Meal 1993 — Beverages (Thai)
132,2126,Pasta,Italian,TYPE_A,3.9,145,485.03,486.03,0,0,28.0,67.0,57.5,6,2,0,1.0,0.0020574861634055,Meal 2126 — Pasta (Italian)
132,2139,Beverages,Indian,TYPE_A,3.9,144,291.03,291.03,0,0,28.0,53.0,37.5,0,1,0,0.0,0.0,Meal 2139 — Beverages (Indian)
132,2290,Rice Bowl,Indian,TYPE_A,3.9,145,241.53,297.82,0,0,825.0,593.0,621.0,8,1,0,56.28999999999999,0.1890067826203747,Meal 2290 — Rice Bowl (Indian)
132,2304,Desert,Indian,TYPE_A,3.9,145,485.03,485.03,0,0,42.0,69.0,41.5,2,1,0,0.0,0.0,Meal 2304 — Desert (Indian)
132,2306,Pasta,Italian,TYPE_A,3.9,145,244.5,335.62,1,0,28.0,54.0,48.0,6,2,0,91.12,0.27149752696502,Meal 2306 — Pasta (Italian)
132,2322,Beverages,Continental,TYPE_A,3.9,145,385.15,385.15,0,0,244.0,242.0,209.0,0,0,0,0.0,0.0,Meal 2322 — Beverages (Continental)
132,2444,Seafood,Continental,TYPE_A,3.9,144,485.03,726.53,1,0,177.0,14.0,62.0,11,0,0,241.5,0.3324019655072743,Meal 2444 — Seafood (Continental)
132,2490,Salad,Italian,TYPE_A,3.9,145,290.03,292.03,0,0,285.0,458.0,388.25,9,2,0,2.0,0.0068486114440297,Meal 2490 — Salad (Italian)
132,2492,Desert,Indian,TYPE_A,3.9,145,389.03,387.03,0,0,42.0,13.0,47.0,2,1,0,-2.0,-0.0051675580704338,Meal 2492 — Desert (Indian)
132,2494,Soup,Thai,TYPE_A,3.9,145,194.0,195.0,0,0,95.0,189.0,128.5,12,3,0,1.0,0.0051282051282051,Meal 2494 — Soup (Thai)
132,2539,Beverages,Thai,TYPE_A,3.9,145,159.11,158.11,0,0,243.0,270.0,287.0,0,3,0,-1.0,-0.006324710644488,Meal 2539 — Beverages (Thai)
132,2569,Salad,Italian,TYPE_A,3.9,145,241.53,337.56,0,1,690.0,109.0,284.5,9,2,0,96.03,0.2844827586206896,Meal 2569 — Salad (Italian)
132,2577,Starters,Thai,TYPE_A,3.9,145,320.13,319.13,0,1,95.0,149.0,118.25,13,3,0,-1.0,-0.0031335192554758,Meal 2577 — Starters (Thai)
132,2581,Pizza,Continental,TYPE_A,3.9,145,564.6,639.23,0,1,203.0,163.0,412.0,7,0,0,74.63,0.1167498396508299,Meal 2581 — Pizza (Continental)
132,2631,Beverages,Indian,TYPE_A,3.9,145,165.93,164.93,0,0,14.0,95.0,54.0,0,1,0,-1.0,-0.0060631783180743,Meal 2631 — Beverages (Indian)
132,2640,Starters,Thai,TYPE_A,3.9,145,321.13,320.13,0,0,189.0,162.0,162.25,13,3,0,-1.0,-0.0031237309842876,Meal 2640 — Starters (Thai)
132,2664,Salad,Italian,TYPE_A,3.9,145,239.59,338.56,0,1,528.0,190.0,237.0,9,2,0,98.97,0.2923263232514178,Meal 2664 — Salad (Italian)
132,2704,Other Snacks,Thai,TYPE_A,3.9,145,319.13,313.34,0,1,188.0,215.0,198.75,5,3,0,-5.7900000000000205,-0.0184783302482926,Meal 2704 — Other Snacks (Thai)
132,2707,Beverages,Italian,TYPE_A,3.9,145,235.71,235.71,0,0,756.0,783.0,692.25,0,2,0,0.0,0.0,Meal 2707 — Beverages (Italian)
132,2760,Other Snacks,Thai,TYPE_A,3.9,145,161.99,242.53,0,1,229.0,53.0,114.5,5,3,0,80.53999999999999,0.3320826289531192,Meal 2760 — Other Snacks (Thai)
132,2826,Sandwich,Italian,TYPE_A,3.9,145,377.33,377.33,0,0,580.0,661.0,624.0,10,2,0,0.0,0.0,Meal 2826 — Sandwich (Italian)
132,2867,Seafood,Continental,TYPE_A,3.9,145,727.53,726.53,0,0,67.0,258.0,94.5,11,0,0,-1.0,-0.0013764056542744,Meal 2867 — Seafood (Continental)
132,2956,Fish,Continental,TYPE_A,3.9,145,641.23,640.23,0,0,67.0,26.0,84.0,4,0,0,-1.0,-0.0015619386782874,Meal 2956 — Fish (Continental)
137,1062,Beverages,Italian,TYPE_A,4.4,145,187.27,186.27,0,0,864.0,890.0,779.0,0,2,0,-1.0,-0.0053685510280775,Meal 1062 — Beverages (Italian)
137,1109,Rice Bowl,Indian,TYPE_A,4.4,145,301.67,303.67,0,0,1457.0,1419.0,1313.0,8,1,0,2.0,0.0065860967497612,Meal 1109 — Rice Bowl (Indian)
137,1198,Extras,Thai,TYPE_A,4.4,145,170.75,198.85,0,0,460.0,675.0,479.75,3,3,0,28.099999999999994,0.1413125471460899,Meal 1198 — Extras (Thai)
137,1207,Beverages,Continental,TYPE_A,4.4,145,383.15,384.15,0,0,134.0,82.0,125.5,0,0,0,1.0,0.0026031498112716,Meal 1207 — Beverages (Continental)
137,1216,Pasta,Italian,TYPE_A,4.4,145,417.13,418.13,0,0,298.0,393.0,243.75,6,2,0,1.0,0.0023916006983474,Meal 1216 — Pasta (Italian)
137,1230,Beverages,Continental,TYPE_A,4.4,145,375.39,375.39,0,0,68.0,81.0,94.75,0,0,0,0.0,0.0,Meal 1230 — Beverages (Continental)
137,1247,Biryani,Indian,TYPE_A,4.4,145,446.23,447.23,0,0,53.0,69.0,40.5,1,1,0,1.0,0.0022359859580081,Meal 1247 — Biryani (Indian)
137,1248,Beverages,Indian,TYPE_A,4.4,145,161.99,161.99,0,0,42.0,81.0,68.5,0,1,0,0.0,0.0,Meal 1248 — Beverages (Indian)
137,1311,Extras,Thai,TYPE_A,4.4,145,162.99,192.12,0,0,555.0,609.0,477.0,3,3,0,29.129999999999995,0.1516239850093691,Meal 1311 — Extras (Thai)
137,1438,Soup,Thai,TYPE_A,4.4,145,194.0,195.0,0,0,150.0,150.0,145.5,12,3,0,1.0,0.0051282051282051,Meal 1438 — Soup (Thai)
137,1445,Seafood,Continental,TYPE_A,4.4,145,727.53,728.53,0,0,163.0,419.0,155.75,11,0,0,1.0,0.001372627070951,Meal 1445 — Seafood (Continental)
137,1525,Other Snacks,Thai,TYPE_A,4.4,145,319.13,319.13,0,0,501.0,446.0,411.75,5,3,0,0.0,0.0,Meal 1525 — Other Snacks (Thai)
137,1543,Desert,Indian,TYPE_A,4.4,145,485.03,485.03,0,0,189.0,177.0,155.5,2,1,0,0.0,0.0,Meal 1543 — Desert (Indian)
137,1558,Pizza,Continental,TYPE_A,4.4,145,564.6,564.6,0,0,55.0,107.0,310.5,7,0,0,0.0,0.0,Meal 1558 — Pizza (Continental)
137,1571,Fish,Continental,TYPE_A,4.4,145,640.23,639.23,0,0,81.0,188.0,124.75,4,0,0,-1.0,-0.0015643821472709,Meal 1571 — Fish (Continental)
137,1727,Rice Bowl,Indian,TYPE_A,4.4,145,466.63,464.63,0,0,540.0,458.0,502.5,8,1,0,-2.0,-0.0043045003551212,Meal 1727 — Rice Bowl (Indian)
137,1754,Sandwich,Italian,TYPE_A,4.4,145,320.16,318.16,0,0,1041.0,960.0,931.75,10,2,0,-2.0,-0.0062861453356801,Meal 1754 — Sandwich (Italian)
137,1770,Biryani,Indian,TYPE_A,4.4,145,485.03,484.03,0,0,68.0,68.0,71.5,1,1,0,-1.0,-0.0020659876453938,Meal 1770 — Biryani (Indian)
137,1778,Beverages,Italian,TYPE_A,4.4,145,189.21,187.21,0,0,1066.0,782.0,968.75,0,2,0,-2.0,-0.0106831900005341,Meal 1778 — Beverages (Italian)
137,1803,Extras,Thai,TYPE_A,4.4,145,206.67,206.67,0,0,432.0,634.0,452.5,3,3,0,0.0,0.0,Meal 1803 — Extras (Thai)
137,1847,Soup,Thai,TYPE_A,4.4,145,194.0,194.0,0,0,95.0,96.0,84.75,12,3,0,0.0,0.0,Meal 1847 — Soup (Thai)
137,1878,Starters,Thai,TYPE_A,4.4,145,319.13,320.13,0,0,161.0,121.0,137.75,13,3,0,1.0,0.0031237309842876,Meal 1878 — Starters (Thai)
137,1885,Beverages,Thai,TYPE_A,4.4,145,158.14,150.41,0,1,1795.0,2161.0,1745.0,0,3,0,-7.72999999999999,-0.0513928595173192,Meal 1885 — Beverages (Thai)
137,1902,Biryani,Indian,TYPE_A,4.4,145,447.23,445.23,0,0,26.0,41.0,33.75,1,1,0,-2.0,-0.004492060283449,Meal 1902 — Biryani (Indian)
137,1962,Pizza,Continental,TYPE_A,4.4,145,562.6,562.6,0,0,460.0,339.0,989.25,7,0,0,0.0,0.0,Meal 1962 — Pizza (Continental)
137,1971,Sandwich,Italian,TYPE_A,4.4,145,345.35,346.35,0,0,231.0,244.0,226.75,10,2,0,1.0,0.0028872527789807,Meal 1971 — Sandwich (Italian)
137,1993,Beverages,Thai,TYPE_A,4.4,145,158.14,158.14,0,0,1580.0,1377.0,1336.5,0,3,0,0.0,0.0,Meal 1993 — Beverages (Thai)
137,2104,Fish,Continental,TYPE_A,4.4,145,639.23,640.23,0,0,95.0,67.0,60.75,4,0,0,1.0,0.0015619386782874,Meal 2104 — Fish (Continental)
137,2126,Pasta,Italian,TYPE_A,4.4,145,484.03,485.03,0,0,55.0,15.0,24.75,6,2,0,1.0,0.0020617281405273,Meal 2126 — Pasta (Italian)
137,2139,Beverages,Indian,TYPE_A,4.4,145,283.27,282.27,0,0,67.0,41.0,84.5,0,1,0,-1.0,-0.0035427073369468,Meal 2139 — Beverages (Indian)
137,2290,Rice Bowl,Indian,TYPE_A,4.4,145,289.06,290.06,0,0,1593.0,1917.0,1738.75,8,1,0,1.0,0.0034475625732607,Meal 2290 — Rice Bowl (Indian)
137,2304,Desert,Indian,TYPE_A,4.4,145,485.03,486.03,0,0,134.0,121.0,121.25,2,1,0,1.0,0.0020574861634055,Meal 2304 — Desert (Indian)
137,2306,Pasta,Italian,TYPE_A,4.4,145,244.5,336.62,1,0,14.0,26.0,30.25,6,2,0,92.12,0.2736616956805894,Meal 2306 — Pasta (Italian)
137,2322,Beverages,Continental,TYPE_A,4.4,145,383.21,383.21,0,0,230.0,107.0,215.75,0,0,0,0.0,0.0,Meal 2322 — Beverages (Continental)
137,2444,Seafood,Continental,TYPE_A,4.4,144,486.03,728.53,1,0,391.0,42.0,132.0,11,0,0,242.5,0.3328620647056401,Meal 2444 — Seafood (Continental)
137,2490,Salad,Italian,TYPE_A,4.4,145,291.03,291.03,0,0,204.0,269.0,253.25,9,2,0,0.0,0.0,Meal 2490 — Salad (Italian)
137,2492,Desert,Indian,TYPE_A,4.4,145,388.03,388.03,0,0,107.0,26.0,84.5,2,1,0,0.0,0.0,Meal 2492 — Desert (Indian)
137,2494,Soup,Thai,TYPE_A,4.4,145,196.0,196.0,0,0,121.0,188.0,144.75,12,3,0,0.0,0.0,Meal 2494 — Soup (Thai)
137,2539,Beverages,Thai,TYPE_A,4.4,145,156.17,158.17,0,0,593.0,782.0,819.75,0,3,0,2.0,0.0126446228741227,Meal 2539 — Beverages (Thai)
137,2569,Salad,Italian,TYPE_A,4.4,145,242.53,339.56,0,0,837.0,257.0,408.75,9,2,0,97.03,0.2857521498409707,Meal 2569 — Salad (Italian)
137,2577,Starters,Thai,TYPE_A,4.4,145,319.13,321.13,0,0,42.0,134.0,118.25,13,3,0,2.0,0.0062280073490486,Meal 2577 — Starters (Thai)
137,2581,Pizza,Continental,TYPE_A,4.4,145,562.6,562.6,0,0,175.0,215.0,512.5,7,0,0,0.0,0.0,Meal 2581 — Pizza (Continental)
137,2631,Beverages,Indian,TYPE_A,4.4,145,163.02,162.02,0,0,96.0,202.0,139.25,0,1,0,-1.0,-0.0061720775212936,Meal 2631 — Beverages (Indian)
137,2640,Starters,Thai,TYPE_A,4.4,145,320.13,320.13,0,0,230.0,136.0,189.75,13,3,0,0.0,0.0,Meal 2640 — Starters (Thai)
137,2664,Salad,Italian,TYPE_A,4.4,145,242.53,338.56,0,0,904.0,215.0,374.25,9,2,0,96.03,0.2836424858223062,Meal 2664 — Salad (Italian)
137,2704,Other Snacks,Thai,TYPE_A,4.4,145,320.13,321.13,0,0,204.0,190.0,196.25,5,3,0,1.0,0.0031140036745243,Meal 2704 — Other Snacks (Thai)
137,2707,Beverages,Italian,TYPE_A,4.4,145,230.92,228.92,0,0,931.0,932.0,918.0,0,2,0,-2.0,-0.0087366765682334,Meal 2707 — Beverages (Italian)
137,2760,Other Snacks,Thai,TYPE_A,4.4,145,161.99,241.53,0,1,1203.0,377.0,496.25,5,3,0,79.53999999999999,0.3293172690763052,Meal 2760 — Other Snacks (Thai)
137,2826,Sandwich,Italian,TYPE_A,4.4,145,379.33,378.33,0,0,757.0,798.0,713.0,10,2,0,-1.0,-0.0026431950942299,Meal 2826 — Sandwich (Italian)
137,2867,Seafood,Continental,TYPE_A,4.4,144,486.03,728.53,1,1,162.0,40.0,70.75,11,0,0,242.5,0.3328620647056401,Meal 2867 — Seafood (Continental)
137,2956,Fish,Continental,TYPE_A,4.4,145,641.23,641.23,0,0,108.0,121.0,91.25,4,0,0,0.0,0.0,Meal 2956 — Fish (Continental)
139,1062,Beverages,Italian,TYPE_C,2.8,145,160.05,158.17,1,0,310.0,216.0,246.0,0,2,2,-1.880000000000024,-0.0118859455016755,Meal 1062 — Beverages (Italian)
139,1109,Rice Bowl,Indian,TYPE_C,2.8,145,311.43,311.43,0,0,148.0,190.0,152.75,8,1,2,0.0,0.0,Meal 1109 — Rice Bowl (Indian)
139,1207,Beverages,Continental,TYPE_C,2.8,145,341.47,341.47,0,0,42.0,69.0,82.0,0,0,2,0.0,0.0,Meal 1207 — Beverages (Continental)
139,1216,Pasta,Italian,TYPE_C,2.8,144,290.03,417.13,0,0,80.0,42.0,64.5,6,2,2,127.10000000000002,0.3047011722964065,Meal 1216 — Pasta (Italian)
139,1230,Beverages,Continental,TYPE_C,2.8,145,361.87,361.87,0,0,96.0,122.0,125.0,0,0,2,0.0,0.0,Meal 1230 — Beverages (Continental)
139,1247,Biryani,Indian,TYPE_C,2.8,142,445.23,447.23,0,0,13.0,13.0,13.5,1,1,2,2.0,0.0044719719160163,Meal 1247 — Biryani (Indian)
139,1248,Beverages,Indian,TYPE_C,2.8,145,150.41,150.41,0,0,54.0,41.0,48.0,0,1,2,0.0,0.0,Meal 1248 — Beverages (Indian)
139,1445,Seafood,Continental,TYPE_C,2.8,145,581.03,727.53,0,0,15.0,28.0,24.75,11,0,2,146.5,0.2013662666831608,Meal 1445 — Seafood (Continental)
139,1525,Other Snacks,Thai,TYPE_C,2.8,135,319.13,321.13,0,0,13.0,14.0,13.5,5,3,2,2.0,0.0062280073490486,Meal 1525 — Other Snacks (Thai)
139,1543,Desert,Indian,TYPE_C,2.8,145,483.09,483.09,0,0,28.0,94.0,57.75,2,1,2,0.0,0.0,Meal 1543 — Desert (Indian)
139,1558,Pizza,Continental,TYPE_C,2.8,145,511.19,512.19,0,0,109.0,148.0,206.0,7,0,2,1.0000000000000568,0.0019524004763858,Meal 1558 — Pizza (Continental)
139,1571,Fish,Continental,TYPE_C,2.8,124,291.03,582.03,0,0,55.0,15.0,31.0,4,0,2,291.0,0.4999742281325705,Meal 1571 — Fish (Continental)
139,1727,Rice Bowl,Indian,TYPE_C,2.8,145,421.95,422.95,0,0,136.0,215.0,165.0,8,1,2,1.0,0.0023643456673365,Meal 1727 — Rice Bowl (Indian)
139,1754,Sandwich,Italian,TYPE_C,2.8,145,292.03,290.03,0,0,609.0,608.0,591.25,10,2,2,-2.0,-0.0068958383615488,Meal 1754 — Sandwich (Italian)
139,1770,Biryani,Indian,TYPE_C,2.8,120,411.28,485.03,0,0,28.0,15.0,17.75,1,1,2,73.75,0.152052450363895,Meal 1770 — Biryani (Indian)
139,1778,Beverages,Italian,TYPE_C,2.8,145,158.14,158.11,1,1,82.0,202.0,176.25,0,2,2,-0.0299999999999727,-0.0001897413193344,Meal 1778 — Beverages (Italian)
139,1878,Starters,Thai,TYPE_C,2.8,145,320.13,321.13,0,0,27.0,41.0,37.25,13,3,2,1.0,0.0031140036745243,Meal 1878 — Starters (Thai)
139,1885,Beverages,Thai,TYPE_C,2.8,145,119.34,118.34,0,0,122.0,177.0,166.0,0,3,2,-1.0,-0.0084502281561602,Meal 1885 — Beverages (Thai)
139,1902,Biryani,Indian,TYPE_C,2.8,131,447.23,446.23,0,0,13.0,13.0,13.5,1,1,2,-1.0,-0.0022409967953745,Meal 1902 — Biryani (Indian)
139,1962,Pizza,Continental,TYPE_C,2.8,145,511.19,513.19,0,0,135.0,40.0,158.25,7,0,2,2.000000000000057,0.0038971920731114,Meal 1962 — Pizza (Continental)
139,1971,Sandwich,Italian,TYPE_C,2.8,145,289.06,291.06,0,0,175.0,150.0,192.5,10,2,2,2.0,0.006871435442864,Meal 1971 — Sandwich (Italian)
139,1993,Beverages,Thai,TYPE_C,2.8,145,116.43,117.43,0,0,215.0,177.0,206.75,0,3,2,1.0,0.0085157114876947,Meal 1993 — Beverages (Thai)
139,2104,Fish,Continental,TYPE_C,2.8,125,631.53,631.53,0,0,13.0,13.0,19.75,4,0,2,0.0,0.0,Meal 2104 — Fish (Continental)
139,2126,Pasta,Italian,TYPE_C,2.8,145,436.53,484.06,0,1,42.0,13.0,27.75,6,2,2,47.53000000000003,0.0981903069867372,Meal 2126 — Pasta (Italian)
139,2139,Beverages,Indian,TYPE_C,2.8,145,276.48,277.48,0,0,27.0,28.0,30.75,0,1,2,1.0,0.003603863341502,Meal 2139 — Beverages (Indian)
139,2290,Rice Bowl,Indian,TYPE_C,2.8,145,261.96,260.96,0,0,392.0,420.0,375.25,8,1,2,-1.0,-0.0038320049049662,Meal 2290 — Rice Bowl (Indian)
139,2304,Desert,Indian,TYPE_C,2.8,145,482.09,483.09,0,0,28.0,53.0,50.5,2,1,2,1.0,0.0020700076590283,Meal 2304 — Desert (Indian)
139,2306,Pasta,Italian,TYPE_C,2.8,130,335.62,337.62,0,0,14.0,15.0,20.5,6,2,2,2.0,0.0059238196789289,Meal 2306 — Pasta (Italian)
139,2322,Beverages,Continental,TYPE_C,2.8,145,339.5,339.5,0,0,41.0,109.0,60.75,0,0,2,0.0,0.0,Meal 2322 — Beverages (Continental)
139,2444,Seafood,Continental,TYPE_C,2.8,145,726.53,726.53,0,0,28.0,13.0,34.0,11,0,2,0.0,0.0,Meal 2444 — Seafood (Continental)
139,2490,Salad,Italian,TYPE_C,2.8,145,281.36,281.36,0,0,162.0,215.0,233.0,9,2,2,0.0,0.0,Meal 2490 — Salad (Italian)
139,2492,Desert,Indian,TYPE_C,2.8,145,445.23,447.23,0,0,13.0,28.0,17.75,2,1,2,2.0,0.0044719719160163,Meal 2492 — Desert (Indian)
139,2539,Beverages,Thai,TYPE_C,2.8,145,123.25,121.25,0,0,69.0,41.0,85.25,0,3,2,-2.0,-0.0164948453608247,Meal 2539 — Beverages (Thai)
139,2569,Salad,Italian,TYPE_C,2.8,145,244.44,323.07,0,0,593.0,729.0,606.75,9,2,2,78.63,0.2433837867954313,Meal 2569 — Salad (Italian)
139,2577,Starters,Thai,TYPE_C,2.8,96,281.33,281.33,0,0,13.0,15.0,14.0,13,3,2,0.0,0.0,Meal 2577 — Starters (Thai)
139,2581,Pizza,Continental,TYPE_C,2.8,145,513.19,513.19,0,0,96.0,136.0,179.0,7,0,2,0.0,0.0,Meal 2581 — Pizza (Continental)
139,2631,Beverages,Indian,TYPE_C,2.8,145,155.26,155.26,0,0,42.0,69.0,62.0,0,1,2,0.0,0.0,Meal 2631 — Beverages (Indian)
139,2640,Starters,Thai,TYPE_C,2.8,145,320.13,320.13,0,0,13.0,26.0,37.25,13,3,2,0.0,0.0,Meal 2640 — Starters (Thai)
139,2664,Salad,Italian,TYPE_C,2.8,145,241.56,328.86,0,0,352.0,649.0,408.5,9,2,2,87.30000000000001,0.2654625068418172,Meal 2664 — Salad (Italian)
139,2704,Other Snacks,Thai,TYPE_C,2.8,141,319.13,319.13,0,0,42.0,26.0,34.0,5,3,2,0.0,0.0,Meal 2704 — Other Snacks (Thai)
139,2707,Beverages,Italian,TYPE_C,2.8,145,207.58,207.58,0,0,80.0,202.0,141.0,0,2,2,0.0,0.0,Meal 2707 — Beverages (Italian)
139,2760,Other Snacks,Thai,TYPE_C,2.8,142,262.93,261.93,0,0,27.0,15.0,20.75,5,3,2,-1.0,-0.0038178139197495,Meal 2760 — Other Snacks (Thai)
139,2826,Sandwich,Italian,TYPE_C,2.8,145,327.92,327.92,0,0,108.0,136.0,142.0,10,2,2,0.0,0.0,Meal 2826 — Sandwich (Italian)
139,2867,Seafood,Continental,TYPE_C,2.8,144,582.03,727.53,1,0,14.0,26.0,20.25,11,0,2,145.5,0.1999917529174054,Meal 2867 — Seafood (Continental)
143,1062,Beverages,Italian,TYPE_B,3.8,145,152.29,155.2,1,1,176.0,122.0,135.25,0,2,1,2.9099999999999966,0.0187499999999999,Meal 1062 — Beverages (Italian)
143,1109,Rice Bowl,Indian,TYPE_B,3.8,145,299.76,299.76,0,0,528.0,433.0,442.75,8,1,1,0.0,0.0,Meal 1109 — Rice Bowl (Indian)
143,1207,Beverages,Continental,TYPE_B,3.8,145,369.63,367.63,0,0,69.0,41.0,51.25,0,0,1,-2.0,-0.0054402524277126,Meal 1207 — Beverages (Continental)
143,1216,Pasta,Italian,TYPE_B,3.8,144,290.03,412.25,0,0,67.0,67.0,60.25,6,2,1,122.22000000000004,0.2964705882352942,Meal 1216 — Pasta (Italian)
143,1230,Beverages,Continental,TYPE_B,3.8,145,329.83,330.83,0,0,40.0,54.0,47.25,0,0,1,1.0,0.0030227004806093,Meal 1230 — Beverages (Continental)
143,1247,Biryani,Indian,TYPE_B,3.8,145,445.23,446.23,0,0,28.0,40.0,58.0,1,1,1,1.0,0.0022409967953745,Meal 1247 — Biryani (Indian)
143,1248,Beverages,Indian,TYPE_B,3.8,145,148.41,149.41,0,0,54.0,54.0,44.25,0,1,1,1.0,0.0066929924369185,Meal 1248 — Beverages (Indian)
143,1445,Seafood,Continental,TYPE_B,3.8,145,728.53,726.53,0,0,163.0,55.0,75.25,11,0,1,-2.0,-0.0027528113085488,Meal 1445 — Seafood (Continental)
143,1525,Other Snacks,Thai,TYPE_B,3.8,145,321.13,321.13,0,0,123.0,150.0,159.75,5,3,1,0.0,0.0,Meal 1525 — Other Snacks (Thai)
143,1543,Desert,Indian,TYPE_B,3.8,145,484.09,482.09,0,0,55.0,95.0,68.0,2,1,1,-2.0,-0.0041486029579539,Meal 1543 — Desert (Indian)
143,1558,Pizza,Continental,TYPE_B,3.8,145,547.08,547.08,0,0,136.0,81.0,149.25,7,0,1,0.0,0.0,Meal 1558 — Pizza (Continental)
143,1571,Fish,Continental,TYPE_B,3.8,145,582.03,581.03,0,0,122.0,67.0,84.75,4,0,1,-1.0,-0.0017210815276319,Meal 1571 — Fish (Continental)
143,1727,Rice Bowl,Indian,TYPE_B,3.8,145,445.23,446.23,0,0,163.0,270.0,223.5,8,1,1,1.0,0.0022409967953745,Meal 1727 — Rice Bowl (Indian)
143,1754,Sandwich,Italian,TYPE_B,3.8,145,328.83,330.83,0,0,393.0,283.0,334.5,10,2,1,2.0,0.0060454009612187,Meal 1754 — Sandwich (Italian)
143,1770,Biryani,Indian,TYPE_B,3.8,145,426.83,484.03,0,0,13.0,27.0,17.0,1,1,1,57.19999999999999,0.1181744933165299,Meal 1770 — Biryani (Indian)
143,1778,Beverages,Italian,TYPE_B,3.8,145,155.23,160.08,1,1,202.0,203.0,155.75,0,2,1,4.850000000000023,0.0302973513243379,Meal 1778 — Beverages (Italian)
143,1878,Starters,Thai,TYPE_B,3.8,145,320.13,320.13,0,0,216.0,161.0,188.25,13,3,1,0.0,0.0,Meal 1878 — Starters (Thai)
143,1885,Beverages,Thai,TYPE_B,3.8,145,137.74,139.74,0,0,257.0,406.0,347.75,0,3,1,2.0,0.01431229426077,Meal 1885 — Beverages (Thai)
143,1902,Biryani,Indian,TYPE_B,3.8,145,446.23,447.23,0,0,42.0,15.0,34.75,1,1,1,1.0,0.0022359859580081,Meal 1902 — Biryani (Indian)
143,1962,Pizza,Continental,TYPE_B,3.8,145,548.08,549.08,0,0,177.0,203.0,257.5,7,0,1,1.0,0.0018212282363225,Meal 1962 — Pizza (Continental)
143,1971,Sandwich,Italian,TYPE_B,3.8,145,328.86,328.86,0,0,149.0,134.0,151.75,10,2,1,0.0,0.0,Meal 1971 — Sandwich (Italian)
143,1993,Beverages,Thai,TYPE_B,3.8,145,138.77,136.77,0,0,377.0,431.0,364.0,0,3,1,-2.0,-0.0146230898588871,Meal 1993 — Beverages (Thai)
143,2104,Fish,Continental,TYPE_B,3.8,145,582.03,581.03,0,0,55.0,94.0,74.75,4,0,1,-1.0,-0.0017210815276319,Meal 2104 — Fish (Continental)
143,2126,Pasta,Italian,TYPE_B,3.8,144,509.31,509.31,0,0,67.0,28.0,57.5,6,2,1,0.0,0.0,Meal 2126 — Pasta (Italian)
143,2139,Beverages,Indian,TYPE_B,3.8,145,282.33,281.33,0,0,95.0,28.0,44.5,0,1,1,-1.0,-0.0035545444851242,Meal 2139 — Beverages (Indian)
143,2290,Rice Bowl,Indian,TYPE_B,3.8,145,298.79,297.79,0,0,338.0,433.0,442.5,8,1,1,-1.0,-0.0033580711239464,Meal 2290 — Rice Bowl (Indian)
143,2304,Desert,Indian,TYPE_B,3.8,145,484.09,483.09,0,0,42.0,27.0,37.25,2,1,1,-1.0,-0.0020700076590283,Meal 2304 — Desert (Indian)
143,2306,Pasta,Italian,TYPE_B,3.8,145,242.53,336.62,1,0,40.0,28.0,47.75,6,2,1,94.09,0.2795139920385004,Meal 2306 — Pasta (Italian)
143,2322,Beverages,Continental,TYPE_B,3.8,145,367.63,368.63,0,0,13.0,68.0,37.25,0,0,1,1.0,0.0027127471990885,Meal 2322 — Beverages (Continental)
143,2444,Seafood,Continental,TYPE_B,3.8,144,583.03,726.53,1,0,69.0,27.0,34.75,11,0,1,143.5,0.1975142113883803,Meal 2444 — Seafood (Continental)
143,2490,Salad,Italian,TYPE_B,3.8,145,292.03,291.03,0,0,148.0,109.0,128.0,9,2,1,-1.0,-0.0034360718826237,Meal 2490 — Salad (Italian)
143,2492,Desert,Indian,TYPE_B,3.8,145,454.93,454.93,0,0,54.0,27.0,53.75,2,1,1,0.0,0.0,Meal 2492 — Desert (Indian)
143,2539,Beverages,Thai,TYPE_B,3.8,145,134.83,136.83,0,0,67.0,177.0,145.5,0,3,1,2.0,0.0146166776291748,Meal 2539 — Beverages (Thai)
143,2569,Salad,Italian,TYPE_B,3.8,145,242.5,323.07,0,0,419.0,283.0,307.0,9,2,1,80.57,0.2493886773764199,Meal 2569 — Salad (Italian)
143,2577,Starters,Thai,TYPE_B,3.8,145,320.13,320.13,0,0,95.0,122.0,114.75,13,3,1,0.0,0.0,Meal 2577 — Starters (Thai)
143,2581,Pizza,Continental,TYPE_B,3.8,145,547.08,547.08,0,0,121.0,40.0,117.5,7,0,1,0.0,0.0,Meal 2581 — Pizza (Continental)
143,2631,Beverages,Indian,TYPE_B,3.8,145,153.26,153.26,0,0,40.0,41.0,37.25,0,1,1,0.0,0.0,Meal 2631 — Beverages (Indian)
143,2640,Starters,Thai,TYPE_B,3.8,145,320.13,319.13,0,0,82.0,134.0,118.0,13,3,1,-1.0,-0.0031335192554758,Meal 2640 — Starters (Thai)
143,2664,Salad,Italian,TYPE_B,3.8,145,243.5,323.07,0,0,352.0,67.0,229.75,9,2,1,79.57,0.2462933729532299,Meal 2664 — Salad (Italian)
143,2704,Other Snacks,Thai,TYPE_B,3.8,145,321.13,321.13,0,0,109.0,150.0,162.5,5,3,1,0.0,0.0,Meal 2704 — Other Snacks (Thai)
143,2707,Beverages,Italian,TYPE_B,3.8,145,206.67,232.83,0,0,298.0,242.0,199.0,0,2,1,26.160000000000025,0.112356655070223,Meal 2707 — Beverages (Italian)
143,2760,Other Snacks,Thai,TYPE_B,3.8,145,184.36,262.93,0,0,188.0,123.0,114.75,5,3,1,78.57,0.2988247822614384,Meal 2760 — Other Snacks (Thai)
143,2826,Sandwich,Italian,TYPE_B,3.8,145,325.92,327.92,0,0,231.0,459.0,344.5,10,2,1,2.0,0.0060990485484264,Meal 2826 — Sandwich (Italian)
143,2867,Seafood,Continental,TYPE_B,3.8,145,726.53,728.53,0,0,82.0,40.0,37.5,11,0,1,2.0,0.0027452541419021,Meal 2867 — Seafood (Continental)
143,2956,Fish,Continental,TYPE_B,3.8,145,581.03,582.03,0,0,82.0,28.0,88.25,4,0,1,1.0,0.0017181244953009,Meal 2956 — Fish (Continental)
145,1062,Beverages,Italian,TYPE_A,3.9,145,162.05,159.08,1,1,256.0,770.0,492.75,0,2,0,-2.969999999999999,-0.01866985164697,Meal 1062 — Beverages (Italian)
145,1109,Rice Bowl,Indian,TYPE_A,3.9,145,307.49,308.49,0,0,458.0,528.0,422.25,8,1,0,1.0,0.0032415961619501,Meal 1109 — Rice Bowl (Indian)
145,1207,Beverages,Continental,TYPE_A,3.9,145,351.17,350.17,0,0,270.0,190.0,263.75,0,0,0,-1.0,-0.002855755775766,Meal 1207 — Beverages (Continental)
145,1216,Pasta,Italian,TYPE_A,3.9,145,414.25,413.25,0,0,150.0,82.0,75.25,6,2,0,-1.0,-0.0024198427102238,Meal 1216 — Pasta (Italian)
145,1230,Beverages,Continental,TYPE_A,3.9,145,367.63,367.63,0,0,108.0,176.0,148.5,0,0,0,0.0,0.0,Meal 1230 — Beverages (Continental)
145,1247,Biryani,Indian,TYPE_A,3.9,145,445.23,446.23,0,0,13.0,40.0,27.25,1,1,0,1.0,0.0022409967953745,Meal 1247 — Biryani (Indian)
145,1248,Beverages,Indian,TYPE_A,3.9,145,149.41,149.41,0,0,42.0,41.0,58.25,0,1,0,0.0,0.0,Meal 1248 — Beverages (Indian)
145,1445,Seafood,Continental,TYPE_A,3.9,145,726.53,726.53,0,0,163.0,82.0,85.0,11,0,0,0.0,0.0,Meal 1445 — Seafood (Continental)
145,1525,Other Snacks,Thai,TYPE_A,3.9,145,320.13,320.13,0,0,68.0,82.0,78.0,5,3,0,0.0,0.0,Meal 1525 — Other Snacks (Thai)
145,1543,Desert,Indian,TYPE_A,3.9,145,482.09,483.09,0,0,68.0,107.0,57.5,2,1,0,1.0,0.0020700076590283,Meal 1543 — Desert (Indian)
145,1558,Pizza,Continental,TYPE_A,3.9,145,548.08,547.08,0,0,95.0,175.0,287.25,7,0,0,-1.0,-0.0018278862323608,Meal 1558 — Pizza (Continental)
145,1727,Rice Bowl,Indian,TYPE_A,3.9,145,417.1,418.1,0,0,150.0,420.0,264.25,8,1,0,1.0,0.0023917723032767,Meal 1727 — Rice Bowl (Indian)
145,1754,Sandwich,Italian,TYPE_A,3.9,145,328.83,328.83,0,0,391.0,447.0,378.0,10,2,0,0.0,0.0,Meal 1754 — Sandwich (Italian)
145,1770,Biryani,Indian,TYPE_A,3.9,145,445.23,446.23,0,0,26.0,15.0,33.75,1,1,0,1.0,0.0022409967953745,Meal 1770 — Biryani (Indian)
145,1778,Beverages,Italian,TYPE_A,3.9,145,160.05,160.08,1,0,432.0,446.0,368.75,0,2,0,0.0300000000000011,0.0001874062968515,Meal 1778 — Beverages (Italian)
145,1878,Starters,Thai,TYPE_A,3.9,145,319.13,319.13,0,0,109.0,96.0,115.25,13,3,0,0.0,0.0,Meal 1878 — Starters (Thai)
145,1885,Beverages,Thai,TYPE_A,3.9,145,137.74,138.74,0,0,391.0,256.0,368.0,0,3,0,1.0,0.0072077266830041,Meal 1885 — Beverages (Thai)
145,1902,Biryani,Indian,TYPE_A,3.9,143,447.23,447.23,0,0,26.0,13.0,43.25,1,1,0,0.0,0.0,Meal 1902 — Biryani (Indian)
145,1962,Pizza,Continental,TYPE_A,3.9,145,548.08,549.08,0,0,230.0,175.0,385.0,7,0,0,1.0,0.0018212282363225,Meal 1962 — Pizza (Continental)
145,1971,Sandwich,Italian,TYPE_A,3.9,145,329.86,328.86,0,0,190.0,204.0,175.75,10,2,0,-1.0,-0.0030408076385087,Meal 1971 — Sandwich (Italian)
145,1993,Beverages,Thai,TYPE_A,3.9,145,132.89,133.89,0,0,553.0,485.0,456.0,0,3,0,1.0,0.0074688176861602,Meal 1993 — Beverages (Thai)
145,2126,Pasta,Italian,TYPE_A,3.9,145,437.53,436.53,0,0,69.0,95.0,55.0,6,2,0,-1.0,-0.0022907933017203,Meal 2126 — Pasta (Italian)
145,2139,Beverages,Indian,TYPE_A,3.9,145,286.21,285.21,0,0,55.0,122.0,88.25,0,1,0,-1.0,-0.0035061884225658,Meal 2139 — Beverages (Indian)
145,2290,Rice Bowl,Indian,TYPE_A,3.9,145,267.75,267.75,0,0,460.0,541.0,520.25,8,1,0,0.0,0.0,Meal 2290 — Rice Bowl (Indian)
145,2304,Desert,Indian,TYPE_A,3.9,145,483.09,482.09,0,0,82.0,42.0,44.25,2,1,0,-1.0,-0.0020743014789769,Meal 2304 — Desert (Indian)
145,2306,Pasta,Italian,TYPE_A,3.9,145,242.53,335.62,1,0,14.0,53.0,40.5,6,2,0,93.09,0.2773672605923366,Meal 2306 — Pasta (Italian)
145,2322,Beverages,Continental,TYPE_A,3.9,145,344.35,344.35,0,0,216.0,67.0,175.5,0,0,0,0.0,0.0,Meal 2322 — Beverages (Continental)
145,2444,Seafood,Continental,TYPE_A,3.9,145,699.43,699.43,0,0,123.0,121.0,91.75,11,0,0,0.0,0.0,Meal 2444 — Seafood (Continental)
145,2490,Salad,Italian,TYPE_A,3.9,145,292.03,290.03,0,0,134.0,135.0,151.5,9,2,0,-2.0,-0.0068958383615488,Meal 2490 — Salad (Italian)
145,2492,Desert,Indian,TYPE_A,3.9,145,456.93,454.93,0,0,13.0,14.0,20.75,2,1,0,-2.0,-0.0043962807464884,Meal 2492 — Desert (Indian)
145,2539,Beverages,Thai,TYPE_A,3.9,145,134.86,135.86,0,0,202.0,230.0,225.75,0,3,0,1.0,0.0073605181804799,Meal 2539 — Beverages (Thai)
145,2569,Salad,Italian,TYPE_A,3.9,145,244.5,323.07,0,0,756.0,690.0,537.25,9,2,0,78.57,0.2431980685300399,Meal 2569 — Salad (Italian)
145,2577,Starters,Thai,TYPE_A,3.9,145,319.13,320.13,0,0,68.0,95.0,57.75,13,3,0,1.0,0.0031237309842876,Meal 2577 — Starters (Thai)
145,2581,Pizza,Continental,TYPE_A,3.9,145,548.08,548.08,0,0,217.0,136.0,391.5,7,0,0,0.0,0.0,Meal 2581 — Pizza (Continental)
145,2631,Beverages,Indian,TYPE_A,3.9,145,149.44,149.44,0,0,122.0,107.0,125.25,0,1,0,0.0,0.0,Meal 2631 — Beverages (Indian)
145,2640,Starters,Thai,TYPE_A,3.9,145,319.13,320.13,0,0,150.0,149.0,162.5,13,3,0,1.0,0.0031237309842876,Meal 2640 — Starters (Thai)
145,2664,Salad,Italian,TYPE_A,3.9,145,244.5,301.67,0,0,744.0,377.0,405.75,9,2,0,57.170000000000016,0.1895117181025624,Meal 2664 — Salad (Italian)
145,2704,Other Snacks,Thai,TYPE_A,3.9,145,319.13,320.13,0,0,54.0,121.0,87.5,5,3,0,1.0,0.0031237309842876,Meal 2704 — Other Snacks (Thai)
145,2707,Beverages,Italian,TYPE_A,3.9,145,197.88,225.1,0,0,446.0,393.0,392.5,0,2,0,27.22,0.1209240337627721,Meal 2707 — Beverages (Italian)
145,2760,Other Snacks,Thai,TYPE_A,3.9,145,184.36,260.93,0,0,82.0,108.0,67.75,5,3,0,76.57,0.2934503506687617,Meal 2760 — Other Snacks (Thai)
145,2826,Sandwich,Italian,TYPE_A,3.9,145,327.92,327.92,0,0,324.0,364.0,357.75,10,2,0,0.0,0.0,Meal 2826 — Sandwich (Italian)
145,2867,Seafood,Continental,TYPE_A,3.9,145,583.03,728.53,0,0,67.0,68.0,60.5,11,0,0,145.5,0.199717238823384,Meal 2867 — Seafood (Continental)
146,1062,Beverages,Italian,TYPE_B,5.0,145,160.11,155.2,1,0,701.0,662.0,574.0,0,2,1,-4.910000000000025,-0.0316365979381444,Meal 1062 — Beverages (Italian)
146,1109,Rice Bowl,Indian,TYPE_B,5.0,145,300.76,298.76,0,0,1026.0,1093.0,985.25,8,1,1,-2.0,-0.0066943365912438,Meal 1109 — Rice Bowl (Indian)
146,1207,Beverages,Continental,TYPE_B,5.0,145,358.9,358.9,0,0,80.0,122.0,101.5,0,0,1,0.0,0.0,Meal 1207 — Beverages (Continental)
146,1216,Pasta,Italian,TYPE_B,5.0,145,418.13,416.13,0,0,176.0,163.0,158.75,6,2,1,-2.0,-0.0048061903732006,Meal 1216 — Pasta (Italian)
146,1230,Beverages,Continental,TYPE_B,5.0,145,368.63,367.63,0,0,27.0,15.0,37.5,0,0,1,-1.0,-0.0027201262138563,Meal 1230 — Beverages (Continental)
146,1247,Biryani,Indian,TYPE_B,5.0,145,445.23,445.23,0,0,26.0,40.0,23.25,1,1,1,0.0,0.0,Meal 1247 — Biryani (Indian)
146,1248,Beverages,Indian,TYPE_B,5.0,145,149.38,150.38,0,0,80.0,69.0,81.25,0,1,1,1.0,0.0066498204548477,Meal 1248 — Beverages (Indian)
146,1445,Seafood,Continental,TYPE_B,5.0,145,727.53,726.53,0,1,162.0,27.0,67.0,11,0,1,-1.0,-0.0013764056542744,Meal 1445 — Seafood (Continental)
146,1525,Other Snacks,Thai,TYPE_B,5.0,145,321.13,321.13,0,0,134.0,149.0,142.25,5,3,1,0.0,0.0,Meal 1525 — Other Snacks (Thai)
146,1543,Desert,Indian,TYPE_B,5.0,145,484.09,484.09,0,0,136.0,283.0,209.75,2,1,1,0.0,0.0,Meal 1543 — Desert (Indian)
146,1558,Pizza,Continental,TYPE_B,5.0,145,511.19,513.19,0,0,242.0,67.0,229.75,7,0,1,2.000000000000057,0.0038971920731114,Meal 1558 — Pizza (Continental)
146,1571,Fish,Continental,TYPE_B,5.0,145,581.03,582.03,0,0,203.0,175.0,155.25,4,0,1,1.0,0.0017181244953009,Meal 1571 — Fish (Continental)
146,1727,Rice Bowl,Indian,TYPE_B,5.0,145,421.95,423.95,0,0,297.0,269.0,283.5,8,1,1,2.0,0.0047175374454534,Meal 1727 — Rice Bowl (Indian)
146,1754,Sandwich,Italian,TYPE_B,5.0,145,291.03,292.03,0,0,540.0,796.0,648.25,10,2,1,1.0,0.0034243057220148,Meal 1754 — Sandwich (Italian)
146,1770,Biryani,Indian,TYPE_B,5.0,145,454.93,454.93,0,0,55.0,82.0,61.25,1,1,1,0.0,0.0,Meal 1770 — Biryani (Indian)
146,1778,Beverages,Italian,TYPE_B,5.0,145,157.17,161.08,1,0,271.0,231.0,230.5,0,2,1,3.910000000000025,0.0242736528433078,Meal 1778 — Beverages (Italian)
146,1878,Starters,Thai,TYPE_B,5.0,145,307.55,306.55,0,0,257.0,285.0,274.25,13,3,1,-1.0,-0.0032621105855488,Meal 1878 — Starters (Thai)
146,1885,Beverages,Thai,TYPE_B,5.0,145,117.37,118.37,0,0,446.0,472.0,473.0,0,3,1,1.0,0.0084480865084058,Meal 1885 — Beverages (Thai)
146,1902,Biryani,Indian,TYPE_B,5.0,145,445.23,445.23,0,0,67.0,96.0,101.75,1,1,1,0.0,0.0,Meal 1902 — Biryani (Indian)
146,1962,Pizza,Continental,TYPE_B,5.0,145,512.19,513.19,0,0,177.0,244.0,321.75,7,0,1,1.0,0.0019485960365556,Meal 1962 — Pizza (Continental)
146,1971,Sandwich,Italian,TYPE_B,5.0,145,290.06,289.06,0,0,256.0,202.0,260.25,10,2,1,-1.0,-0.0034594893793676,Meal 1971 — Sandwich (Italian)
146,1993,Beverages,Thai,TYPE_B,5.0,145,122.28,121.28,0,0,487.0,433.0,385.75,0,3,1,-1.0,-0.0082453825857519,Meal 1993 — Beverages (Thai)
146,2104,Fish,Continental,TYPE_B,5.0,145,583.03,581.03,0,0,188.0,81.0,135.0,4,0,1,-2.0,-0.0034421630552639,Meal 2104 — Fish (Continental)
146,2126,Pasta,Italian,TYPE_B,5.0,145,436.53,509.31,0,1,15.0,28.0,57.5,6,2,1,72.78000000000003,0.1428992165871473,Meal 2126 — Pasta (Italian)
146,2139,Beverages,Indian,TYPE_B,5.0,145,292.03,290.03,0,0,109.0,69.0,61.5,0,1,1,-2.0,-0.0068958383615488,Meal 2139 — Beverages (Indian)
146,2290,Rice Bowl,Indian,TYPE_B,5.0,145,241.53,241.53,0,0,918.0,960.0,881.0,8,1,1,0.0,0.0,Meal 2290 — Rice Bowl (Indian)
146,2304,Desert,Indian,TYPE_B,5.0,145,482.09,482.09,0,0,148.0,150.0,145.75,2,1,1,0.0,0.0,Meal 2304 — Desert (Indian)
146,2306,Pasta,Italian,TYPE_B,5.0,145,241.53,314.31,1,0,27.0,54.0,41.0,6,2,1,72.78,0.23155483439916,Meal 2306 — Pasta (Italian)
146,2322,Beverages,Continental,TYPE_B,5.0,145,369.63,369.63,0,0,122.0,28.0,54.25,0,0,1,0.0,0.0,Meal 2322 — Beverages (Continental)
146,2444,Seafood,Continental,TYPE_B,5.0,145,728.53,727.53,0,1,216.0,40.0,81.0,11,0,1,-1.0,-0.0013745137657553,Meal 2444 — Seafood (Continental)
146,2490,Salad,Italian,TYPE_B,5.0,145,279.36,281.36,0,0,202.0,148.0,138.25,9,2,1,2.0,0.0071083309638896,Meal 2490 — Salad (Italian)
146,2492,Desert,Indian,TYPE_B,5.0,145,446.23,445.23,0,0,67.0,81.0,91.0,2,1,1,-1.0,-0.0022460301417245,Meal 2492 — Desert (Indian)
146,2539,Beverages,Thai,TYPE_B,5.0,145,121.31,121.31,0,0,271.0,217.0,199.5,0,3,1,0.0,0.0,Meal 2539 — Beverages (Thai)
146,2569,Salad,Italian,TYPE_B,5.0,145,243.5,338.53,0,0,526.0,366.0,381.75,9,2,1,95.02999999999996,0.2807136738250671,Meal 2569 — Salad (Italian)
146,2577,Starters,Thai,TYPE_B,5.0,145,319.13,319.13,0,0,82.0,188.0,118.25,13,3,1,0.0,0.0,Meal 2577 — Starters (Thai)
146,2581,Pizza,Continental,TYPE_B,5.0,145,511.19,511.19,0,0,258.0,136.0,311.5,7,0,1,0.0,0.0,Meal 2581 — Pizza (Continental)
146,2631,Beverages,Indian,TYPE_B,5.0,145,146.47,148.47,0,0,150.0,69.0,108.75,0,1,1,2.0,0.0134707348285849,Meal 2631 — Beverages (Indian)
146,2640,Starters,Thai,TYPE_B,5.0,145,319.13,321.13,0,0,323.0,433.0,405.25,13,3,1,2.0,0.0062280073490486,Meal 2640 — Starters (Thai)
146,2664,Salad,Italian,TYPE_B,5.0,145,244.47,339.53,0,0,474.0,473.0,402.75,9,2,1,95.05999999999996,0.279975259918122,Meal 2664 — Salad (Italian)
146,2704,Other Snacks,Thai,TYPE_B,5.0,145,321.13,321.13,0,0,177.0,243.0,260.25,5,3,1,0.0,0.0,Meal 2704 — Other Snacks (Thai)
146,2707,Beverages,Italian,TYPE_B,5.0,145,204.7,204.7,0,0,486.0,365.0,418.5,0,2,1,0.0,0.0,Meal 2707 — Beverages (Italian)
146,2760,Other Snacks,Thai,TYPE_B,5.0,145,183.36,262.93,0,1,352.0,163.0,206.25,5,3,1,79.57,0.3026280759137412,Meal 2760 — Other Snacks (Thai)
146,2826,Sandwich,Italian,TYPE_B,5.0,145,326.92,326.92,0,0,554.0,809.0,699.0,10,2,1,0.0,0.0,Meal 2826 — Sandwich (Italian)
146,2867,Seafood,Continental,TYPE_B,5.0,145,728.53,727.53,0,1,134.0,68.0,71.5,11,0,1,-1.0,-0.0013745137657553,Meal 2867 — Seafood (Continental)
146,2956,Fish,Continental,TYPE_B,5.0,145,582.03,583.03,0,0,53.0,122.0,131.5,4,0,1,1.0,0.0017151776066411,Meal 2956 — Fish (Continental)
149,1062,Beverages,Italian,TYPE_A,2.4,145,154.29,156.17,1,1,229.0,364.0,276.75,0,2,0,1.8799999999999957,0.0120381635397323,Meal 1062 — Beverages (Italian)
149,1109,Rice Bowl,Indian,TYPE_A,2.4,145,311.43,311.43,0,0,163.0,257.0,189.5,8,1,0,0.0,0.0,Meal 1109 — Rice Bowl (Indian)
149,1207,Beverages,Continental,TYPE_A,2.4,145,367.63,368.63,0,0,55.0,107.0,87.75,0,0,0,1.0,0.0027127471990885,Meal 1207 — Beverages (Continental)
149,1216,Pasta,Italian,TYPE_A,2.4,145,412.25,413.25,0,0,69.0,67.0,50.5,6,2,0,1.0,0.0024198427102238,Meal 1216 — Pasta (Italian)
149,1230,Beverages,Continental,TYPE_A,2.4,145,357.93,359.93,0,0,109.0,82.0,82.25,0,0,0,2.0,0.0055566360125579,Meal 1230 — Beverages (Continental)
149,1247,Biryani,Indian,TYPE_A,2.4,144,447.23,446.23,0,0,15.0,15.0,14.75,1,1,0,-1.0,-0.0022409967953745,Meal 1247 — Biryani (Indian)
149,1248,Beverages,Indian,TYPE_A,2.4,145,143.62,142.62,0,0,68.0,69.0,47.5,0,1,0,-1.0,-0.0070116393212733,Meal 1248 — Beverages (Indian)
149,1445,Seafood,Continental,TYPE_A,2.4,145,726.53,728.53,0,0,41.0,14.0,37.5,11,0,0,2.0,0.0027452541419021,Meal 1445 — Seafood (Continental)
149,1525,Other Snacks,Thai,TYPE_A,2.4,144,320.13,321.13,0,0,28.0,69.0,34.5,5,3,0,1.0,0.0031140036745243,Meal 1525 — Other Snacks (Thai)
149,1543,Desert,Indian,TYPE_A,2.4,145,482.09,484.09,0,0,67.0,55.0,51.0,2,1,0,2.0,0.0041314631576772,Meal 1543 — Desert (Indian)
149,1558,Pizza,Continental,TYPE_A,2.4,145,547.08,547.08,0,0,109.0,55.0,115.0,7,0,0,0.0,0.0,Meal 1558 — Pizza (Continental)
149,1727,Rice Bowl,Indian,TYPE_A,2.4,145,396.76,447.23,0,0,162.0,122.0,148.75,8,1,0,50.47000000000003,0.112850211300673,Meal 1727 — Rice Bowl (Indian)
149,1754,Sandwich,Italian,TYPE_A,2.4,145,329.83,328.83,0,0,177.0,80.0,152.25,10,2,0,-1.0,-0.0030410850591491,Meal 1754 — Sandwich (Italian)
149,1770,Biryani,Indian,TYPE_A,2.4,144,486.03,486.03,0,0,27.0,13.0,17.0,1,1,0,0.0,0.0,Meal 1770 — Biryani (Indian)
149,1778,Beverages,Italian,TYPE_A,2.4,145,159.08,176.6,1,0,244.0,242.0,219.0,0,2,0,17.519999999999982,0.0992072480181199,Meal 1778 — Beverages (Italian)
149,1878,Starters,Thai,TYPE_A,2.4,145,320.13,319.13,0,0,53.0,27.0,30.75,13,3,0,-1.0,-0.0031335192554758,Meal 1878 — Starters (Thai)
149,1885,Beverages,Thai,TYPE_A,2.4,145,134.89,132.89,0,0,298.0,310.0,263.25,0,3,0,-2.0,-0.0150500413876138,Meal 1885 — Beverages (Thai)
149,1902,Biryani,Indian,TYPE_A,2.4,143,446.23,446.23,0,0,15.0,14.0,13.75,1,1,0,0.0,0.0,Meal 1902 — Biryani (Indian)
149,1962,Pizza,Continental,TYPE_A,2.4,145,549.08,548.08,0,0,134.0,53.0,147.75,7,0,0,-1.0,-0.0018245511604145,Meal 1962 — Pizza (Continental)
149,1971,Sandwich,Italian,TYPE_A,2.4,145,329.86,327.86,0,0,80.0,41.0,51.0,10,2,0,-2.0,-0.006100164704447,Meal 1971 — Sandwich (Italian)
149,1993,Beverages,Thai,TYPE_A,2.4,145,135.83,134.83,0,0,203.0,135.0,240.0,0,3,0,-1.0,-0.0074167470147593,Meal 1993 — Beverages (Thai)
149,2126,Pasta,Italian,TYPE_A,2.4,145,437.53,437.53,0,0,26.0,54.0,27.0,6,2,0,0.0,0.0,Meal 2126 — Pasta (Italian)
149,2139,Beverages,Indian,TYPE_A,2.4,145,262.93,262.93,0,0,69.0,40.0,41.0,0,1,0,0.0,0.0,Meal 2139 — Beverages (Indian)
149,2290,Rice Bowl,Indian,TYPE_A,2.4,145,299.79,297.79,0,0,269.0,96.0,182.5,8,1,0,-2.0,-0.0067161422478928,Meal 2290 — Rice Bowl (Indian)
149,2304,Desert,Indian,TYPE_A,2.4,145,483.09,484.09,0,0,15.0,68.0,40.75,2,1,0,1.0,0.0020657315788386,Meal 2304 — Desert (Indian)
149,2306,Pasta,Italian,TYPE_A,2.4,145,242.53,337.62,1,0,26.0,13.0,17.0,6,2,0,95.09,0.281648006634678,Meal 2306 — Pasta (Italian)
149,2322,Beverages,Continental,TYPE_A,2.4,145,345.38,345.38,0,0,81.0,55.0,64.0,0,0,0,0.0,0.0,Meal 2322 — Beverages (Continental)
149,2444,Seafood,Continental,TYPE_A,2.4,145,727.53,727.53,0,0,42.0,41.0,28.0,11,0,0,0.0,0.0,Meal 2444 — Seafood (Continental)
149,2490,Salad,Italian,TYPE_A,2.4,145,290.03,291.03,0,0,134.0,82.0,87.5,9,2,0,1.0,0.0034360718826237,Meal 2490 — Salad (Italian)
149,2492,Desert,Indian,TYPE_A,2.4,145,454.93,454.93,0,0,13.0,27.0,27.0,2,1,0,0.0,0.0,Meal 2492 — Desert (Indian)
149,2539,Beverages,Thai,TYPE_A,2.4,145,129.01,131.01,0,0,95.0,80.0,81.25,0,3,0,2.0,0.0152660102282268,Meal 2539 — Beverages (Thai)
149,2569,Salad,Italian,TYPE_A,2.4,145,246.44,305.55,0,0,499.0,284.0,294.25,9,2,0,59.110000000000014,0.1934544264441172,Meal 2569 — Salad (Italian)
149,2577,Starters,Thai,TYPE_A,2.4,14,242.53,241.53,0,0,54.0,14.0,37.5,13,3,0,-1.0,-0.0041402724299258,Meal 2577 — Starters (Thai)
149,2581,Pizza,Continental,TYPE_A,2.4,145,549.08,548.08,0,0,190.0,53.0,165.25,7,0,0,-1.0,-0.0018245511604145,Meal 2581 — Pizza (Continental)
149,2631,Beverages,Indian,TYPE_A,2.4,145,151.38,151.38,0,0,54.0,122.0,91.75,0,1,0,0.0,0.0,Meal 2631 — Beverages (Indian)
149,2640,Starters,Thai,TYPE_A,2.4,145,320.13,319.13,0,0,68.0,55.0,47.25,13,3,0,-1.0,-0.0031335192554758,Meal 2640 — Starters (Thai)
149,2664,Salad,Italian,TYPE_A,2.4,145,238.68,321.07,0,0,377.0,215.0,195.0,9,2,0,82.38999999999999,0.2566107079453078,Meal 2664 — Salad (Italian)
149,2704,Other Snacks,Thai,TYPE_A,2.4,145,321.13,321.13,0,0,53.0,54.0,53.5,5,3,0,0.0,0.0,Meal 2704 — Other Snacks (Thai)
149,2707,Beverages,Italian,TYPE_A,2.4,145,202.76,203.76,0,0,285.0,256.0,223.5,0,2,0,1.0,0.0049077345897133,Meal 2707 — Beverages (Italian)
149,2760,Other Snacks,Thai,TYPE_A,2.4,145,183.36,261.93,0,0,53.0,27.0,40.5,5,3,0,78.57,0.2999656396747222,Meal 2760 — Other Snacks (Thai)
149,2826,Sandwich,Italian,TYPE_A,2.4,145,327.92,326.92,0,0,108.0,176.0,118.75,10,2,0,-1.0,-0.00305885231861,Meal 2826 — Sandwich (Italian)
149,2867,Seafood,Continental,TYPE_A,2.4,137,767.33,767.33,0,0,15.0,108.0,50.75,11,0,0,0.0,0.0,Meal 2867 — Seafood (Continental)
152,1062,Beverages,Italian,TYPE_B,4.0,145,155.2,152.32,1,1,244.0,392.0,287.75,0,2,1,-2.8799999999999955,-0.01890756302521,Meal 1062 — Beverages (Italian)
152,1109,Rice Bowl,Indian,TYPE_B,4.0,145,310.43,309.43,0,0,566.0,568.0,523.0,8,1,1,-1.0,-0.0032317486992211,Meal 1109 — Rice Bowl (Indian)
152,1207,Beverages,Continental,TYPE_B,4.0,145,369.63,367.63,0,0,54.0,15.0,37.25,0,0,1,-2.0,-0.0054402524277126,Meal 1207 — Beverages (Continental)
152,1216,Pasta,Italian,TYPE_B,4.0,145,417.13,418.13,0,0,150.0,176.0,115.25,6,2,1,1.0,0.0023916006983474,Meal 1216 — Pasta (Italian)
152,1230,Beverages,Continental,TYPE_B,4.0,145,367.63,369.63,0,0,69.0,81.0,61.75,0,0,1,2.0,0.005410816221627,Meal 1230 — Beverages (Continental)
152,1247,Biryani,Indian,TYPE_B,4.0,144,445.23,447.23,0,0,28.0,54.0,44.0,1,1,1,2.0,0.0044719719160163,Meal 1247 — Biryani (Indian)
152,1248,Beverages,Indian,TYPE_B,4.0,145,155.26,154.26,0,0,54.0,82.0,61.0,0,1,1,-1.0,-0.0064825619084662,Meal 1248 — Beverages (Indian)
152,1445,Seafood,Continental,TYPE_B,4.0,144,583.03,728.53,1,0,96.0,69.0,54.5,11,0,1,145.5,0.199717238823384,Meal 1445 — Seafood (Continental)
152,1525,Other Snacks,Thai,TYPE_B,4.0,145,321.13,321.13,0,0,96.0,40.0,54.5,5,3,1,0.0,0.0,Meal 1525 — Other Snacks (Thai)
152,1543,Desert,Indian,TYPE_B,4.0,145,484.09,484.09,0,0,122.0,82.0,87.75,2,1,1,0.0,0.0,Meal 1543 — Desert (Indian)
152,1558,Pizza,Continental,TYPE_B,4.0,145,511.19,513.19,0,0,96.0,136.0,226.25,7,0,1,2.000000000000057,0.0038971920731114,Meal 1558 — Pizza (Continental)
152,1571,Fish,Continental,TYPE_B,4.0,145,582.03,582.03,0,0,96.0,135.0,84.75,4,0,1,0.0,0.0,Meal 1571 — Fish (Continental)
152,1727,Rice Bowl,Indian,TYPE_B,4.0,145,422.95,423.95,0,0,323.0,298.0,247.0,8,1,1,1.0,0.0023587687227267,Meal 1727 — Rice Bowl (Indian)
152,1754,Sandwich,Italian,TYPE_B,4.0,145,283.3,282.3,0,0,297.0,351.0,364.75,10,2,1,-1.0,-0.0035423308537017,Meal 1754 — Sandwich (Italian)
152,1770,Biryani,Indian,TYPE_B,4.0,144,484.03,484.03,0,0,15.0,15.0,21.0,1,1,1,0.0,0.0,Meal 1770 — Biryani (Indian)
152,1778,Beverages,Italian,TYPE_B,4.0,145,161.05,149.38,1,1,243.0,148.0,185.25,0,2,1,-11.670000000000016,-0.0781229080198153,Meal 1778 — Beverages (Italian)
152,1878,Starters,Thai,TYPE_B,4.0,145,319.13,321.13,0,0,161.0,202.0,188.25,13,3,1,2.0,0.0062280073490486,Meal 1878 — Starters (Thai)
152,1885,Beverages,Thai,TYPE_B,4.0,145,118.37,119.37,0,0,325.0,188.0,246.0,0,3,1,1.0,0.0083773142330568,Meal 1885 — Beverages (Thai)
152,1902,Biryani,Indian,TYPE_B,4.0,144,447.23,445.23,0,0,13.0,95.0,44.0,1,1,1,-2.0,-0.004492060283449,Meal 1902 — Biryani (Indian)
152,1962,Pizza,Continental,TYPE_B,4.0,145,512.19,513.19,0,0,161.0,190.0,314.25,7,0,1,1.0,0.0019485960365556,Meal 1962 — Pizza (Continental)
152,1971,Sandwich,Italian,TYPE_B,4.0,145,289.06,290.06,0,0,217.0,163.0,193.0,10,2,1,1.0,0.0034475625732607,Meal 1971 — Sandwich (Italian)
152,1993,Beverages,Thai,TYPE_B,4.0,145,120.34,119.34,0,0,312.0,296.0,280.5,0,3,1,-1.0,-0.008379420144126,Meal 1993 — Beverages (Thai)
152,2104,Fish,Continental,TYPE_B,4.0,145,583.03,582.03,0,0,55.0,68.0,78.25,4,0,1,-1.0,-0.0017181244953009,Meal 2104 — Fish (Continental)
152,2126,Pasta,Italian,TYPE_B,4.0,145,437.53,485.06,0,1,80.0,53.0,80.75,6,2,1,47.53000000000003,0.0979878777883149,Meal 2126 — Pasta (Italian)
152,2139,Beverages,Indian,TYPE_B,4.0,145,260.93,261.93,0,0,69.0,14.0,37.25,0,1,1,1.0,0.0038178139197495,Meal 2139 — Beverages (Indian)
152,2290,Rice Bowl,Indian,TYPE_B,4.0,145,216.31,253.17,0,0,553.0,594.0,563.75,8,1,1,36.85999999999999,0.1455938697318007,Meal 2290 — Rice Bowl (Indian)
152,2304,Desert,Indian,TYPE_B,4.0,145,482.09,484.09,0,0,55.0,41.0,57.75,2,1,1,2.0,0.0041314631576772,Meal 2304 — Desert (Indian)
152,2306,Pasta,Italian,TYPE_B,4.0,145,254.14,337.62,1,0,15.0,26.0,20.5,6,2,1,83.48000000000002,0.2472602333984954,Meal 2306 — Pasta (Italian)
152,2322,Beverages,Continental,TYPE_B,4.0,145,367.63,369.63,0,0,42.0,26.0,37.5,0,0,1,2.0,0.005410816221627,Meal 2322 — Beverages (Continental)
152,2444,Seafood,Continental,TYPE_B,4.0,145,728.53,727.53,0,0,95.0,55.0,48.25,11,0,1,-1.0,-0.0013745137657553,Meal 2444 — Seafood (Continental)
152,2490,Salad,Italian,TYPE_B,4.0,145,187.24,280.36,0,0,69.0,108.0,126.0,9,2,1,93.12,0.3321443857896989,Meal 2490 — Salad (Italian)
152,2492,Desert,Indian,TYPE_B,4.0,145,447.23,445.23,0,0,95.0,40.0,54.0,2,1,1,-2.0,-0.004492060283449,Meal 2492 — Desert (Indian)
152,2539,Beverages,Thai,TYPE_B,4.0,145,121.28,121.28,0,0,67.0,135.0,71.0,0,3,1,0.0,0.0,Meal 2539 — Beverages (Thai)
152,2569,Salad,Italian,TYPE_B,4.0,145,244.5,331.74,0,0,850.0,285.0,435.75,9,2,1,87.24000000000001,0.2629770302043769,Meal 2569 — Salad (Italian)
152,2577,Starters,Thai,TYPE_B,4.0,145,319.13,319.13,0,0,94.0,82.0,78.25,13,3,1,0.0,0.0,Meal 2577 — Starters (Thai)
152,2581,Pizza,Continental,TYPE_B,4.0,145,512.19,513.19,0,0,96.0,135.0,280.75,7,0,1,1.0,0.0019485960365556,Meal 2581 — Pizza (Continental)
152,2631,Beverages,Indian,TYPE_B,4.0,145,146.5,147.5,0,0,69.0,42.0,67.75,0,1,1,1.0,0.0067796610169491,Meal 2631 — Beverages (Indian)
152,2640,Starters,Thai,TYPE_B,4.0,145,320.13,320.13,0,0,109.0,134.0,151.75,13,3,1,0.0,0.0,Meal 2640 — Starters (Thai)
152,2664,Salad,Italian,TYPE_B,4.0,145,243.47,340.53,0,0,555.0,258.0,260.25,9,2,1,97.05999999999996,0.2850262825595395,Meal 2664 — Salad (Italian)
152,2704,Other Snacks,Thai,TYPE_B,4.0,145,319.13,320.13,0,0,258.0,122.0,182.75,5,3,1,1.0,0.0031237309842876,Meal 2704 — Other Snacks (Thai)
152,2707,Beverages,Italian,TYPE_B,4.0,145,200.82,200.82,0,0,216.0,310.0,242.75,0,2,1,0.0,0.0,Meal 2707 — Beverages (Italian)
152,2760,Other Snacks,Thai,TYPE_B,4.0,145,183.36,260.93,0,1,244.0,68.0,118.25,5,3,1,77.57,0.2972827961522247,Meal 2760 — Other Snacks (Thai)
152,2826,Sandwich,Italian,TYPE_B,4.0,145,326.92,327.92,0,0,379.0,190.0,327.75,10,2,1,1.0,0.0030495242742132,Meal 2826 — Sandwich (Italian)
152,2867,Seafood,Continental,TYPE_B,4.0,145,727.53,726.53,0,0,40.0,54.0,33.5,11,0,1,-1.0,-0.0013764056542744,Meal 2867 — Seafood (Continental)
152,2956,Fish,Continental,TYPE_B,4.0,145,583.03,581.03,0,0,122.0,54.0,81.5,4,0,1,-2.0,-0.0034421630552639,Meal 2956 — Fish (Continental)
153,1062,Beverages,Italian,TYPE_A,3.9,145,190.15,190.15,0,0,527.0,513.0,506.25,0,2,0,0.0,0.0,Meal 1062 — Beverages (Italian)
153,1109,Rice Bowl,Indian,TYPE_A,3.9,145,280.39,278.39,0,0,701.0,798.0,631.75,8,1,0,-2.0,-0.0071841660979201,Meal 1109 — Rice Bowl (Indian)
153,1198,Extras,Thai,TYPE_A,3.9,145,194.03,226.01,0,0,121.0,94.0,121.5,3,3,0,31.97999999999999,0.141498163798062,Meal 1198 — Extras (Thai)
153,1207,Beverages,Continental,TYPE_A,3.9,145,377.39,376.39,0,0,67.0,94.0,81.0,0,0,0,-1.0,-0.0026568187252583,Meal 1207 — Beverages (Continental)
153,1216,Pasta,Italian,TYPE_A,3.9,145,436.56,434.56,0,0,94.0,94.0,91.25,6,2,0,-2.0,-0.0046023564064801,Meal 1216 — Pasta (Italian)
153,1230,Beverages,Continental,TYPE_A,3.9,145,388.0,388.0,0,0,40.0,123.0,81.0,0,0,0,0.0,0.0,Meal 1230 — Beverages (Continental)
153,1247,Biryani,Indian,TYPE_A,3.9,144,447.23,447.23,0,0,13.0,28.0,20.5,1,1,0,0.0,0.0,Meal 1247 — Biryani (Indian)
153,1248,Beverages,Indian,TYPE_A,3.9,145,164.93,163.93,0,0,40.0,42.0,44.25,0,1,0,-1.0,-0.006100164704447,Meal 1248 — Beverages (Indian)
153,1311,Extras,Thai,TYPE_A,3.9,145,169.75,209.55,0,0,175.0,122.0,172.25,3,3,0,39.80000000000001,0.1899308041040324,Meal 1311 — Extras (Thai)
153,1438,Soup,Thai,TYPE_A,3.9,145,195.0,195.0,0,0,96.0,109.0,85.5,12,3,0,0.0,0.0,Meal 1438 — Soup (Thai)
153,1445,Seafood,Continental,TYPE_A,3.9,144,486.03,728.53,1,0,176.0,13.0,61.0,11,0,0,242.5,0.3328620647056401,Meal 1445 — Seafood (Continental)
153,1525,Other Snacks,Thai,TYPE_A,3.9,145,319.13,320.13,0,0,202.0,53.0,124.75,5,3,0,1.0,0.0031237309842876,Meal 1525 — Other Snacks (Thai)
153,1543,Desert,Indian,TYPE_A,3.9,145,484.03,486.03,0,0,54.0,96.0,78.25,2,1,0,2.0,0.0041149723268111,Meal 1543 — Desert (Indian)
153,1558,Pizza,Continental,TYPE_A,3.9,145,562.6,563.6,0,0,68.0,54.0,165.5,7,0,0,1.0,0.0017743080198722,Meal 1558 — Pizza (Continental)
153,1571,Fish,Continental,TYPE_A,3.9,145,639.23,641.23,0,0,108.0,15.0,71.5,4,0,0,2.0,0.0031190056609952,Meal 1571 — Fish (Continental)
153,1727,Rice Bowl,Indian,TYPE_A,3.9,145,466.63,464.63,0,0,323.0,593.0,441.5,8,1,0,-2.0,-0.0043045003551212,Meal 1727 — Rice Bowl (Indian)
153,1754,Sandwich,Italian,TYPE_A,3.9,145,319.16,320.16,0,0,716.0,513.0,577.5,10,2,0,1.0,0.0031234382808595,Meal 1754 — Sandwich (Italian)
153,1770,Biryani,Indian,TYPE_A,3.9,145,486.03,486.03,0,0,41.0,14.0,24.0,1,1,0,0.0,0.0,Meal 1770 — Biryani (Indian)
153,1778,Beverages,Italian,TYPE_A,3.9,145,191.09,192.09,0,0,297.0,297.0,294.0,0,2,0,1.0,0.0052058930709563,Meal 1778 — Beverages (Italian)
153,1803,Extras,Thai,TYPE_A,3.9,145,190.18,227.01,0,0,122.0,95.0,125.25,3,3,0,36.829999999999984,0.1622395489185497,Meal 1803 — Extras (Thai)
153,1847,Soup,Thai,TYPE_A,3.9,145,194.0,195.0,0,0,81.0,54.0,60.75,12,3,0,1.0,0.0051282051282051,Meal 1847 — Soup (Thai)
153,1878,Starters,Thai,TYPE_A,3.9,145,321.13,320.13,0,0,69.0,53.0,74.25,13,3,0,-1.0,-0.0031237309842876,Meal 1878 — Starters (Thai)
153,1885,Beverages,Thai,TYPE_A,3.9,145,159.11,160.11,0,0,635.0,365.0,473.25,0,3,0,1.0,0.006245706077072,Meal 1885 — Beverages (Thai)
153,1902,Biryani,Indian,TYPE_A,3.9,145,446.23,447.23,0,0,42.0,40.0,30.75,1,1,0,1.0,0.0022359859580081,Meal 1902 — Biryani (Indian)
153,1962,Pizza,Continental,TYPE_A,3.9,145,564.6,562.6,0,0,215.0,136.0,364.75,7,0,0,-2.0,-0.0035549235691432,Meal 1962 — Pizza (Continental)
153,1971,Sandwich,Italian,TYPE_A,3.9,145,345.35,346.35,0,0,243.0,134.0,182.25,10,2,0,1.0,0.0028872527789807,Meal 1971 — Sandwich (Italian)
153,1993,Beverages,Thai,TYPE_A,3.9,145,158.14,158.14,0,0,419.0,325.0,340.75,0,3,0,0.0,0.0,Meal 1993 — Beverages (Thai)
153,2126,Pasta,Italian,TYPE_A,3.9,145,484.03,484.03,0,0,40.0,13.0,40.5,6,2,0,0.0,0.0,Meal 2126 — Pasta (Italian)
153,2139,Beverages,Indian,TYPE_A,3.9,145,291.03,290.03,0,0,80.0,41.0,54.25,0,1,0,-1.0,-0.0034479191807744,Meal 2139 — Beverages (Indian)
153,2290,Rice Bowl,Indian,TYPE_A,3.9,145,290.09,289.09,0,0,527.0,647.0,621.5,8,1,0,-1.0,-0.0034591303746238,Meal 2290 — Rice Bowl (Indian)
153,2304,Desert,Indian,TYPE_A,3.9,145,484.03,486.03,0,0,55.0,69.0,54.5,2,1,0,2.0,0.0041149723268111,Meal 2304 — Desert (Indian)
153,2306,Pasta,Italian,TYPE_A,3.9,145,256.08,336.62,1,0,53.0,69.0,54.75,6,2,0,80.54000000000002,0.2392608876477928,Meal 2306 — Pasta (Italian)
153,2322,Beverages,Continental,TYPE_A,3.9,145,390.0,390.0,0,0,109.0,42.0,78.75,0,0,0,0.0,0.0,Meal 2322 — Beverages (Continental)
153,2444,Seafood,Continental,TYPE_A,3.9,145,726.53,726.53,0,0,121.0,285.0,125.25,11,0,0,0.0,0.0,Meal 2444 — Seafood (Continental)
153,2490,Salad,Italian,TYPE_A,3.9,145,290.03,292.03,0,0,242.0,202.0,212.5,9,2,0,2.0,0.0068486114440297,Meal 2490 — Salad (Italian)
153,2492,Desert,Indian,TYPE_A,3.9,145,388.03,387.03,0,0,42.0,42.0,51.25,2,1,0,-1.0,-0.0025837790352169,Meal 2492 — Desert (Indian)
153,2494,Soup,Thai,TYPE_A,3.9,145,195.0,194.0,0,0,27.0,40.0,43.5,12,3,0,-1.0,-0.0051546391752577,Meal 2494 — Soup (Thai)
153,2539,Beverages,Thai,TYPE_A,3.9,145,158.14,157.14,0,0,122.0,216.0,192.25,0,3,0,-1.0,-0.0063637520682194,Meal 2539 — Beverages (Thai)
153,2569,Salad,Italian,TYPE_A,3.9,145,245.44,338.56,0,0,554.0,284.0,334.25,9,2,0,93.12,0.275047258979206,Meal 2569 — Salad (Italian)
153,2577,Starters,Thai,TYPE_A,3.9,145,319.13,321.13,0,0,94.0,81.0,74.5,13,3,0,2.0,0.0062280073490486,Meal 2577 — Starters (Thai)
153,2581,Pizza,Continental,TYPE_A,3.9,145,564.6,562.6,0,0,67.0,109.0,226.5,7,0,0,-2.0,-0.0035549235691432,Meal 2581 — Pizza (Continental)
153,2631,Beverages,Indian,TYPE_A,3.9,145,163.99,161.99,0,0,53.0,80.0,67.0,0,1,0,-2.0,-0.0123464411383418,Meal 2631 — Beverages (Indian)
153,2640,Starters,Thai,TYPE_A,3.9,145,319.13,321.13,0,0,53.0,80.0,60.5,13,3,0,2.0,0.0062280073490486,Meal 2640 — Starters (Thai)
153,2664,Salad,Italian,TYPE_A,3.9,145,253.2,338.56,0,0,998.0,323.0,452.0,9,2,0,85.36000000000001,0.2521266540642722,Meal 2664 — Salad (Italian)
153,2704,Other Snacks,Thai,TYPE_A,3.9,145,319.13,320.13,0,0,82.0,53.0,81.0,5,3,0,1.0,0.0031237309842876,Meal 2704 — Other Snacks (Thai)
153,2707,Beverages,Italian,TYPE_A,3.9,145,238.65,237.65,0,0,595.0,459.0,513.5,0,2,0,-1.0,-0.0042078687144961,Meal 2707 — Beverages (Italian)
153,2760,Other Snacks,Thai,TYPE_A,3.9,145,161.99,243.53,0,0,68.0,40.0,50.75,5,3,0,81.53999999999999,0.334825278199811,Meal 2760 — Other Snacks (Thai)
153,2826,Sandwich,Italian,TYPE_A,3.9,145,377.33,377.33,0,0,258.0,284.0,264.5,10,2,0,0.0,0.0,Meal 2826 — Sandwich (Italian)
153,2867,Seafood,Continental,TYPE_A,3.9,145,728.53,727.53,0,0,95.0,189.0,77.75,11,0,0,-1.0,-0.0013745137657553,Meal 2867 — Seafood (Continental)
153,2956,Fish,Continental,TYPE_A,3.9,145,639.23,640.23,0,0,67.0,41.0,57.75,4,0,0,1.0,0.0015619386782874,Meal 2956 — Fish (Continental)
157,1062,Beverages,Italian,TYPE_A,4.1,145,148.44,155.23,1,1,460.0,472.0,485.75,0,2,0,6.789999999999992,0.0437415448044836,Meal 1062 — Beverages (Italian)
157,1109,Rice Bowl,Indian,TYPE_A,4.1,145,310.43,309.43,0,0,298.0,528.0,341.5,8,1,0,-1.0,-0.0032317486992211,Meal 1109 — Rice Bowl (Indian)
157,1207,Beverages,Continental,TYPE_A,4.1,145,341.47,341.47,0,0,40.0,96.0,77.75,0,0,0,0.0,0.0,Meal 1207 — Beverages (Continental)
157,1216,Pasta,Italian,TYPE_A,4.1,145,421.95,423.95,0,0,96.0,148.0,94.25,6,2,0,2.0,0.0047175374454534,Meal 1216 — Pasta (Italian)
157,1230,Beverages,Continental,TYPE_A,4.1,145,357.93,357.93,0,0,55.0,54.0,91.0,0,0,0,0.0,0.0,Meal 1230 — Beverages (Continental)
157,1247,Biryani,Indian,TYPE_A,4.1,143,446.23,446.23,0,0,15.0,13.0,14.5,1,1,0,0.0,0.0,Meal 1247 — Biryani (Indian)
157,1248,Beverages,Indian,TYPE_A,4.1,145,154.26,155.26,0,0,27.0,42.0,40.75,0,1,0,1.0,0.006440808965606,Meal 1248 — Beverages (Indian)
157,1445,Seafood,Continental,TYPE_A,4.1,145,728.53,728.53,0,0,107.0,163.0,87.5,11,0,0,0.0,0.0,Meal 1445 — Seafood (Continental)
157,1525,Other Snacks,Thai,TYPE_A,4.1,144,320.13,320.13,0,0,82.0,13.0,57.25,5,3,0,0.0,0.0,Meal 1525 — Other Snacks (Thai)
157,1543,Desert,Indian,TYPE_A,4.1,145,482.09,484.09,0,0,42.0,68.0,62.0,2,1,0,2.0,0.0041314631576772,Meal 1543 — Desert (Indian)
157,1558,Pizza,Continental,TYPE_A,4.1,145,511.19,512.19,0,0,150.0,108.0,280.5,7,0,0,1.0000000000000568,0.0019524004763858,Meal 1558 — Pizza (Continental)
157,1571,Fish,Continental,TYPE_A,4.1,145,581.03,581.03,0,0,177.0,108.0,128.75,4,0,0,0.0,0.0,Meal 1571 — Fish (Continental)
157,1727,Rice Bowl,Indian,TYPE_A,4.1,145,384.12,384.12,0,0,204.0,378.0,213.25,8,1,0,0.0,0.0,Meal 1727 — Rice Bowl (Indian)
157,1754,Sandwich,Italian,TYPE_A,4.1,145,282.33,280.33,0,0,404.0,580.0,469.0,10,2,0,-2.0,-0.0071344486854778,Meal 1754 — Sandwich (Italian)
157,1770,Biryani,Indian,TYPE_A,4.1,144,454.93,455.93,0,0,15.0,28.0,41.25,1,1,0,1.0,0.0021933191498694,Meal 1770 — Biryani (Indian)
157,1778,Beverages,Italian,TYPE_A,4.1,145,155.23,151.38,1,0,150.0,229.0,175.25,0,2,0,-3.8499999999999934,-0.0254326859558726,Meal 1778 — Beverages (Italian)
157,1878,Starters,Thai,TYPE_A,4.1,145,319.13,319.13,0,0,135.0,80.0,97.75,13,3,0,0.0,0.0,Meal 1878 — Starters (Thai)
157,1885,Beverages,Thai,TYPE_A,4.1,145,119.37,117.37,0,1,917.0,540.0,547.0,0,3,0,-2.0,-0.0170401295049842,Meal 1885 — Beverages (Thai)
157,1902,Biryani,Indian,TYPE_A,4.1,144,445.23,445.23,0,0,14.0,26.0,26.75,1,1,0,0.0,0.0,Meal 1902 — Biryani (Indian)
157,1962,Pizza,Continental,TYPE_A,4.1,145,512.19,511.19,0,0,215.0,229.0,455.0,7,0,0,-1.0000000000000568,-0.0019562198008569,Meal 1962 — Pizza (Continental)
157,1971,Sandwich,Italian,TYPE_A,4.1,145,289.12,287.12,0,0,325.0,339.0,327.75,10,2,0,-2.0,-0.0069657286152131,Meal 1971 — Sandwich (Italian)
157,1993,Beverages,Thai,TYPE_A,4.1,145,118.34,118.34,0,0,393.0,269.0,320.75,0,3,0,0.0,0.0,Meal 1993 — Beverages (Thai)
157,2104,Fish,Continental,TYPE_A,4.1,145,582.03,583.03,0,0,96.0,135.0,104.75,4,0,0,1.0,0.0017151776066411,Meal 2104 — Fish (Continental)
157,2126,Pasta,Italian,TYPE_A,4.1,144,507.31,508.31,0,0,69.0,13.0,37.5,6,2,0,1.0,0.001967303417206,Meal 2126 — Pasta (Italian)
157,2139,Beverages,Indian,TYPE_A,4.1,145,294.91,295.91,0,0,54.0,14.0,26.75,0,1,0,1.0,0.0033794059004427,Meal 2139 — Beverages (Indian)
157,2290,Rice Bowl,Indian,TYPE_A,4.1,145,259.96,259.96,0,0,337.0,432.0,395.0,8,1,0,0.0,0.0,Meal 2290 — Rice Bowl (Indian)
157,2304,Desert,Indian,TYPE_A,4.1,145,483.09,484.09,0,0,42.0,15.0,31.5,2,1,0,1.0,0.0020657315788386,Meal 2304 — Desert (Indian)
157,2306,Pasta,Italian,TYPE_A,4.1,145,241.53,354.05,1,0,13.0,40.0,37.0,6,2,0,112.52,0.3178082191780822,Meal 2306 — Pasta (Italian)
157,2322,Beverages,Continental,TYPE_A,4.1,145,349.23,349.23,0,0,94.0,68.0,81.5,0,0,0,0.0,0.0,Meal 2322 — Beverages (Continental)
157,2444,Seafood,Continental,TYPE_A,4.1,145,728.53,726.53,0,0,123.0,136.0,74.75,11,0,0,-2.0,-0.0027528113085488,Meal 2444 — Seafood (Continental)
157,2490,Salad,Italian,TYPE_A,4.1,145,280.36,279.36,0,0,136.0,257.0,162.5,9,2,0,-1.0,-0.0035796105383734,Meal 2490 — Salad (Italian)
157,2492,Desert,Indian,TYPE_A,4.1,145,446.23,447.23,0,0,27.0,14.0,27.5,2,1,0,1.0,0.0022359859580081,Meal 2492 — Desert (Indian)
157,2539,Beverages,Thai,TYPE_A,4.1,145,122.25,121.25,0,0,81.0,53.0,94.25,0,3,0,-1.0,-0.0082474226804123,Meal 2539 — Beverages (Thai)
157,2569,Salad,Italian,TYPE_A,4.1,145,244.5,284.24,0,0,622.0,242.0,277.25,9,2,0,39.74000000000001,0.1398114269631298,Meal 2569 — Salad (Italian)
157,2581,Pizza,Continental,TYPE_A,4.1,145,511.19,511.19,0,0,135.0,148.0,283.25,7,0,0,0.0,0.0,Meal 2581 — Pizza (Continental)
157,2631,Beverages,Indian,TYPE_A,4.1,145,147.44,149.44,0,0,82.0,80.0,54.5,0,1,0,2.0,0.0133832976445396,Meal 2631 — Beverages (Indian)
157,2640,Starters,Thai,TYPE_A,4.1,145,320.13,320.13,0,0,148.0,149.0,138.0,13,3,0,0.0,0.0,Meal 2640 — Starters (Thai)
157,2664,Salad,Italian,TYPE_A,4.1,145,244.5,338.53,0,0,688.0,94.0,286.75,9,2,0,94.02999999999996,0.27775972587363,Meal 2664 — Salad (Italian)
157,2704,Other Snacks,Thai,TYPE_A,4.1,145,320.13,320.13,0,0,27.0,26.0,30.0,5,3,0,0.0,0.0,Meal 2704 — Other Snacks (Thai)
157,2707,Beverages,Italian,TYPE_A,4.1,145,188.21,187.21,0,0,406.0,338.0,321.25,0,2,0,-1.0,-0.005341595000267,Meal 2707 — Beverages (Italian)
157,2760,Other Snacks,Thai,TYPE_A,4.1,145,197.88,261.93,0,0,96.0,53.0,57.5,5,3,0,64.05000000000001,0.2445309815599588,Meal 2760 — Other Snacks (Thai)
157,2826,Sandwich,Italian,TYPE_A,4.1,145,325.92,325.92,0,0,243.0,243.0,250.25,10,2,0,0.0,0.0,Meal 2826 — Sandwich (Italian)
157,2867,Seafood,Continental,TYPE_A,4.1,145,726.53,728.53,0,0,41.0,41.0,27.0,11,0,0,2.0,0.0027452541419021,Meal 2867 — Seafood (Continental)
157,2956,Fish,Continental,TYPE_A,4.1,145,582.03,582.03,0,0,68.0,68.0,75.25,4,0,0,0.0,0.0,Meal 2956 — Fish (Continental)
161,1062,Beverages,Italian,TYPE_B,3.9,145,161.05,151.38,1,0,243.0,163.0,182.5,0,2,1,-9.670000000000016,-0.0638789800502048,Meal 1062 — Beverages (Italian)
161,1109,Rice Bowl,Indian,TYPE_B,3.9,145,291.0,293.0,0,0,432.0,323.0,380.75,8,1,1,2.0,0.0068259385665529,Meal 1109 — Rice Bowl (Indian)
161,1207,Beverages,Continental,TYPE_B,3.9,145,345.38,343.38,0,0,14.0,15.0,27.75,0,0,1,-2.0,-0.0058244510454889,Meal 1207 — Beverages (Continental)
161,1216,Pasta,Italian,TYPE_B,3.9,145,417.13,416.13,0,0,27.0,55.0,30.75,6,2,1,-1.0,-0.0024030951866003,Meal 1216 — Pasta (Italian)
161,1230,Beverages,Continental,TYPE_B,3.9,144,368.63,369.63,0,0,55.0,53.0,43.75,0,0,1,1.0,0.0027054081108135,Meal 1230 — Beverages (Continental)
161,1247,Biryani,Indian,TYPE_B,3.9,144,446.23,445.23,0,0,15.0,26.0,21.0,1,1,1,-1.0,-0.0022460301417245,Meal 1247 — Biryani (Indian)
161,1248,Beverages,Indian,TYPE_B,3.9,145,154.26,155.26,0,0,67.0,15.0,30.75,0,1,1,1.0,0.006440808965606,Meal 1248 — Beverages (Indian)
161,1445,Seafood,Continental,TYPE_B,3.9,144,581.03,727.53,1,0,53.0,41.0,43.75,11,0,1,146.5,0.2013662666831608,Meal 1445 — Seafood (Continental)
161,1525,Other Snacks,Thai,TYPE_B,3.9,145,321.13,321.13,0,0,80.0,41.0,74.25,5,3,1,0.0,0.0,Meal 1525 — Other Snacks (Thai)
161,1543,Desert,Indian,TYPE_B,3.9,145,483.09,482.09,0,0,69.0,54.0,47.75,2,1,1,-1.0,-0.0020743014789769,Meal 1543 — Desert (Indian)
161,1558,Pizza,Continental,TYPE_B,3.9,145,512.19,511.19,0,0,27.0,53.0,137.75,7,0,1,-1.0000000000000568,-0.0019562198008569,Meal 1558 — Pizza (Continental)
161,1571,Fish,Continental,TYPE_B,3.9,145,583.03,582.03,0,0,123.0,108.0,125.75,4,0,1,-1.0,-0.0017181244953009,Meal 1571 — Fish (Continental)
161,1727,Rice Bowl,Indian,TYPE_B,3.9,145,422.95,422.95,0,0,107.0,134.0,144.75,8,1,1,0.0,0.0,Meal 1727 — Rice Bowl (Indian)
161,1754,Sandwich,Italian,TYPE_B,3.9,145,292.03,291.03,0,0,298.0,472.0,371.25,10,2,1,-1.0,-0.0034360718826237,Meal 1754 — Sandwich (Italian)
161,1770,Biryani,Indian,TYPE_B,3.9,144,485.03,484.03,0,0,15.0,14.0,14.5,1,1,1,-1.0,-0.0020659876453938,Meal 1770 — Biryani (Indian)
161,1778,Beverages,Italian,TYPE_B,3.9,145,161.08,155.26,1,1,55.0,162.0,114.75,0,2,1,-5.820000000000022,-0.0374855081798275,Meal 1778 — Beverages (Italian)
161,1878,Starters,Thai,TYPE_B,3.9,145,320.13,320.13,0,0,175.0,204.0,155.75,13,3,1,0.0,0.0,Meal 1878 — Starters (Thai)
161,1885,Beverages,Thai,TYPE_B,3.9,145,120.31,119.31,0,0,474.0,377.0,452.75,0,3,1,-1.0,-0.0083815271142402,Meal 1885 — Beverages (Thai)
161,1902,Biryani,Indian,TYPE_B,3.9,145,447.23,445.23,0,0,28.0,26.0,20.0,1,1,1,-2.0,-0.004492060283449,Meal 1902 — Biryani (Indian)
161,1962,Pizza,Continental,TYPE_B,3.9,145,511.19,512.19,0,0,81.0,41.0,219.5,7,0,1,1.0000000000000568,0.0019524004763858,Meal 1962 — Pizza (Continental)
161,1971,Sandwich,Italian,TYPE_B,3.9,145,290.06,291.06,0,0,134.0,204.0,166.0,10,2,1,1.0,0.003435717721432,Meal 1971 — Sandwich (Italian)
161,1993,Beverages,Thai,TYPE_B,3.9,145,120.34,120.34,0,0,446.0,392.0,351.75,0,3,1,0.0,0.0,Meal 1993 — Beverages (Thai)
161,2104,Fish,Continental,TYPE_B,3.9,145,582.03,582.03,0,0,81.0,41.0,54.25,4,0,1,0.0,0.0,Meal 2104 — Fish (Continental)
161,2126,Pasta,Italian,TYPE_B,3.9,145,454.96,508.31,0,0,14.0,26.0,47.5,6,2,1,53.35000000000002,0.104955637307942,Meal 2126 — Pasta (Italian)
161,2139,Beverages,Indian,TYPE_B,3.9,145,292.03,291.03,0,0,26.0,26.0,23.0,0,1,1,-1.0,-0.0034360718826237,Meal 2139 — Beverages (Indian)
161,2290,Rice Bowl,Indian,TYPE_B,3.9,145,259.96,259.96,0,0,445.0,338.0,338.0,8,1,1,0.0,0.0,Meal 2290 — Rice Bowl (Indian)
161,2304,Desert,Indian,TYPE_B,3.9,145,483.09,482.09,0,0,54.0,26.0,36.75,2,1,1,-1.0,-0.0020743014789769,Meal 2304 — Desert (Indian)
161,2306,Pasta,Italian,TYPE_B,3.9,145,241.53,336.62,1,0,15.0,28.0,17.25,6,2,1,95.09,0.2824847008496227,Meal 2306 — Pasta (Italian)
161,2322,Beverages,Continental,TYPE_B,3.9,145,339.5,341.5,0,0,41.0,82.0,54.5,0,0,1,2.0,0.0058565153733528,Meal 2322 — Beverages (Continental)
161,2444,Seafood,Continental,TYPE_B,3.9,145,727.53,726.53,0,0,53.0,42.0,34.5,11,0,1,-1.0,-0.0013764056542744,Meal 2444 — Seafood (Continental)
161,2490,Salad,Italian,TYPE_B,3.9,145,280.36,279.36,0,0,27.0,41.0,71.5,9,2,1,-1.0,-0.0035796105383734,Meal 2490 — Salad (Italian)
161,2492,Desert,Indian,TYPE_B,3.9,145,445.23,446.23,0,0,28.0,68.0,51.5,2,1,1,1.0,0.0022409967953745,Meal 2492 — Desert (Indian)
161,2539,Beverages,Thai,TYPE_B,3.9,145,120.31,121.31,0,0,188.0,123.0,145.0,0,3,1,1.0,0.0082433435001236,Meal 2539 — Beverages (Thai)
161,2569,Salad,Italian,TYPE_B,3.9,145,244.5,339.53,0,0,339.0,54.0,139.0,9,2,1,95.02999999999996,0.2798869024828438,Meal 2569 — Salad (Italian)
161,2577,Starters,Thai,TYPE_B,3.9,145,319.13,321.13,0,0,121.0,15.0,101.75,13,3,1,2.0,0.0062280073490486,Meal 2577 — Starters (Thai)
161,2581,Pizza,Continental,TYPE_B,3.9,145,512.19,513.19,0,0,81.0,81.0,145.75,7,0,1,1.0,0.0019485960365556,Meal 2581 — Pizza (Continental)
161,2631,Beverages,Indian,TYPE_B,3.9,145,150.41,150.41,0,0,41.0,26.0,47.5,0,1,1,0.0,0.0,Meal 2631 — Beverages (Indian)
161,2640,Starters,Thai,TYPE_B,3.9,145,321.13,320.13,0,0,244.0,244.0,227.0,13,3,1,-1.0,-0.0031237309842876,Meal 2640 — Starters (Thai)
161,2664,Salad,Italian,TYPE_B,3.9,145,246.41,338.53,0,0,203.0,122.0,101.25,9,2,1,92.11999999999998,0.2721176852863852,Meal 2664 — Salad (Italian)
161,2704,Other Snacks,Thai,TYPE_B,3.9,145,319.13,319.13,0,0,175.0,188.0,168.25,5,3,1,0.0,0.0,Meal 2704 — Other Snacks (Thai)
161,2707,Beverages,Italian,TYPE_B,3.9,145,192.06,194.06,0,0,148.0,176.0,219.5,0,2,1,2.0,0.0103060908997217,Meal 2707 — Beverages (Italian)
161,2760,Other Snacks,Thai,TYPE_B,3.9,145,182.36,260.93,0,0,135.0,150.0,111.25,5,3,1,78.57,0.3011152416356877,Meal 2760 — Other Snacks (Thai)
161,2826,Sandwich,Italian,TYPE_B,3.9,145,325.92,326.92,0,0,364.0,243.0,273.25,10,2,1,1.0,0.00305885231861,Meal 2826 — Sandwich (Italian)
161,2867,Seafood,Continental,TYPE_B,3.9,145,727.53,728.53,0,0,42.0,67.0,34.5,11,0,1,1.0,0.001372627070951,Meal 2867 — Seafood (Continental)
162,1062,Beverages,Italian,TYPE_C,2.0,145,160.05,158.17,1,0,148.0,243.0,131.75,0,2,2,-1.880000000000024,-0.0118859455016755,Meal 1062 — Beverages (Italian)
162,1109,Rice Bowl,Indian,TYPE_C,2.0,145,309.43,331.8,0,1,95.0,163.0,101.75,8,1,2,22.370000000000005,0.067420132610006,Meal 1109 — Rice Bowl (Indian)
162,1207,Beverages,Continental,TYPE_C,2.0,145,369.63,367.63,0,0,136.0,121.0,111.75,0,0,2,-2.0,-0.0054402524277126,Meal 1207 — Beverages (Continental)
162,1216,Pasta,Italian,TYPE_C,2.0,144,292.03,418.13,0,0,28.0,15.0,44.5,6,2,2,126.10000000000002,0.3015808480616077,Meal 1216 — Pasta (Italian)
162,1230,Beverages,Continental,TYPE_C,2.0,145,351.2,349.2,0,0,216.0,269.0,222.5,0,0,2,-2.0,-0.0057273768613974,Meal 1230 — Beverages (Continental)
162,1247,Biryani,Indian,TYPE_C,2.0,144,447.23,447.23,0,0,28.0,14.0,24.25,1,1,2,0.0,0.0,Meal 1247 — Biryani (Indian)
162,1248,Beverages,Indian,TYPE_C,2.0,43,95.06,98.0,0,1,364.0,526.0,305.3333333333333,0,1,2,2.9399999999999977,0.0299999999999999,Meal 1248 — Beverages (Indian)
162,1445,Seafood,Continental,TYPE_C,2.0,144,582.03,727.53,1,0,28.0,13.0,21.0,11,0,2,145.5,0.1999917529174054,Meal 1445 — Seafood (Continental)
162,1525,Other Snacks,Thai,TYPE_C,2.0,144,320.13,319.13,0,0,27.0,14.0,17.0,5,3,2,-1.0,-0.0031335192554758,Meal 1525 — Other Snacks (Thai)
162,1543,Desert,Indian,TYPE_C,2.0,145,484.09,482.09,0,0,122.0,81.0,101.25,2,1,2,-2.0,-0.0041486029579539,Meal 1543 — Desert (Indian)
162,1558,Pizza,Continental,TYPE_C,2.0,145,512.19,513.19,0,0,134.0,163.0,155.25,7,0,2,1.0,0.0019485960365556,Meal 1558 — Pizza (Continental)
162,1727,Rice Bowl,Indian,TYPE_C,2.0,145,398.7,397.7,0,0,82.0,244.0,179.25,8,1,2,-1.0,-0.002514458134272,Meal 1727 — Rice Bowl (Indian)
162,1754,Sandwich,Italian,TYPE_C,2.0,145,292.03,290.03,0,0,904.0,688.0,695.25,10,2,2,-2.0,-0.0068958383615488,Meal 1754 — Sandwich (Italian)
162,1770,Biryani,Indian,TYPE_C,2.0,143,486.03,486.03,0,0,26.0,14.0,27.25,1,1,2,0.0,0.0,Meal 1770 — Biryani (Indian)
162,1778,Beverages,Italian,TYPE_C,2.0,143,162.99,161.99,0,0,95.0,40.0,54.5,0,2,2,-1.0,-0.0061732205691709,Meal 1778 — Beverages (Italian)
162,1878,Starters,Thai,TYPE_C,2.0,145,319.13,320.13,0,0,13.0,28.0,20.5,13,3,2,1.0,0.0031237309842876,Meal 1878 — Starters (Thai)
162,1885,Beverages,Thai,TYPE_C,2.0,145,120.34,120.34,0,0,54.0,80.0,67.75,0,3,2,0.0,0.0,Meal 1885 — Beverages (Thai)
162,1902,Biryani,Indian,TYPE_C,2.0,145,447.23,447.23,0,0,26.0,13.0,17.25,1,1,2,0.0,0.0,Meal 1902 — Biryani (Indian)
162,1962,Pizza,Continental,TYPE_C,2.0,145,512.19,511.19,0,0,109.0,135.0,155.75,7,0,2,-1.0000000000000568,-0.0019562198008569,Meal 1962 — Pizza (Continental)
162,1971,Sandwich,Italian,TYPE_C,2.0,145,290.06,289.06,0,0,487.0,351.0,311.25,10,2,2,-1.0,-0.0034594893793676,Meal 1971 — Sandwich (Italian)
162,1993,Beverages,Thai,TYPE_C,2.0,145,118.34,119.34,0,0,82.0,96.0,95.5,0,3,2,1.0,0.008379420144126,Meal 1993 — Beverages (Thai)
162,2126,Pasta,Italian,TYPE_C,2.0,144,471.42,473.42,0,0,15.0,13.0,24.0,6,2,2,2.0,0.0042245785982848,Meal 2126 — Pasta (Italian)
162,2139,Beverages,Indian,TYPE_C,2.0,145,285.18,285.18,0,0,55.0,41.0,47.75,0,1,2,0.0,0.0,Meal 2139 — Beverages (Indian)
162,2290,Rice Bowl,Indian,TYPE_C,2.0,145,259.96,259.96,0,0,419.0,377.0,327.0,8,1,2,0.0,0.0,Meal 2290 — Rice Bowl (Indian)
162,2304,Desert,Indian,TYPE_C,2.0,145,484.09,482.09,0,0,40.0,55.0,40.5,2,1,2,-2.0,-0.0041486029579539,Meal 2304 — Desert (Indian)
162,2306,Pasta,Italian,TYPE_C,2.0,145,264.81,290.03,1,0,14.0,81.0,33.5,6,2,2,25.21999999999997,0.0869565217391303,Meal 2306 — Pasta (Italian)
162,2322,Beverages,Continental,TYPE_C,2.0,145,367.63,368.63,0,0,134.0,81.0,107.5,0,0,2,1.0,0.0027127471990885,Meal 2322 — Beverages (Continental)
162,2444,Seafood,Continental,TYPE_C,2.0,144,581.03,727.53,1,0,28.0,13.0,21.0,11,0,2,146.5,0.2013662666831608,Meal 2444 — Seafood (Continental)
162,2490,Salad,Italian,TYPE_C,2.0,145,281.36,281.36,0,0,297.0,162.0,192.75,9,2,2,0.0,0.0,Meal 2490 — Salad (Italian)
162,2492,Desert,Indian,TYPE_C,2.0,133,290.03,290.03,0,0,136.0,15.0,78.5,2,1,2,0.0,0.0,Meal 2492 — Desert (Indian)
162,2539,Beverages,Thai,TYPE_C,2.0,145,117.43,115.43,0,0,28.0,81.0,34.25,0,3,2,-2.0,-0.0173265182361604,Meal 2539 — Beverages (Thai)
162,2569,Salad,Italian,TYPE_C,2.0,145,251.26,339.53,0,0,107.0,474.0,394.75,9,2,2,88.26999999999998,0.2599770270668276,Meal 2569 — Salad (Italian)
162,2577,Starters,Thai,TYPE_C,2.0,145,319.13,320.13,0,0,26.0,13.0,20.25,13,3,2,1.0,0.0031237309842876,Meal 2577 — Starters (Thai)
162,2581,Pizza,Continental,TYPE_C,2.0,145,513.19,512.19,0,0,150.0,298.0,254.0,7,0,2,-1.0,-0.0019524004763857,Meal 2581 — Pizza (Continental)
162,2631,Beverages,Indian,TYPE_C,2.0,36,78.63,152.35,0,0,67.0,204.0,152.0,0,1,2,73.72,0.4838857893009518,Meal 2631 — Beverages (Indian)
162,2640,Starters,Thai,TYPE_C,2.0,145,319.13,320.13,0,0,15.0,14.0,23.75,13,3,2,1.0,0.0031237309842876,Meal 2640 — Starters (Thai)
162,2664,Salad,Italian,TYPE_C,2.0,145,256.11,340.53,0,0,148.0,404.0,364.5,9,2,2,84.41999999999996,0.2479076733327459,Meal 2664 — Salad (Italian)
162,2704,Other Snacks,Thai,TYPE_C,2.0,145,319.13,319.13,0,0,42.0,13.0,24.0,5,3,2,0.0,0.0,Meal 2704 — Other Snacks (Thai)
162,2707,Beverages,Italian,TYPE_C,2.0,145,207.64,205.64,0,0,41.0,54.0,64.5,0,2,2,-2.0,-0.0097257342929391,Meal 2707 — Beverages (Italian)
162,2760,Other Snacks,Thai,TYPE_C,2.0,143,262.93,261.93,0,0,13.0,15.0,20.75,5,3,2,-1.0,-0.0038178139197495,Meal 2760 — Other Snacks (Thai)
162,2826,Sandwich,Italian,TYPE_C,2.0,145,326.92,326.92,0,0,82.0,242.0,134.5,10,2,2,0.0,0.0,Meal 2826 — Sandwich (Italian)
162,2867,Seafood,Continental,TYPE_C,2.0,144,582.03,727.53,1,0,28.0,15.0,24.0,11,0,2,145.5,0.1999917529174054,Meal 2867 — Seafood (Continental)
174,1062,Beverages,Italian,TYPE_A,7.0,145,188.21,189.21,0,0,676.0,661.0,672.25,0,2,0,1.0,0.0052851329210929,Meal 1062 — Beverages (Italian)
174,1109,Rice Bowl,Indian,TYPE_A,7.0,145,288.09,289.09,0,0,1176.0,959.0,992.5,8,1,0,1.0,0.0034591303746238,Meal 1109 — Rice Bowl (Indian)
174,1198,Extras,Thai,TYPE_A,7.0,145,156.23,204.73,0,0,204.0,203.0,189.75,3,3,0,48.5,0.2368973770331656,Meal 1198 — Extras (Thai)
174,1207,Beverages,Continental,TYPE_A,7.0,145,390.0,389.0,0,0,82.0,134.0,108.25,0,0,0,-1.0,-0.0025706940874035,Meal 1207 — Beverages (Continental)
174,1216,Pasta,Italian,TYPE_A,7.0,145,417.13,416.13,0,0,176.0,95.0,101.5,6,2,0,-1.0,-0.0024030951866003,Meal 1216 — Pasta (Italian)
174,1230,Beverages,Continental,TYPE_A,7.0,145,377.39,375.39,0,0,123.0,230.0,125.25,0,0,0,-2.0,-0.0053277924292069,Meal 1230 — Beverages (Continental)
174,1247,Biryani,Indian,TYPE_A,7.0,145,446.23,445.23,0,0,13.0,68.0,54.5,1,1,0,-1.0,-0.0022460301417245,Meal 1247 — Biryani (Indian)
174,1248,Beverages,Indian,TYPE_A,7.0,145,158.11,160.11,0,0,42.0,122.0,92.25,0,1,0,2.0,0.012491412154144,Meal 1248 — Beverages (Indian)
174,1311,Extras,Thai,TYPE_A,7.0,145,169.75,194.03,0,0,284.0,554.0,368.75,3,3,0,24.28,0.1251352883574705,Meal 1311 — Extras (Thai)
174,1438,Soup,Thai,TYPE_A,7.0,145,196.0,194.0,0,0,136.0,136.0,122.25,12,3,0,-2.0,-0.0103092783505154,Meal 1438 — Soup (Thai)
174,1445,Seafood,Continental,TYPE_A,7.0,145,728.53,727.53,0,0,244.0,366.0,172.75,11,0,0,-1.0,-0.0013745137657553,Meal 1445 — Seafood (Continental)
174,1525,Other Snacks,Thai,TYPE_A,7.0,145,321.13,319.13,0,0,271.0,339.0,334.5,5,3,0,-2.0,-0.0062670385109516,Meal 1525 — Other Snacks (Thai)
174,1543,Desert,Indian,TYPE_A,7.0,145,486.03,485.03,0,0,136.0,163.0,115.25,2,1,0,-1.0,-0.0020617281405273,Meal 1543 — Desert (Indian)
174,1558,Pizza,Continental,TYPE_A,7.0,145,564.6,564.6,0,0,134.0,190.0,371.25,7,0,0,0.0,0.0,Meal 1558 — Pizza (Continental)
174,1571,Fish,Continental,TYPE_A,7.0,145,640.23,641.23,0,0,80.0,161.0,134.75,4,0,0,1.0,0.0015595028304976,Meal 1571 — Fish (Continental)
174,1727,Rice Bowl,Indian,TYPE_A,7.0,145,466.63,465.63,0,0,351.0,554.0,503.25,8,1,0,-1.0,-0.0021476279449348,Meal 1727 — Rice Bowl (Indian)
174,1754,Sandwich,Italian,TYPE_A,7.0,145,320.16,318.16,0,0,636.0,527.0,574.5,10,2,0,-2.0,-0.0062861453356801,Meal 1754 — Sandwich (Italian)
174,1770,Biryani,Indian,TYPE_A,7.0,145,485.03,485.03,0,0,53.0,26.0,50.5,1,1,0,0.0,0.0,Meal 1770 — Biryani (Indian)
174,1778,Beverages,Italian,TYPE_A,7.0,145,190.15,191.15,0,0,783.0,825.0,776.25,0,2,0,1.0,0.0052314935914203,Meal 1778 — Beverages (Italian)
174,1803,Extras,Thai,TYPE_A,7.0,145,178.48,178.48,0,0,472.0,378.0,442.0,3,3,0,0.0,0.0,Meal 1803 — Extras (Thai)
174,1847,Soup,Thai,TYPE_A,7.0,145,194.0,195.0,0,0,81.0,109.0,101.25,12,3,0,1.0,0.0051282051282051,Meal 1847 — Soup (Thai)
174,1878,Starters,Thai,TYPE_A,7.0,145,321.13,320.13,0,0,163.0,121.0,159.25,13,3,0,-1.0,-0.0031237309842876,Meal 1878 — Starters (Thai)
174,1885,Beverages,Thai,TYPE_A,7.0,145,159.14,151.38,0,1,2026.0,1850.0,1968.0,0,3,0,-7.759999999999991,-0.0512617254591094,Meal 1885 — Beverages (Thai)
174,1902,Biryani,Indian,TYPE_A,7.0,145,445.23,447.23,0,0,67.0,40.0,33.75,1,1,0,2.0,0.0044719719160163,Meal 1902 — Biryani (Indian)
174,1962,Pizza,Continental,TYPE_A,7.0,145,563.6,563.6,0,0,446.0,366.0,989.75,7,0,0,0.0,0.0,Meal 1962 — Pizza (Continental)
174,1971,Sandwich,Italian,TYPE_A,7.0,145,344.35,346.35,0,0,243.0,202.0,226.0,10,2,0,2.0,0.0057745055579615,Meal 1971 — Sandwich (Italian)
174,1993,Beverages,Thai,TYPE_A,7.0,145,158.14,151.38,0,1,1592.0,1081.0,1309.75,0,3,0,-6.759999999999991,-0.0446558330030386,Meal 1993 — Beverages (Thai)
174,2104,Fish,Continental,TYPE_A,7.0,145,639.23,640.23,0,0,94.0,55.0,68.0,4,0,0,1.0,0.0015619386782874,Meal 2104 — Fish (Continental)
174,2126,Pasta,Italian,TYPE_A,7.0,145,486.03,484.03,0,0,14.0,14.0,24.0,6,2,0,-2.0,-0.0041319752907877,Meal 2126 — Pasta (Italian)
174,2139,Beverages,Indian,TYPE_A,7.0,145,290.03,291.03,0,0,81.0,42.0,71.25,0,1,0,1.0,0.0034360718826237,Meal 2139 — Beverages (Indian)
174,2290,Rice Bowl,Indian,TYPE_A,7.0,145,293.94,293.94,0,0,1093.0,1214.0,1187.75,8,1,0,0.0,0.0,Meal 2290 — Rice Bowl (Indian)
174,2304,Desert,Indian,TYPE_A,7.0,145,486.03,484.03,0,0,53.0,28.0,47.0,2,1,0,-2.0,-0.0041319752907877,Meal 2304 — Desert (Indian)
174,2306,Pasta,Italian,TYPE_A,7.0,145,243.5,335.62,1,0,42.0,55.0,48.0,6,2,0,92.12,0.274477087181932,Meal 2306 — Pasta (Italian)
174,2322,Beverages,Continental,TYPE_A,7.0,145,387.09,386.09,0,0,271.0,177.0,223.25,0,0,0,-1.0,-0.0025900696728742,Meal 2322 — Beverages (Continental)
174,2444,Seafood,Continental,TYPE_A,7.0,145,727.53,728.53,0,0,230.0,432.0,172.75,11,0,0,1.0,0.001372627070951,Meal 2444 — Seafood (Continental)
174,2490,Salad,Italian,TYPE_A,7.0,145,292.03,290.03,0,0,365.0,418.0,381.25,9,2,0,-2.0,-0.0068958383615488,Meal 2490 — Salad (Italian)
174,2492,Desert,Indian,TYPE_A,7.0,145,388.03,389.03,0,0,81.0,95.0,81.5,2,1,0,1.0,0.0025704958486492,Meal 2492 — Desert (Indian)
174,2494,Soup,Thai,TYPE_A,7.0,145,194.0,196.0,0,0,108.0,121.0,135.25,12,3,0,2.0,0.010204081632653,Meal 2494 — Soup (Thai)
174,2539,Beverages,Thai,TYPE_A,7.0,145,158.14,150.35,0,1,555.0,501.0,531.25,0,3,0,-7.789999999999992,-0.0518124376454938,Meal 2539 — Beverages (Thai)
174,2569,Salad,Italian,TYPE_A,7.0,145,243.53,339.56,0,0,1014.0,460.0,584.25,9,2,0,96.03,0.2828071622099187,Meal 2569 — Salad (Italian)
174,2577,Starters,Thai,TYPE_A,7.0,145,320.13,320.13,0,0,136.0,161.0,132.0,13,3,0,0.0,0.0,Meal 2577 — Starters (Thai)
174,2581,Pizza,Continental,TYPE_A,7.0,145,562.63,561.63,0,0,204.0,163.0,560.5,7,0,0,-1.0,-0.0017805316667556,Meal 2581 — Pizza (Continental)
174,2631,Beverages,Indian,TYPE_A,7.0,145,163.93,165.93,0,0,122.0,122.0,129.25,0,1,0,2.0,0.012053275477611,Meal 2631 — Beverages (Indian)
174,2640,Starters,Thai,TYPE_A,7.0,145,320.13,321.13,0,0,69.0,95.0,81.75,13,3,0,1.0,0.0031140036745243,Meal 2640 — Starters (Thai)
174,2664,Salad,Italian,TYPE_A,7.0,145,240.62,308.46,0,0,1053.0,310.0,479.0,9,2,0,67.83999999999997,0.2199312714776631,Meal 2664 — Salad (Italian)
174,2704,Other Snacks,Thai,TYPE_A,7.0,145,320.13,319.13,0,0,352.0,283.0,304.25,5,3,0,-1.0,-0.0031335192554758,Meal 2704 — Other Snacks (Thai)
174,2707,Beverages,Italian,TYPE_A,7.0,145,237.71,235.71,0,0,1094.0,1148.0,1141.25,0,2,0,-2.0,-0.0084850027576258,Meal 2707 — Beverages (Italian)
174,2760,Other Snacks,Thai,TYPE_A,7.0,145,162.99,241.53,0,0,296.0,150.0,236.75,5,3,0,78.53999999999999,0.3251769966463793,Meal 2760 — Other Snacks (Thai)
174,2826,Sandwich,Italian,TYPE_A,7.0,145,379.33,378.33,0,0,636.0,688.0,715.25,10,2,0,-1.0,-0.0026431950942299,Meal 2826 — Sandwich (Italian)
174,2867,Seafood,Continental,TYPE_A,7.0,145,726.53,726.53,0,0,95.0,163.0,77.5,11,0,0,0.0,0.0,Meal 2867 — Seafood (Continental)
174,2956,Fish,Continental,TYPE_A,7.0,145,641.23,639.23,0,0,136.0,123.0,128.75,4,0,0,-2.0,-0.0031287642945418,Meal 2956 — Fish (Continental)
177,1062,Beverages,Italian,TYPE_A,3.4,145,155.26,154.26,1,0,595.0,582.0,540.25,0,2,0,-1.0,-0.0064825619084662,Meal 1062 — Beverages (Italian)
177,1109,Rice Bowl,Indian,TYPE_A,3.4,145,310.43,309.43,0,0,163.0,217.0,223.5,8,1,0,-1.0,-0.0032317486992211,Meal 1109 — Rice Bowl (Indian)
177,1207,Beverages,Continental,TYPE_A,3.4,145,353.11,352.11,0,0,163.0,204.0,152.75,0,0,0,-1.0,-0.002840021584164,Meal 1207 — Beverages (Continental)
177,1216,Pasta,Italian,TYPE_A,3.4,144,292.03,413.25,0,0,67.0,15.0,33.75,6,2,0,121.22000000000004,0.2933333333333334,Meal 1216 — Pasta (Italian)
177,1230,Beverages,Continental,TYPE_A,3.4,145,352.11,353.11,0,0,231.0,121.0,158.5,0,0,0,1.0,0.0028319787035201,Meal 1230 — Beverages (Continental)
177,1247,Biryani,Indian,TYPE_A,3.4,142,446.23,446.23,0,0,14.0,28.0,18.0,1,1,0,0.0,0.0,Meal 1247 — Biryani (Indian)
177,1248,Beverages,Indian,TYPE_A,3.4,144,149.38,151.38,0,0,42.0,68.0,71.75,0,1,0,2.0,0.0132117849121416,Meal 1248 — Beverages (Indian)
177,1445,Seafood,Continental,TYPE_A,3.4,145,727.53,727.53,0,0,95.0,96.0,58.5,11,0,0,0.0,0.0,Meal 1445 — Seafood (Continental)
177,1525,Other Snacks,Thai,TYPE_A,3.4,145,320.13,321.13,0,0,26.0,28.0,30.75,5,3,0,1.0,0.0031140036745243,Meal 1525 — Other Snacks (Thai)
177,1543,Desert,Indian,TYPE_A,3.4,145,484.09,482.09,0,0,68.0,27.0,40.5,2,1,0,-2.0,-0.0041486029579539,Meal 1543 — Desert (Indian)
177,1558,Pizza,Continental,TYPE_A,3.4,145,547.08,547.08,0,0,94.0,122.0,263.0,7,0,0,0.0,0.0,Meal 1558 — Pizza (Continental)
177,1571,Fish,Continental,TYPE_A,3.4,145,582.03,582.03,0,0,42.0,54.0,47.75,4,0,0,0.0,0.0,Meal 1571 — Fish (Continental)
177,1727,Rice Bowl,Indian,TYPE_A,3.4,145,447.23,445.23,0,0,379.0,458.0,320.75,8,1,0,-2.0,-0.004492060283449,Meal 1727 — Rice Bowl (Indian)
177,1754,Sandwich,Italian,TYPE_A,3.4,145,329.83,330.83,0,0,229.0,190.0,236.0,10,2,0,1.0,0.0030227004806093,Meal 1754 — Sandwich (Italian)
177,1770,Biryani,Indian,TYPE_A,3.4,140,484.03,486.03,0,0,13.0,28.0,17.25,1,1,0,2.0,0.0041149723268111,Meal 1770 — Biryani (Indian)
177,1778,Beverages,Italian,TYPE_A,3.4,145,158.17,156.17,1,1,311.0,366.0,271.25,0,2,0,-2.0,-0.012806556957162,Meal 1778 — Beverages (Italian)
177,1878,Starters,Thai,TYPE_A,3.4,145,319.13,320.13,0,0,69.0,135.0,74.5,13,3,0,1.0,0.0031237309842876,Meal 1878 — Starters (Thai)
177,1885,Beverages,Thai,TYPE_A,3.4,145,140.71,140.71,0,0,310.0,271.0,311.0,0,3,0,0.0,0.0,Meal 1885 — Beverages (Thai)
177,1902,Biryani,Indian,TYPE_A,3.4,144,445.23,445.23,0,0,15.0,15.0,21.25,1,1,0,0.0,0.0,Meal 1902 — Biryani (Indian)
177,1962,Pizza,Continental,TYPE_A,3.4,145,549.08,548.08,0,0,189.0,94.0,276.5,7,0,0,-1.0,-0.0018245511604145,Meal 1962 — Pizza (Continental)
177,1971,Sandwich,Italian,TYPE_A,3.4,145,327.86,329.86,0,0,54.0,81.0,71.25,10,2,0,2.0,0.0060631783180743,Meal 1971 — Sandwich (Italian)
177,1993,Beverages,Thai,TYPE_A,3.4,145,142.62,141.62,0,0,269.0,445.0,313.75,0,3,0,-1.0,-0.0070611495551475,Meal 1993 — Beverages (Thai)
177,2126,Pasta,Italian,TYPE_A,3.4,144,435.53,509.31,0,0,14.0,27.0,34.5,6,2,0,73.78000000000003,0.1448626573206888,Meal 2126 — Pasta (Italian)
177,2139,Beverages,Indian,TYPE_A,3.4,144,285.18,286.18,0,0,28.0,13.0,20.25,0,1,0,1.0,0.003494304284017,Meal 2139 — Beverages (Indian)
177,2290,Rice Bowl,Indian,TYPE_A,3.4,145,272.57,273.57,0,0,257.0,378.0,314.25,8,1,0,1.0,0.0036553715685199,Meal 2290 — Rice Bowl (Indian)
177,2304,Desert,Indian,TYPE_A,3.4,145,484.09,483.09,0,0,28.0,26.0,20.25,2,1,0,-1.0,-0.0020700076590283,Meal 2304 — Desert (Indian)
177,2306,Pasta,Italian,TYPE_A,3.4,145,243.53,335.62,1,0,27.0,122.0,67.5,6,2,0,92.09,0.2743877003754246,Meal 2306 — Pasta (Italian)
177,2322,Beverages,Continental,TYPE_A,3.4,145,352.14,353.14,0,0,135.0,134.0,141.5,0,0,0,1.0,0.0028317381208585,Meal 2322 — Beverages (Continental)
177,2444,Seafood,Continental,TYPE_A,3.4,144,581.03,728.53,1,1,14.0,13.0,30.5,11,0,0,147.5,0.2024624929652862,Meal 2444 — Seafood (Continental)
177,2490,Salad,Italian,TYPE_A,3.4,145,290.03,291.03,0,0,176.0,150.0,121.75,9,2,0,1.0,0.0034360718826237,Meal 2490 — Salad (Italian)
177,2492,Desert,Indian,TYPE_A,3.4,145,456.93,455.93,0,0,26.0,27.0,27.0,2,1,0,-1.0,-0.0021933191498694,Meal 2492 — Desert (Indian)
177,2539,Beverages,Thai,TYPE_A,3.4,145,134.83,134.83,0,0,42.0,69.0,68.5,0,3,0,0.0,0.0,Meal 2539 — Beverages (Thai)
177,2569,Salad,Italian,TYPE_A,3.4,145,246.38,322.07,0,0,649.0,703.0,590.75,9,2,0,75.69,0.235011022448536,Meal 2569 — Salad (Italian)
177,2577,Starters,Thai,TYPE_A,3.4,145,319.13,320.13,0,0,15.0,41.0,30.75,13,3,0,1.0,0.0031237309842876,Meal 2577 — Starters (Thai)
177,2581,Pizza,Continental,TYPE_A,3.4,145,548.08,548.08,0,0,149.0,432.0,358.0,7,0,0,0.0,0.0,Meal 2581 — Pizza (Continental)
177,2631,Beverages,Indian,TYPE_A,3.4,145,150.38,150.38,0,0,55.0,81.0,71.0,0,1,0,0.0,0.0,Meal 2631 — Beverages (Indian)
177,2640,Starters,Thai,TYPE_A,3.4,144,320.13,319.13,0,0,42.0,54.0,47.75,13,3,0,-1.0,-0.0031335192554758,Meal 2640 — Starters (Thai)
177,2664,Salad,Italian,TYPE_A,3.4,145,236.68,322.07,0,0,446.0,540.0,388.0,9,2,0,85.38999999999999,0.2651286987300897,Meal 2664 — Salad (Italian)
177,2704,Other Snacks,Thai,TYPE_A,3.4,145,321.13,319.13,0,0,55.0,14.0,30.5,5,3,0,-2.0,-0.0062670385109516,Meal 2704 — Other Snacks (Thai)
177,2707,Beverages,Italian,TYPE_A,3.4,145,201.82,200.82,0,0,230.0,298.0,294.0,0,2,0,-1.0,-0.0049795837068021,Meal 2707 — Beverages (Italian)
177,2760,Other Snacks,Thai,TYPE_A,3.4,145,182.36,262.93,0,0,41.0,27.0,38.0,5,3,0,80.57,0.3064313695660441,Meal 2760 — Other Snacks (Thai)
177,2826,Sandwich,Italian,TYPE_A,3.4,145,325.92,325.92,0,0,325.0,432.0,344.5,10,2,0,0.0,0.0,Meal 2826 — Sandwich (Italian)
177,2867,Seafood,Continental,TYPE_A,3.4,144,581.03,728.53,1,1,15.0,15.0,27.5,11,0,0,147.5,0.2024624929652862,Meal 2867 — Seafood (Continental)
186,1062,Beverages,Italian,TYPE_A,3.4,145,153.26,152.35,1,1,323.0,162.0,253.5,0,2,0,-0.9099999999999966,-0.0059730882835575,Meal 1062 — Beverages (Italian)
186,1109,Rice Bowl,Indian,TYPE_A,3.4,145,310.43,309.43,0,0,270.0,393.0,283.75,8,1,0,-1.0,-0.0032317486992211,Meal 1109 — Rice Bowl (Indian)
186,1207,Beverages,Continental,TYPE_A,3.4,145,359.93,358.93,0,0,82.0,80.0,94.75,0,0,0,-1.0,-0.0027860585629509,Meal 1207 — Beverages (Continental)
186,1216,Pasta,Italian,TYPE_A,3.4,145,417.13,416.13,0,0,189.0,108.0,114.5,6,2,0,-1.0,-0.0024030951866003,Meal 1216 — Pasta (Italian)
186,1230,Beverages,Continental,TYPE_A,3.4,145,359.87,359.87,0,0,136.0,108.0,108.5,0,0,0,0.0,0.0,Meal 1230 — Beverages (Continental)
186,1247,Biryani,Indian,TYPE_A,3.4,145,447.23,446.23,0,0,14.0,13.0,20.25,1,1,0,-1.0,-0.0022409967953745,Meal 1247 — Biryani (Indian)
186,1248,Beverages,Indian,TYPE_A,3.4,144,138.74,138.74,0,0,13.0,53.0,50.5,0,1,0,0.0,0.0,Meal 1248 — Beverages (Indian)
186,1445,Seafood,Continental,TYPE_A,3.4,145,726.53,726.53,0,0,14.0,14.0,20.0,11,0,0,0.0,0.0,Meal 1445 — Seafood (Continental)
186,1525,Other Snacks,Thai,TYPE_A,3.4,145,321.13,321.13,0,0,54.0,53.0,43.5,5,3,0,0.0,0.0,Meal 1525 — Other Snacks (Thai)
186,1543,Desert,Indian,TYPE_A,3.4,145,484.09,483.09,0,0,69.0,28.0,65.25,2,1,0,-1.0,-0.0020700076590283,Meal 1543 — Desert (Indian)
186,1558,Pizza,Continental,TYPE_A,3.4,145,513.19,511.19,0,0,81.0,175.0,242.75,7,0,0,-2.000000000000057,-0.0039124396017137,Meal 1558 — Pizza (Continental)
186,1571,Fish,Continental,TYPE_A,3.4,145,583.03,581.03,0,0,107.0,68.0,64.0,4,0,0,-2.0,-0.0034421630552639,Meal 1571 — Fish (Continental)
186,1727,Rice Bowl,Indian,TYPE_A,3.4,145,421.95,421.95,0,0,94.0,149.0,132.25,8,1,0,0.0,0.0,Meal 1727 — Rice Bowl (Indian)
186,1754,Sandwich,Italian,TYPE_A,3.4,145,292.03,291.03,0,0,404.0,324.0,401.5,10,2,0,-1.0,-0.0034360718826237,Meal 1754 — Sandwich (Italian)
186,1770,Biryani,Indian,TYPE_A,3.4,145,455.93,454.93,0,0,26.0,14.0,17.5,1,1,0,-1.0,-0.0021981403732442,Meal 1770 — Biryani (Indian)
186,1778,Beverages,Italian,TYPE_A,3.4,145,155.2,174.63,1,0,189.0,150.0,158.5,0,2,0,19.430000000000007,0.11126381492298,Meal 1778 — Beverages (Italian)
186,1878,Starters,Thai,TYPE_A,3.4,145,319.13,320.13,0,0,41.0,69.0,48.5,13,3,0,1.0,0.0031237309842876,Meal 1878 — Starters (Thai)
186,1885,Beverages,Thai,TYPE_A,3.4,145,116.46,114.46,0,0,392.0,285.0,401.75,0,3,0,-2.0,-0.0174733531364668,Meal 1885 — Beverages (Thai)
186,1902,Biryani,Indian,TYPE_A,3.4,143,447.23,446.23,0,0,13.0,13.0,20.5,1,1,0,-1.0,-0.0022409967953745,Meal 1902 — Biryani (Indian)
186,1962,Pizza,Continental,TYPE_A,3.4,145,511.19,513.19,0,0,231.0,230.0,324.75,7,0,0,2.000000000000057,0.0038971920731114,Meal 1962 — Pizza (Continental)
186,1971,Sandwich,Italian,TYPE_A,3.4,145,291.06,291.06,0,0,161.0,256.0,242.75,10,2,0,0.0,0.0,Meal 1971 — Sandwich (Italian)
186,1993,Beverages,Thai,TYPE_A,3.4,145,117.43,116.43,0,0,298.0,296.0,307.0,0,3,0,-1.0,-0.0085888516705316,Meal 1993 — Beverages (Thai)
186,2104,Fish,Continental,TYPE_A,3.4,144,583.03,582.03,0,0,28.0,14.0,34.5,4,0,0,-1.0,-0.0017181244953009,Meal 2104 — Fish (Continental)
186,2126,Pasta,Italian,TYPE_A,3.4,143,507.31,509.31,0,0,41.0,40.0,27.5,6,2,0,2.0,0.0039268814670829,Meal 2126 — Pasta (Italian)
186,2139,Beverages,Indian,TYPE_A,3.4,145,292.03,292.03,0,0,26.0,28.0,27.0,0,1,0,0.0,0.0,Meal 2139 — Beverages (Indian)
186,2290,Rice Bowl,Indian,TYPE_A,3.4,145,259.96,259.96,0,0,325.0,539.0,402.0,8,1,0,0.0,0.0,Meal 2290 — Rice Bowl (Indian)
186,2304,Desert,Indian,TYPE_A,3.4,145,483.09,482.09,0,0,27.0,40.0,30.75,2,1,0,-1.0,-0.0020743014789769,Meal 2304 — Desert (Indian)
186,2306,Pasta,Italian,TYPE_A,3.4,145,242.53,335.62,1,0,28.0,14.0,34.25,6,2,0,93.09,0.2773672605923366,Meal 2306 — Pasta (Italian)
186,2322,Beverages,Continental,TYPE_A,3.4,145,354.11,352.11,0,0,53.0,107.0,80.5,0,0,0,-2.0,-0.005680043168328,Meal 2322 — Beverages (Continental)
186,2444,Seafood,Continental,TYPE_A,3.4,144,583.03,727.53,1,1,82.0,27.0,44.25,11,0,0,144.5,0.1986172391516501,Meal 2444 — Seafood (Continental)
186,2490,Salad,Italian,TYPE_A,3.4,145,281.36,280.36,0,0,176.0,216.0,152.25,9,2,0,-1.0,-0.0035668426309031,Meal 2490 — Salad (Italian)
186,2492,Desert,Indian,TYPE_A,3.4,145,445.23,447.23,0,0,41.0,27.0,27.0,2,1,0,2.0,0.0044719719160163,Meal 2492 — Desert (Indian)
186,2539,Beverages,Thai,TYPE_A,3.4,145,119.34,119.34,0,0,69.0,95.0,54.75,0,3,0,0.0,0.0,Meal 2539 — Beverages (Thai)
186,2569,Salad,Italian,TYPE_A,3.4,145,243.5,340.53,0,0,337.0,258.0,226.75,9,2,0,97.02999999999996,0.2849381845946024,Meal 2569 — Salad (Italian)
186,2577,Starters,Thai,TYPE_A,3.4,143,320.13,319.13,0,0,69.0,41.0,51.25,13,3,0,-1.0,-0.0031335192554758,Meal 2577 — Starters (Thai)
186,2581,Pizza,Continental,TYPE_A,3.4,145,512.19,513.19,0,0,190.0,150.0,287.5,7,0,0,1.0,0.0019485960365556,Meal 2581 — Pizza (Continental)
186,2631,Beverages,Indian,TYPE_A,3.4,145,152.35,152.35,0,0,42.0,41.0,40.75,0,1,0,0.0,0.0,Meal 2631 — Beverages (Indian)
186,2640,Starters,Thai,TYPE_A,3.4,145,321.13,319.13,0,0,80.0,54.0,98.0,13,3,0,-2.0,-0.0062670385109516,Meal 2640 — Starters (Thai)
186,2664,Salad,Italian,TYPE_A,3.4,145,242.5,339.53,0,0,216.0,257.0,185.5,9,2,0,97.02999999999996,0.2857773981680558,Meal 2664 — Salad (Italian)
186,2704,Other Snacks,Thai,TYPE_A,3.4,145,321.13,319.13,0,0,41.0,53.0,47.0,5,3,0,-2.0,-0.0062670385109516,Meal 2704 — Other Snacks (Thai)
186,2707,Beverages,Italian,TYPE_A,3.4,145,196.0,195.0,0,0,216.0,244.0,253.0,0,2,0,-1.0,-0.0051282051282051,Meal 2707 — Beverages (Italian)
186,2760,Other Snacks,Thai,TYPE_A,3.4,145,182.36,261.93,0,0,42.0,26.0,34.0,5,3,0,79.57,0.3037834535944718,Meal 2760 — Other Snacks (Thai)
186,2826,Sandwich,Italian,TYPE_A,3.4,145,327.92,327.92,0,0,150.0,297.0,189.25,10,2,0,0.0,0.0,Meal 2826 — Sandwich (Italian)
186,2867,Seafood,Continental,TYPE_A,3.4,145,727.53,727.53,0,0,95.0,54.0,53.75,11,0,0,0.0,0.0,Meal 2867 — Seafood (Continental)
186,2956,Fish,Continental,TYPE_A,3.4,116,292.03,582.03,0,0,15.0,27.0,41.0,4,0,0,290.0,0.4982561036372696,Meal 2956 — Fish (Continental)
